dt,cnt_id,cycle_id,event,location_name,end_location_name,cnt_type,days_since_last_event,days_until_free
2006-01-02,STNU2517447,STNU2517447_cycle_1,Передан_на_погрузку,Владивосток,Москва,40,0,28
2006-01-03,BUTU7001309,BUTU7001309_cycle_1,Передан_на_погрузку,Москва,Санкт-Петербург,20,0,24
2006-01-03,KNYU3537798,KNYU3537798_cycle_1,Передан_на_погрузку,Москва,Владивосток,20,0,40
2006-01-03,TOWU6899546,TOWU6899546_cycle_1,Передан_на_погрузку,Владивосток,Санкт-Петербург,20,0,43
2006-01-03,TOWU6899546,TOWU6899546_cycle_1,Прибыл_груженый,Владивосток,Санкт-Петербург,20,0,43
2006-01-04,STNU4510100,STNU4510100_cycle_1,Передан_на_погрузку,Москва,Санкт-Петербург,20,0,11
2006-01-04,STNU4510100,STNU4510100_cycle_1,Прибыл_груженый,Москва,Санкт-Петербург,20,0,11
2006-01-04,TOWU6899546,TOWU6899546_cycle_1,Отправлен_по_ЖД,Владивосток,Санкт-Петербург,20,1,42
2006-01-05,ERKU8324044,ERKU8324044_cycle_1,Передан_на_погрузку,Москва,Санкт-Петербург,40,0,38
2006-01-05,STNU4510100,STNU4510100_cycle_1,Отправлен_по_ЖД,Москва,Санкт-Петербург,20,1,10
2006-01-05,STNU4510100,STNU4510100_cycle_1,Прибыл_по_ЖД,Санкт-Петербург,Санкт-Петербург,20,0,10
2006-01-06,STNU4510100,STNU4510100_cycle_1,Отправлен_грузополучателю,Санкт-Петербург,Санкт-Петербург,20,1,9
2006-01-07,KNYU3537798,KNYU3537798_cycle_1,Прибыл_груженый,Москва,Владивосток,20,4,36
2006-01-07,TOWU3611630,TOWU3611630_cycle_1,Передан_на_погрузку,Владивосток,Санкт-Петербург,40,0,47
2006-01-08,KNYU5372067,KNYU5372067_cycle_1,Передан_на_погрузку,Владивосток,Москва,40,0,46
2006-01-09,KNYU3537798,KNYU3537798_cycle_1,Отправлен_по_ЖД,Москва,Владивосток,20,2,34
2006-01-11,CRTU3557936,CRTU3557936_cycle_1,Передан_на_погрузку,Москва,Владивосток,20,0,20
2006-01-12,KNYU8173059,KNYU8173059_cycle_1,Передан_на_погрузку,Москва,Владивосток,20,0,53
2006-01-13,CRTU1715325,CRTU1715325_cycle_1,Передан_на_погрузку,Санкт-Петербург,Владивосток,40,0,30
2006-01-13,CRTU3557936,CRTU3557936_cycle_1,Прибыл_груженый,Москва,Владивосток,20,2,18
2006-01-14,CRTU3557936,CRTU3557936_cycle_1,Отправлен_по_ЖД,Москва,Владивосток,20,1,17
2006-01-14,STNU1402586,STNU1402586_cycle_1,Передан_на_погрузку,Москва,Владивосток,20,0,53
2006-01-14,STNU2517447,STNU2517447_cycle_1,Прибыл_груженый,Владивосток,Москва,40,12,16
2006-01-14,STNU2517447,STNU2517447_cycle_1,Отправлен_по_ЖД,Владивосток,Москва,40,0,16
2006-01-14,WEDU4651205,WEDU4651205_cycle_1,Передан_на_погрузку,Владивосток,Санкт-Петербург,20,0,33
2006-01-14,WEDU8568487,WEDU8568487_cycle_1,Передан_на_погрузку,Москва,Владивосток,40,0,29
2006-01-14,WEDU9910122,WEDU9910122_cycle_1,Передан_на_погрузку,Санкт-Петербург,Москва,40,0,31
2006-01-15,KNYU9683883,KNYU9683883_cycle_1,Передан_на_погрузку,Владивосток,Санкт-Петербург,20,0,26
2006-01-15,STNU4510100,STNU4510100_cycle_1,Прибыл_свободным,Санкт-Петербург,Санкт-Петербург,20,9,0
2006-01-15,TOWU3611630,TOWU3611630_cycle_1,Прибыл_груженый,Владивосток,Санкт-Петербург,40,8,39
2006-01-16,BUTU7001309,BUTU7001309_cycle_1,Прибыл_груженый,Москва,Санкт-Петербург,20,13,11
2006-01-16,WEDU5817433,WEDU5817433_cycle_1,Передан_на_погрузку,Москва,Санкт-Петербург,20,0,17
2006-01-16,WEDU9910122,WEDU9910122_cycle_1,Прибыл_груженый,Санкт-Петербург,Москва,40,2,29
2006-01-16,WEDU9910122,WEDU9910122_cycle_1,Отправлен_по_ЖД,Санкт-Петербург,Москва,40,0,29
2006-01-16,WEDU9910122,WEDU9910122_cycle_1,Прибыл_по_ЖД,Москва,Москва,40,0,29
2006-01-17,BUTU7001309,BUTU7001309_cycle_1,Отправлен_по_ЖД,Москва,Санкт-Петербург,20,1,10
2006-01-18,WEDU9910122,WEDU9910122_cycle_1,Отправлен_грузополучателю,Москва,Москва,40,2,27
2006-01-19,TOWU3611630,TOWU3611630_cycle_1,Отправлен_по_ЖД,Владивосток,Санкт-Петербург,40,4,35
2006-01-20,KNYU5372067,KNYU5372067_cycle_1,Прибыл_груженый,Владивосток,Москва,40,12,34
2006-01-20,WEDU4651205,WEDU4651205_cycle_1,Прибыл_груженый,Владивосток,Санкт-Петербург,20,6,27
2006-01-21,BUTU7001309,BUTU7001309_cycle_1,Прибыл_по_ЖД,Санкт-Петербург,Санкт-Петербург,20,4,6
2006-01-21,CRTU1715325,CRTU1715325_cycle_1,Прибыл_груженый,Санкт-Петербург,Владивосток,40,8,22
2006-01-21,CRTU3557936,CRTU3557936_cycle_1,Прибыл_по_ЖД,Владивосток,Владивосток,20,7,10
2006-01-21,KNYU3537798,KNYU3537798_cycle_1,Прибыл_по_ЖД,Владивосток,Владивосток,20,12,22
2006-01-21,KNYU9683883,KNYU9683883_cycle_1,Прибыл_груженый,Владивосток,Санкт-Петербург,20,6,20
2006-01-21,KNYU9683883,KNYU9683883_cycle_1,Отправлен_по_ЖД,Владивосток,Санкт-Петербург,20,0,20
2006-01-21,TOWU2984334,TOWU2984334_cycle_1,Передан_на_погрузку,Москва,Владивосток,40,0,39
2006-01-22,BUTU7001309,BUTU7001309_cycle_1,Отправлен_грузополучателю,Санкт-Петербург,Санкт-Петербург,20,1,5
2006-01-22,CRTU1715325,CRTU1715325_cycle_1,Отправлен_по_ЖД,Санкт-Петербург,Владивосток,40,1,21
2006-01-22,KNYU5372067,KNYU5372067_cycle_1,Отправлен_по_ЖД,Владивосток,Москва,40,2,32
2006-01-22,WEDU4651205,WEDU4651205_cycle_1,Отправлен_по_ЖД,Владивосток,Санкт-Петербург,20,2,25
2006-01-23,BUTU4321000,BUTU4321000_cycle_1,Передан_на_погрузку,Москва,Санкт-Петербург,40,0,18
2006-01-23,CRTU3557936,CRTU3557936_cycle_1,Отправлен_грузополучателю,Владивосток,Владивосток,20,2,8
2006-01-23,KNYU3021654,KNYU3021654_cycle_1,Передан_на_погрузку,Владивосток,Москва,40,0,36
2006-01-23,TIMU8061928,TIMU8061928_cycle_1,Передан_на_погрузку,Владивосток,Санкт-Петербург,20,0,62
2006-01-24,CRTU3557001,CRTU3557001_cycle_1,Передан_на_погрузку,Москва,Владивосток,20,0,56
2006-01-24,ERKU8324044,ERKU8324044_cycle_1,Прибыл_груженый,Москва,Санкт-Петербург,40,19,19
2006-01-24,KNYU3537798,KNYU3537798_cycle_1,Отправлен_грузополучателю,Владивосток,Владивосток,20,3,19
2006-01-24,STNU9487869,STNU9487869_cycle_1,Передан_на_погрузку,Санкт-Петербург,Москва,40,0,43
2006-01-24,WEDU8568487,WEDU8568487_cycle_1,Прибыл_груженый,Москва,Владивосток,40,10,19
2006-01-24,WEDU8568487,WEDU8568487_cycle_1,Отправлен_по_ЖД,Москва,Владивосток,40,0,19
2006-01-25,ERKU8324044,ERKU8324044_cycle_1,Отправлен_по_ЖД,Москва,Санкт-Петербург,40,1,18
2006-01-25,STNU2517447,STNU2517447_cycle_1,Прибыл_по_ЖД,Москва,Москва,40,11,5
2006-01-25,STNU3092282,STNU3092282_cycle_1,Передан_на_погрузку,Санкт-Петербург,Владивосток,40,0,48
2006-01-25,TOWU2984334,TOWU2984334_cycle_1,Прибыл_груженый,Москва,Владивосток,40,4,35
2006-01-25,TOWU6899546,TOWU6899546_cycle_1,Прибыл_по_ЖД,Санкт-Петербург,Санкт-Петербург,20,21,21
2006-01-26,ERKU8324044,ERKU8324044_cycle_1,Прибыл_по_ЖД,Санкт-Петербург,Санкт-Петербург,40,1,17
2006-01-26,STNU2517447,STNU2517447_cycle_1,Отправлен_грузополучателю,Москва,Москва,40,1,4
2006-01-26,TIMU5293271,TIMU5293271_cycle_1,Передан_на_погрузку,Москва,Санкт-Петербург,20,0,37
2006-01-26,TOWU2984334,TOWU2984334_cycle_1,Отправлен_по_ЖД,Москва,Владивосток,40,1,34
2006-01-26,TOWU6899546,TOWU6899546_cycle_1,Отправлен_грузополучателю,Санкт-Петербург,Санкт-Петербург,20,1,20
2006-01-27,BUTU7001309,BUTU7001309_cycle_1,Прибыл_свободным,Санкт-Петербург,Санкт-Петербург,20,5,0
2006-01-27,ERKU8324044,ERKU8324044_cycle_1,Отправлен_грузополучателю,Санкт-Петербург,Санкт-Петербург,40,1,16
2006-01-27,KNYU3021654,KNYU3021654_cycle_1,Прибыл_груженый,Владивосток,Москва,40,4,32
2006-01-27,STNU1402586,STNU1402586_cycle_1,Прибыл_груженый,Москва,Владивосток,20,13,40
2006-01-27,WEDU2249581,WEDU2249581_cycle_1,Передан_на_погрузку,Владивосток,Санкт-Петербург,20,0,23
2006-01-28,ERKU8281105,ERKU8281105_cycle_1,Передан_на_погрузку,Санкт-Петербург,Москва,40,0,43
2006-01-28,TIMU7736033,TIMU7736033_cycle_1,Передан_на_погрузку,Санкт-Петербург,Москва,20,0,28
2006-01-28,WEDU6654977,WEDU6654977_cycle_1,Передан_на_погрузку,Санкт-Петербург,Москва,20,0,43
2006-01-29,BUTU2391445,BUTU2391445_cycle_1,Передан_на_погрузку,Владивосток,Москва,20,0,44
2006-01-29,CRTU2183954,CRTU2183954_cycle_1,Передан_на_погрузку,Санкт-Петербург,Москва,40,0,43
2006-01-29,KNYU1033833,KNYU1033833_cycle_1,Передан_на_погрузку,Владивосток,Санкт-Петербург,40,0,54
2006-01-29,KNYU5786200,KNYU5786200_cycle_1,Передан_на_погрузку,Москва,Санкт-Петербург,20,0,27
2006-01-29,STNU1402586,STNU1402586_cycle_1,Отправлен_по_ЖД,Москва,Владивосток,20,2,38
2006-01-29,TIMU5293271,TIMU5293271_cycle_1,Прибыл_груженый,Москва,Санкт-Петербург,20,3,34
2006-01-29,WEDU5817433,WEDU5817433_cycle_1,Прибыл_груженый,Москва,Санкт-Петербург,20,13,4
2006-01-30,CRTU2093770,CRTU2093770_cycle_1,Передан_на_погрузку,Владивосток,Санкт-Петербург,40,0,56
2006-01-30,CRTU6264170,CRTU6264170_cycle_1,Передан_на_погрузку,Санкт-Петербург,Москва,40,0,35
2006-01-30,ERKU3509749,ERKU3509749_cycle_1,Передан_на_погрузку,Владивосток,Санкт-Петербург,20,0,24
2006-01-30,ERKU3509749,ERKU3509749_cycle_1,Прибыл_груженый,Владивосток,Санкт-Петербург,20,0,24
2006-01-30,ERKU5797068,ERKU5797068_cycle_1,Передан_на_погрузку,Владивосток,Москва,40,0,47
2006-01-30,KNYU8173059,KNYU8173059_cycle_1,Прибыл_груженый,Москва,Владивосток,20,18,35
2006-01-30,STNU2517447,STNU2517447_cycle_1,Прибыл_свободным,Москва,Москва,40,4,0
2006-01-30,TIMU1636645,TIMU1636645_cycle_1,Передан_на_погрузку,Санкт-Петербург,Владивосток,20,0,47
2006-01-30,TIMU5165088,TIMU5165088_cycle_1,Передан_на_погрузку,Владивосток,Санкт-Петербург,40,0,51
2006-01-30,TOWU9896330,TOWU9896330_cycle_1,Передан_на_погрузку,Москва,Владивосток,40,0,41
2006-01-30,WEDU5817433,WEDU5817433_cycle_1,Отправлен_по_ЖД,Москва,Санкт-Петербург,20,1,3
2006-01-31,CRTU3557936,CRTU3557936_cycle_1,Прибыл_свободным,Владивосток,Владивосток,20,8,0
2006-01-31,CRTU8128829,CRTU8128829_cycle_1,Передан_на_погрузку,Владивосток,Москва,20,0,48
2006-01-31,KNYU3021654,KNYU3021654_cycle_1,Отправлен_по_ЖД,Владивосток,Москва,40,4,28
2006-01-31,KNYU8173059,KNYU8173059_cycle_1,Отправлен_по_ЖД,Москва,Владивосток,20,1,34
2006-01-31,TIMU5165088,TIMU5165088_cycle_1,Прибыл_груженый,Владивосток,Санкт-Петербург,40,1,50
2006-01-31,TIMU5293271,TIMU5293271_cycle_1,Отправлен_по_ЖД,Москва,Санкт-Петербург,20,2,32
2006-01-31,TIMU8061928,TIMU8061928_cycle_1,Прибыл_груженый,Владивосток,Санкт-Петербург,20,8,54
2006-01-31,WEDU2249581,WEDU2249581_cycle_1,Прибыл_груженый,Владивосток,Санкт-Петербург,20,4,19
2006-01-31,WEDU5817433,WEDU5817433_cycle_1,Прибыл_по_ЖД,Санкт-Петербург,Санкт-Петербург,20,1,2
2006-01-31,WEDU5817433,WEDU5817433_cycle_1,Отправлен_грузополучателю,Санкт-Петербург,Санкт-Петербург,20,0,2
2006-02-01,ERKU3509749,ERKU3509749_cycle_1,Отправлен_по_ЖД,Владивосток,Санкт-Петербург,20,2,22
2006-02-01,STNU2356703,STNU2356703_cycle_1,Передан_на_погрузку,Санкт-Петербург,Владивосток,40,0,56
2006-02-01,TIMU5165088,TIMU5165088_cycle_1,Отправлен_по_ЖД,Владивосток,Санкт-Петербург,40,1,49
2006-02-01,TIMU7736033,TIMU7736033_cycle_1,Прибыл_груженый,Санкт-Петербург,Москва,20,4,24
2006-02-01,TOWU2984334,TOWU2984334_cycle_1,Прибыл_по_ЖД,Владивосток,Владивосток,40,6,28
2006-02-01,TOWU3611630,TOWU3611630_cycle_1,Прибыл_по_ЖД,Санкт-Петербург,Санкт-Петербург,40,13,22
2006-02-02,TIMU6180706,TIMU6180706_cycle_1,Передан_на_погрузку,Санкт-Петербург,Москва,40,0,47
2006-02-02,TIMU8061928,TIMU8061928_cycle_1,Отправлен_по_ЖД,Владивосток,Санкт-Петербург,20,2,52
2006-02-02,WEDU5817433,WEDU5817433_cycle_1,Прибыл_свободным,Санкт-Петербург,Санкт-Петербург,20,2,0
2006-02-03,CRTU1521773,CRTU1521773_cycle_1,Передан_на_погрузку,Владивосток,Москва,20,0,40
2006-02-03,CRTU3557936,CRTU3557936_cycle_2,Передан_на_погрузку,Владивосток,Санкт-Петербург,20,0,37
2006-02-03,KNYU9683883,KNYU9683883_cycle_1,Прибыл_по_ЖД,Санкт-Петербург,Санкт-Петербург,20,13,7
2006-02-03,TIMU8250428,TIMU8250428_cycle_1,Передан_на_погрузку,Владивосток,Санкт-Петербург,20,0,51
2006-02-03,WEDU2249581,WEDU2249581_cycle_1,Отправлен_по_ЖД,Владивосток,Санкт-Петербург,20,3,16
2006-02-03,WEDU7707795,WEDU7707795_cycle_1,Передан_на_погрузку,Владивосток,Санкт-Петербург,40,0,37
2006-02-04,CRTU8114609,CRTU8114609_cycle_1,Передан_на_погрузку,Москва,Санкт-Петербург,20,0,30
2006-02-04,ERKU4123975,ERKU4123975_cycle_1,Передан_на_погрузку,Санкт-Петербург,Владивосток,40,0,50
2006-02-04,KNYU9683883,KNYU9683883_cycle_1,Отправлен_грузополучателю,Санкт-Петербург,Санкт-Петербург,20,1,6
2006-02-04,TIMU5293271,TIMU5293271_cycle_1,Прибыл_по_ЖД,Санкт-Петербург,Санкт-Петербург,20,4,28
2006-02-04,TIMU7736033,TIMU7736033_cycle_1,Отправлен_по_ЖД,Санкт-Петербург,Москва,20,3,21
2006-02-04,TOWU2984334,TOWU2984334_cycle_1,Отправлен_грузополучателю,Владивосток,Владивосток,40,3,25
2006-02-04,WEDU4651205,WEDU4651205_cycle_1,Прибыл_по_ЖД,Санкт-Петербург,Санкт-Петербург,20,13,12
2006-02-05,BUTU1300953,BUTU1300953_cycle_1,Передан_на_погрузку,Владивосток,Москва,40,0,56
2006-02-05,BUTU8729025,BUTU8729025_cycle_1,Передан_на_погрузку,Москва,Владивосток,40,0,39
2006-02-05,STNU2517447,STNU2517447_cycle_2,Передан_на_погрузку,Москва,Владивосток,40,0,45
2006-02-05,STNU9767317,STNU9767317_cycle_1,Передан_на_погрузку,Санкт-Петербург,Владивосток,20,0,37
2006-02-05,TIMU5293271,TIMU5293271_cycle_1,Отправлен_грузополучателю,Санкт-Петербург,Санкт-Петербург,20,1,27
2006-02-05,TOWU3611630,TOWU3611630_cycle_1,Отправлен_грузополучателю,Санкт-Петербург,Санкт-Петербург,40,4,18
2006-02-05,WEDU2383938,WEDU2383938_cycle_1,Передан_на_погрузку,Санкт-Петербург,Владивосток,20,0,29
2006-02-06,CRTU3557001,CRTU3557001_cycle_1,Прибыл_груженый,Москва,Владивосток,20,13,43
2006-02-06,KNYU5372067,KNYU5372067_cycle_1,Прибыл_по_ЖД,Москва,Москва,40,15,17
2006-02-07,BUTU4321000,BUTU4321000_cycle_1,Прибыл_груженый,Москва,Санкт-Петербург,40,15,3
2006-02-07,CRTU1715325,CRTU1715325_cycle_1,Прибыл_по_ЖД,Владивосток,Владивосток,40,16,5
2006-02-07,WEDU4651205,WEDU4651205_cycle_1,Отправлен_грузополучателю,Санкт-Петербург,Санкт-Петербург,20,3,9
2006-02-07,WEDU6876299,WEDU6876299_cycle_1,Передан_на_погрузку,Москва,Владивосток,20,0,41
2006-02-07,WEDU8568487,WEDU8568487_cycle_1,Прибыл_по_ЖД,Владивосток,Владивосток,40,14,5
2006-02-08,BUTU4321000,BUTU4321000_cycle_1,Отправлен_по_ЖД,Москва,Санкт-Петербург,40,1,2
2006-02-08,CRTU3557001,CRTU3557001_cycle_1,Отправлен_по_ЖД,Москва,Владивосток,20,2,41
2006-02-08,KNYU5372067,KNYU5372067_cycle_1,Отправлен_грузополучателю,Москва,Москва,40,2,15
2006-02-08,STNU4919514,STNU4919514_cycle_1,Передан_на_погрузку,Санкт-Петербург,Владивосток,40,0,54
2006-02-08,TIMU3656871,TIMU3656871_cycle_1,Передан_на_погрузку,Владивосток,Москва,20,0,31
2006-02-08,TIMU7736033,TIMU7736033_cycle_1,Прибыл_по_ЖД,Москва,Москва,20,4,17
2006-02-08,WEDU6654977,WEDU6654977_cycle_1,Прибыл_груженый,Санкт-Петербург,Москва,20,11,32
2006-02-09,BUTU4321000,BUTU4321000_cycle_1,Прибыл_по_ЖД,Санкт-Петербург,Санкт-Петербург,40,1,1
2006-02-09,BUTU8954572,BUTU8954572_cycle_1,Передан_на_погрузку,Санкт-Петербург,Москва,40,0,28
2006-02-09,CRTU5834937,CRTU5834937_cycle_1,Передан_на_погрузку,Санкт-Петербург,Владивосток,20,0,29
2006-02-09,STNU9487869,STNU9487869_cycle_1,Прибыл_груженый,Санкт-Петербург,Москва,40,16,27
2006-02-09,TIMU1636645,TIMU1636645_cycle_1,Прибыл_груженый,Санкт-Петербург,Владивосток,20,10,37
2006-02-09,TOWU2835826,TOWU2835826_cycle_1,Передан_на_погрузку,Владивосток,Москва,40,0,45
2006-02-09,WEDU6654977,WEDU6654977_cycle_1,Отправлен_по_ЖД,Санкт-Петербург,Москва,20,1,31
2006-02-09,WEDU8568487,WEDU8568487_cycle_1,Отправлен_грузополучателю,Владивосток,Владивосток,40,2,3
2006-02-10,BUTU4321000,BUTU4321000_cycle_1,Отправлен_грузополучателю,Санкт-Петербург,Санкт-Петербург,40,1,0
2006-02-10,BUTU4321000,BUTU4321000_cycle_1,Прибыл_свободным,Санкт-Петербург,Санкт-Петербург,40,0,0
2006-02-10,BUTU8729025,BUTU8729025_cycle_1,Прибыл_груженый,Москва,Владивосток,40,5,34
2006-02-10,ERKU5797068,ERKU5797068_cycle_1,Прибыл_груженый,Владивосток,Москва,40,11,36
2006-02-10,KNYU9683883,KNYU9683883_cycle_1,Прибыл_свободным,Санкт-Петербург,Санкт-Петербург,20,6,0
2006-02-10,TIMU7736033,TIMU7736033_cycle_1,Отправлен_грузополучателю,Москва,Москва,20,2,15
2006-02-11,BUTU8729025,BUTU8729025_cycle_1,Отправлен_по_ЖД,Москва,Владивосток,40,1,33
2006-02-11,CRTU1715325,CRTU1715325_cycle_1,Отправлен_грузополучателю,Владивосток,Владивосток,40,4,1
2006-02-11,CRTU2093770,CRTU2093770_cycle_1,Прибыл_груженый,Владивосток,Санкт-Петербург,40,12,44
2006-02-11,CRTU6264170,CRTU6264170_cycle_1,Прибыл_груженый,Санкт-Петербург,Москва,40,12,23
2006-02-11,ERKU8281105,ERKU8281105_cycle_1,Прибыл_груженый,Санкт-Петербург,Москва,40,14,29
2006-02-11,KNYU1437543,KNYU1437543_cycle_1,Передан_на_погрузку,Санкт-Петербург,Владивосток,20,0,46
2006-02-11,KNYU3021654,KNYU3021654_cycle_1,Прибыл_по_ЖД,Москва,Москва,40,11,17
2006-02-11,STNU2794431,STNU2794431_cycle_1,Передан_на_погрузку,Санкт-Петербург,Владивосток,20,0,27
2006-02-11,STNU3092282,STNU3092282_cycle_1,Прибыл_груженый,Санкт-Петербург,Владивосток,40,17,31
2006-02-11,STNU4510100,STNU4510100_cycle_2,Передан_на_погрузку,Санкт-Петербург,Москва,20,0,15
2006-02-11,TIMU1636645,TIMU1636645_cycle_1,Отправлен_по_ЖД,Санкт-Петербург,Владивосток,20,2,35
2006-02-11,TOWU7931879,TOWU7931879_cycle_1,Передан_на_погрузку,Санкт-Петербург,Москва,40,0,43
2006-02-11,TOWU8351331,TOWU8351331_cycle_1,Передан_на_погрузку,Владивосток,Москва,20,0,33
2006-02-11,WEDU6654977,WEDU6654977_cycle_1,Прибыл_по_ЖД,Москва,Москва,20,2,29
2006-02-11,WEDU7707795,WEDU7707795_cycle_1,Прибыл_груженый,Владивосток,Санкт-Петербург,40,8,29
2006-02-12,CRTU1715325,CRTU1715325_cycle_1,Прибыл_свободным,Владивосток,Владивосток,40,1,0
2006-02-12,CRTU2093770,CRTU2093770_cycle_1,Отправлен_по_ЖД,Владивосток,Санкт-Петербург,40,1,43
2006-02-12,ERKU3509749,ERKU3509749_cycle_1,Прибыл_по_ЖД,Санкт-Петербург,Санкт-Петербург,20,11,11
2006-02-12,ERKU3509749,ERKU3509749_cycle_1,Отправлен_грузополучателю,Санкт-Петербург,Санкт-Петербург,20,0,11
2006-02-12,ERKU5797068,ERKU5797068_cycle_1,Отправлен_по_ЖД,Владивосток,Москва,40,2,34
2006-02-12,ERKU8324044,ERKU8324044_cycle_1,Прибыл_свободным,Санкт-Петербург,Санкт-Петербург,40,16,0
2006-02-12,KNYU3021654,KNYU3021654_cycle_1,Отправлен_грузополучателю,Москва,Москва,40,1,16
2006-02-12,KNYU3537798,KNYU3537798_cycle_1,Прибыл_свободным,Владивосток,Владивосток,20,19,0
2006-02-12,KNYU8798891,KNYU8798891_cycle_1,Передан_на_погрузку,Москва,Санкт-Петербург,20,0,36
2006-02-12,STNU1402586,STNU1402586_cycle_1,Прибыл_по_ЖД,Владивосток,Владивосток,20,14,24
2006-02-12,STNU3092282,STNU3092282_cycle_1,Отправлен_по_ЖД,Санкт-Петербург,Владивосток,40,1,30
2006-02-12,TIMU3656871,TIMU3656871_cycle_1,Прибыл_груженый,Владивосток,Москва,20,4,27
2006-02-12,TOWU8351331,TOWU8351331_cycle_1,Прибыл_груженый,Владивосток,Москва,20,1,32
2006-02-12,TOWU8351331,TOWU8351331_cycle_1,Отправлен_по_ЖД,Владивосток,Москва,20,0,32
2006-02-12,WEDU6654977,WEDU6654977_cycle_1,Отправлен_грузополучателю,Москва,Москва,20,1,28
2006-02-12,WEDU7707795,WEDU7707795_cycle_1,Отправлен_по_ЖД,Владивосток,Санкт-Петербург,40,1,28
2006-02-12,WEDU8568487,WEDU8568487_cycle_1,Прибыл_свободным,Владивосток,Владивосток,40,3,0
2006-02-13,BUTU2391445,BUTU2391445_cycle_1,Прибыл_груженый,Владивосток,Москва,20,15,29
2006-02-13,ERKU4123975,ERKU4123975_cycle_1,Прибыл_груженый,Санкт-Петербург,Владивосток,40,9,41
2006-02-13,KNYU1033833,KNYU1033833_cycle_1,Прибыл_груженый,Владивосток,Санкт-Петербург,40,15,39
2006-02-13,KNYU7944727,KNYU7944727_cycle_1,Передан_на_погрузку,Санкт-Петербург,Владивосток,20,0,36
2006-02-13,STNU9487869,STNU9487869_cycle_1,Отправлен_по_ЖД,Санкт-Петербург,Москва,40,4,23
2006-02-13,TIMU3656871,TIMU3656871_cycle_1,Отправлен_по_ЖД,Владивосток,Москва,20,1,26
2006-02-13,TIMU6180706,TIMU6180706_cycle_1,Прибыл_груженый,Санкт-Петербург,Москва,40,11,36
2006-02-13,WEDU2383938,WEDU2383938_cycle_1,Прибыл_груженый,Санкт-Петербург,Владивосток,20,8,21
2006-02-14,BUTU4321000,BUTU4321000_cycle_2,Передан_на_погрузку,Санкт-Петербург,Москва,40,0,8
2006-02-14,BUTU4321000,BUTU4321000_cycle_2,Прибыл_груженый,Санкт-Петербург,Москва,40,0,8
2006-02-14,ERKU4123975,ERKU4123975_cycle_1,Отправлен_по_ЖД,Санкт-Петербург,Владивосток,40,1,40
2006-02-14,ERKU8281105,ERKU8281105_cycle_1,Отправлен_по_ЖД,Санкт-Петербург,Москва,40,3,26
2006-02-14,ERKU8281105,ERKU8281105_cycle_1,Прибыл_по_ЖД,Москва,Москва,40,0,26
2006-02-14,KNYU1824938,KNYU1824938_cycle_1,Передан_на_погрузку,Москва,Санкт-Петербург,20,0,43
2006-02-14,KNYU4619290,KNYU4619290_cycle_1,Передан_на_погрузку,Санкт-Петербург,Владивосток,40,0,33
2006-02-14,KNYU4619290,KNYU4619290_cycle_1,Прибыл_груженый,Санкт-Петербург,Владивосток,40,0,33
2006-02-14,KNYU5786200,KNYU5786200_cycle_1,Прибыл_груженый,Москва,Санкт-Петербург,20,16,11
2006-02-14,STNU1402586,STNU1402586_cycle_1,Отправлен_грузополучателю,Владивосток,Владивосток,20,2,22
2006-02-14,STNU2356703,STNU2356703_cycle_1,Прибыл_груженый,Санкт-Петербург,Владивосток,40,13,43
2006-02-14,STNU2517447,STNU2517447_cycle_2,Прибыл_груженый,Москва,Владивосток,40,9,36
2006-02-14,TIMU6180706,TIMU6180706_cycle_1,Отправлен_по_ЖД,Санкт-Петербург,Москва,40,1,35
2006-02-14,TIMU6180706,TIMU6180706_cycle_1,Прибыл_по_ЖД,Москва,Москва,40,0,35
2006-02-14,TIMU6180706,TIMU6180706_cycle_1,Отправлен_грузополучателю,Москва,Москва,40,0,35
2006-02-14,WEDU9910122,WEDU9910122_cycle_1,Прибыл_свободным,Москва,Москва,40,27,0
2006-02-15,CRTU2183954,CRTU2183954_cycle_1,Прибыл_груженый,Санкт-Петербург,Москва,40,17,26
2006-02-15,CRTU6264170,CRTU6264170_cycle_1,Отправлен_по_ЖД,Санкт-Петербург,Москва,40,4,19
2006-02-15,CRTU6264170,CRTU6264170_cycle_1,Прибыл_по_ЖД,Москва,Москва,40,0,19
2006-02-15,CRTU8114609,CRTU8114609_cycle_1,Прибыл_груженый,Москва,Санкт-Петербург,20,11,19
2006-02-15,ERKU3123425,ERKU3123425_cycle_1,Передан_на_погрузку,Владивосток,Санкт-Петербург,20,0,47
2006-02-15,ERKU8281105,ERKU8281105_cycle_1,Отправлен_грузополучателю,Москва,Москва,40,1,25
2006-02-15,KNYU1033833,KNYU1033833_cycle_1,Отправлен_по_ЖД,Владивосток,Санкт-Петербург,40,2,37
2006-02-15,KNYU4619290,KNYU4619290_cycle_1,Отправлен_по_ЖД,Санкт-Петербург,Владивосток,40,1,32
2006-02-15,KNYU6806102,KNYU6806102_cycle_1,Передан_на_погрузку,Владивосток,Москва,20,0,40
2006-02-15,TOWU6899546,TOWU6899546_cycle_1,Прибыл_свободным,Санкт-Петербург,Санкт-Петербург,20,20,0
2006-02-15,TOWU6899546,TOWU6899546_cycle_2,Передан_на_погрузку,Санкт-Петербург,Владивосток,20,0,59
2006-02-15,TOWU9896330,TOWU9896330_cycle_1,Прибыл_груженый,Москва,Владивосток,40,16,25
2006-02-15,WEDU2383938,WEDU2383938_cycle_1,Отправлен_по_ЖД,Санкт-Петербург,Владивосток,20,2,19
2006-02-15,WEDU6876299,WEDU6876299_cycle_1,Прибыл_груженый,Москва,Владивосток,20,8,33
2006-02-16,BUTU1300953,BUTU1300953_cycle_1,Прибыл_груженый,Владивосток,Москва,40,11,45
2006-02-16,BUTU2391445,BUTU2391445_cycle_1,Отправлен_по_ЖД,Владивосток,Москва,20,3,26
2006-02-16,BUTU4321000,BUTU4321000_cycle_2,Отправлен_по_ЖД,Санкт-Петербург,Москва,40,2,6
2006-02-16,CRTU1521773,CRTU1521773_cycle_1,Прибыл_груженый,Владивосток,Москва,20,13,27
2006-02-16,CRTU2183954,CRTU2183954_cycle_1,Отправлен_по_ЖД,Санкт-Петербург,Москва,40,1,25
2006-02-16,CRTU5834937,CRTU5834937_cycle_1,Прибыл_груженый,Санкт-Петербург,Владивосток,20,7,22
2006-02-16,CRTU6264170,CRTU6264170_cycle_1,Отправлен_грузополучателю,Москва,Москва,40,1,18
2006-02-16,CRTU8114609,CRTU8114609_cycle_1,Отправлен_по_ЖД,Москва,Санкт-Петербург,20,1,18
2006-02-16,CRTU8114609,CRTU8114609_cycle_1,Прибыл_по_ЖД,Санкт-Петербург,Санкт-Петербург,20,0,18
2006-02-16,KNYU5786200,KNYU5786200_cycle_1,Отправлен_по_ЖД,Москва,Санкт-Петербург,20,2,9
2006-02-16,KNYU8173059,KNYU8173059_cycle_1,Прибыл_по_ЖД,Владивосток,Владивосток,20,16,18
2006-02-16,STNU2356703,STNU2356703_cycle_1,Отправлен_по_ЖД,Санкт-Петербург,Владивосток,40,2,41
2006-02-16,STNU2517447,STNU2517447_cycle_2,Отправлен_по_ЖД,Москва,Владивосток,40,2,34
2006-02-16,STNU4919514,STNU4919514_cycle_1,Прибыл_груженый,Санкт-Петербург,Владивосток,40,8,46
2006-02-16,STNU9487869,STNU9487869_cycle_1,Прибыл_по_ЖД,Москва,Москва,40,3,20
2006-02-16,TIMU3631350,TIMU3631350_cycle_1,Передан_на_погрузку,Санкт-Петербург,Владивосток,20,0,58
2006-02-16,TOWU8381849,TOWU8381849_cycle_1,Передан_на_погрузку,Владивосток,Москва,20,0,20
2006-02-16,WEDU4651205,WEDU4651205_cycle_1,Прибыл_свободным,Санкт-Петербург,Санкт-Петербург,20,9,0
2006-02-16,WEDU6876299,WEDU6876299_cycle_1,Отправлен_по_ЖД,Москва,Владивосток,20,1,32
2006-02-17,BUTU1300953,BUTU1300953_cycle_1,Отправлен_по_ЖД,Владивосток,Москва,40,1,44
2006-02-17,CRTU8114609,CRTU8114609_cycle_1,Отправлен_грузополучателю,Санкт-Петербург,Санкт-Петербург,20,1,17
2006-02-17,STNU9487869,STNU9487869_cycle_1,Отправлен_грузополучателю,Москва,Москва,40,1,19
2006-02-17,STNU9845862,STNU9845862_cycle_1,Передан_на_погрузку,Санкт-Петербург,Москва,40,0,8
2006-02-17,TIMU6310893,TIMU6310893_cycle_1,Передан_на_погрузку,Москва,Санкт-Петербург,40,0,36
2006-02-17,WEDU7000544,WEDU7000544_cycle_1,Передан_на_погрузку,Владивосток,Санкт-Петербург,20,0,46
2006-02-18,CRTU1521773,CRTU1521773_cycle_1,Отправлен_по_ЖД,Владивосток,Москва,20,2,25
2006-02-18,CRTU5834937,CRTU5834937_cycle_1,Отправлен_по_ЖД,Санкт-Петербург,Владивосток,20,2,20
2006-02-18,KNYU5786200,KNYU5786200_cycle_1,Прибыл_по_ЖД,Санкт-Петербург,Санкт-Петербург,20,2,7
2006-02-18,KNYU7944727,KNYU7944727_cycle_1,Прибыл_груженый,Санкт-Петербург,Владивосток,20,5,31
2006-02-18,TIMU5165088,TIMU5165088_cycle_1,Прибыл_по_ЖД,Санкт-Петербург,Санкт-Петербург,40,17,32
2006-02-18,TOWU2940273,TOWU2940273_cycle_1,Передан_на_погрузку,Москва,Владивосток,40,0,37
2006-02-18,TOWU5892461,TOWU5892461_cycle_1,Передан_на_погрузку,Владивосток,Санкт-Петербург,40,0,68
2006-02-18,TOWU9896330,TOWU9896330_cycle_1,Отправлен_по_ЖД,Москва,Владивосток,40,3,22
2006-02-18,WEDU2249581,WEDU2249581_cycle_1,Прибыл_по_ЖД,Санкт-Петербург,Санкт-Петербург,20,15,1
2006-02-18,WEDU4651205,WEDU4651205_cycle_2,Передан_на_погрузку,Санкт-Петербург,Владивосток,20,0,42
2006-02-18,WEDU5817433,WEDU5817433_cycle_2,Передан_на_погрузку,Санкт-Петербург,Владивосток,20,0,55
2006-02-18,WEDU6874585,WEDU6874585_cycle_1,Передан_на_погрузку,Москва,Владивосток,20,0,54
2006-02-19,BUTU4321000,BUTU4321000_cycle_2,Прибыл_по_ЖД,Москва,Москва,40,3,3
2006-02-19,CRTU2183954,CRTU2183954_cycle_1,Прибыл_по_ЖД,Москва,Москва,40,3,22
2006-02-19,CRTU3557936,CRTU3557936_cycle_2,Прибыл_груженый,Владивосток,Санкт-Петербург,20,16,21
2006-02-19,KNYU1824938,KNYU1824938_cycle_1,Прибыл_груженый,Москва,Санкт-Петербург,20,5,38
2006-02-19,KNYU5786200,KNYU5786200_cycle_1,Отправлен_грузополучателю,Санкт-Петербург,Санкт-Петербург,20,1,6
2006-02-19,KNYU7944727,KNYU7944727_cycle_1,Отправлен_по_ЖД,Санкт-Петербург,Владивосток,20,1,30
2006-02-19,STNU4919514,STNU4919514_cycle_1,Отправлен_по_ЖД,Санкт-Петербург,Владивосток,40,3,43
2006-02-19,STNU9767317,STNU9767317_cycle_1,Прибыл_груженый,Санкт-Петербург,Владивосток,20,14,23
2006-02-19,TIMU3137493,TIMU3137493_cycle_1,Передан_на_погрузку,Владивосток,Санкт-Петербург,40,0,30
2006-02-19,WEDU2249581,WEDU2249581_cycle_1,Отправлен_грузополучателю,Санкт-Петербург,Санкт-Петербург,20,1,0
2006-02-19,WEDU2249581,WEDU2249581_cycle_1,Прибыл_свободным,Санкт-Петербург,Санкт-Петербург,20,0,0
2006-02-20,BUTU4321000,BUTU4321000_cycle_2,Отправлен_грузополучателю,Москва,Москва,40,1,2
2006-02-20,BUTU9513169,BUTU9513169_cycle_1,Передан_на_погрузку,Москва,Владивосток,40,0,20
2006-02-20,CRTU3557936,CRTU3557936_cycle_2,Отправлен_по_ЖД,Владивосток,Санкт-Петербург,20,1,20
2006-02-20,CRTU8128829,CRTU8128829_cycle_1,Прибыл_груженый,Владивосток,Москва,20,20,28
2006-02-20,KNYU8173059,KNYU8173059_cycle_1,Отправлен_грузополучателю,Владивосток,Владивосток,20,4,14
2006-02-20,KNYU8798891,KNYU8798891_cycle_1,Прибыл_груженый,Москва,Санкт-Петербург,20,8,28
2006-02-20,STNU2794431,STNU2794431_cycle_1,Прибыл_груженый,Санкт-Петербург,Владивосток,20,9,18
2006-02-20,STNU9767317,STNU9767317_cycle_1,Отправлен_по_ЖД,Санкт-Петербург,Владивосток,20,1,22
2006-02-20,STNU9845862,STNU9845862_cycle_1,Прибыл_груженый,Санкт-Петербург,Москва,40,3,5
2006-02-20,TIMU3137493,TIMU3137493_cycle_1,Прибыл_груженый,Владивосток,Санкт-Петербург,40,1,29
2006-02-20,TIMU5165088,TIMU5165088_cycle_1,Отправлен_грузополучателю,Санкт-Петербург,Санкт-Петербург,40,2,30
2006-02-21,KNYU1824938,KNYU1824938_cycle_1,Отправлен_по_ЖД,Москва,Санкт-Петербург,20,2,36
2006-02-21,KNYU1824938,KNYU1824938_cycle_1,Прибыл_по_ЖД,Санкт-Петербург,Санкт-Петербург,20,0,36
2006-02-21,STNU2794431,STNU2794431_cycle_1,Отправлен_по_ЖД,Санкт-Петербург,Владивосток,20,1,17
2006-02-21,STNU5088417,STNU5088417_cycle_1,Передан_на_погрузку,Санкт-Петербург,Владивосток,40,0,68
2006-02-21,STNU9845862,STNU9845862_cycle_1,Отправлен_по_ЖД,Санкт-Петербург,Москва,40,1,4
2006-02-21,STNU9845862,STNU9845862_cycle_1,Прибыл_по_ЖД,Москва,Москва,40,0,4
2006-02-22,BUTU4321000,BUTU4321000_cycle_2,Прибыл_свободным,Москва,Москва,40,2,0
2006-02-22,BUTU8954572,BUTU8954572_cycle_1,Прибыл_груженый,Санкт-Петербург,Москва,40,13,15
2006-02-22,CRTU2093770,CRTU2093770_cycle_1,Прибыл_по_ЖД,Санкт-Петербург,Санкт-Петербург,40,10,33
2006-02-22,CRTU2183954,CRTU2183954_cycle_1,Отправлен_грузополучателю,Москва,Москва,40,3,19
2006-02-22,CRTU3557001,CRTU3557001_cycle_1,Прибыл_по_ЖД,Владивосток,Владивосток,20,14,27
2006-02-22,CRTU8128829,CRTU8128829_cycle_1,Отправлен_по_ЖД,Владивосток,Москва,20,2,26
2006-02-22,KNYU1437543,KNYU1437543_cycle_1,Прибыл_груженый,Санкт-Петербург,Владивосток,20,11,35
2006-02-22,KNYU8798891,KNYU8798891_cycle_1,Отправлен_по_ЖД,Москва,Санкт-Петербург,20,2,26
2006-02-22,KNYU8798891,KNYU8798891_cycle_1,Прибыл_по_ЖД,Санкт-Петербург,Санкт-Петербург,20,0,26
2006-02-22,TOWU8351331,TOWU8351331_cycle_1,Прибыл_по_ЖД,Москва,Москва,20,10,22
2006-02-22,TOWU9892746,TOWU9892746_cycle_1,Передан_на_погрузку,Москва,Владивосток,40,0,20
2006-02-22,TOWU9892746,TOWU9892746_cycle_1,Прибыл_груженый,Москва,Владивосток,40,0,20
2006-02-22,WEDU6874585,WEDU6874585_cycle_1,Прибыл_груженый,Москва,Владивосток,20,4,50
2006-02-22,WEDU7000544,WEDU7000544_cycle_1,Прибыл_груженый,Владивосток,Санкт-Петербург,20,5,41
2006-02-22,WEDU7000544,WEDU7000544_cycle_1,Отправлен_по_ЖД,Владивосток,Санкт-Петербург,20,0,41
2006-02-23,BUTU7130462,BUTU7130462_cycle_1,Передан_на_погрузку,Санкт-Петербург,Москва,20,0,21
2006-02-23,BUTU8954572,BUTU8954572_cycle_1,Отправлен_по_ЖД,Санкт-Петербург,Москва,40,1,14
2006-02-23,BUTU8954572,BUTU8954572_cycle_1,Прибыл_по_ЖД,Москва,Москва,40,0,14
2006-02-23,CRTU3557001,CRTU3557001_cycle_1,Отправлен_грузополучателю,Владивосток,Владивосток,20,1,26
2006-02-23,ERKU3112209,ERKU3112209_cycle_1,Передан_на_погрузку,Владивосток,Москва,20,0,43
2006-02-23,ERKU3509749,ERKU3509749_cycle_1,Прибыл_свободным,Санкт-Петербург,Санкт-Петербург,20,11,0
2006-02-23,KNYU5372067,KNYU5372067_cycle_1,Прибыл_свободным,Москва,Москва,40,15,0
2006-02-23,STNU4510100,STNU4510100_cycle_2,Прибыл_груженый,Санкт-Петербург,Москва,20,12,3
2006-02-23,STNU9845862,STNU9845862_cycle_1,Отправлен_грузополучателю,Москва,Москва,40,2,2
2006-02-23,TIMU3137493,TIMU3137493_cycle_1,Отправлен_по_ЖД,Владивосток,Санкт-Петербург,40,3,26
2006-02-23,TIMU8250428,TIMU8250428_cycle_1,Прибыл_груженый,Владивосток,Санкт-Петербург,20,20,31
2006-02-23,TIMU8250428,TIMU8250428_cycle_1,Отправлен_по_ЖД,Владивосток,Санкт-Петербург,20,0,31
2006-02-23,TOWU3611630,TOWU3611630_cycle_1,Прибыл_свободным,Санкт-Петербург,Санкт-Петербург,40,18,0
2006-02-23,TOWU8351331,TOWU8351331_cycle_1,Отправлен_грузополучателю,Москва,Москва,20,1,21
2006-02-23,TOWU9892746,TOWU9892746_cycle_1,Отправлен_по_ЖД,Москва,Владивосток,40,1,19
2006-02-23,WEDU6874585,WEDU6874585_cycle_1,Отправлен_по_ЖД,Москва,Владивосток,20,1,49
2006-02-24,BUTU8729025,BUTU8729025_cycle_1,Прибыл_по_ЖД,Владивосток,Владивосток,40,13,20
2006-02-24,BUTU9513169,BUTU9513169_cycle_1,Прибыл_груженый,Москва,Владивосток,40,4,16
2006-02-24,CRTU2093770,CRTU2093770_cycle_1,Отправлен_грузополучателю,Санкт-Петербург,Санкт-Петербург,40,2,31
2006-02-24,ERKU5797068,ERKU5797068_cycle_1,Прибыл_по_ЖД,Москва,Москва,40,12,22
2006-02-24,KNYU1437543,KNYU1437543_cycle_1,Отправлен_по_ЖД,Санкт-Петербург,Владивосток,20,2,33
2006-02-24,KNYU1824938,KNYU1824938_cycle_1,Отправлен_грузополучателю,Санкт-Петербург,Санкт-Петербург,20,3,33
2006-02-24,KNYU8798891,KNYU8798891_cycle_1,Отправлен_грузополучателю,Санкт-Петербург,Санкт-Петербург,20,2,24
2006-02-24,STNU4510100,STNU4510100_cycle_2,Отправлен_по_ЖД,Санкт-Петербург,Москва,20,1,2
2006-02-24,STNU4510100,STNU4510100_cycle_2,Прибыл_по_ЖД,Москва,Москва,20,0,2
2006-02-24,TOWU2835826,TOWU2835826_cycle_1,Прибыл_груженый,Владивосток,Москва,40,15,30
2006-02-24,TOWU5842316,TOWU5842316_cycle_1,Передан_на_погрузку,Москва,Санкт-Петербург,40,0,28
2006-02-25,BUTU2391445,BUTU2391445_cycle_1,Прибыл_по_ЖД,Москва,Москва,20,9,17
2006-02-25,BUTU8954572,BUTU8954572_cycle_1,Отправлен_грузополучателю,Москва,Москва,40,2,12
2006-02-25,CRTU1715325,CRTU1715325_cycle_2,Передан_на_погрузку,Владивосток,Москва,40,0,30
2006-02-25,ERKU5797068,ERKU5797068_cycle_1,Отправлен_грузополучателю,Москва,Москва,40,1,21
2006-02-25,KNYU1773354,KNYU1773354_cycle_1,Передан_на_погрузку,Москва,Владивосток,20,0,40
2006-02-25,KNYU5786200,KNYU5786200_cycle_1,Прибыл_свободным,Санкт-Петербург,Санкт-Петербург,20,6,0
2006-02-25,KNYU6970613,KNYU6970613_cycle_1,Передан_на_погрузку,Санкт-Петербург,Москва,20,0,29
2006-02-25,STNU9845862,STNU9845862_cycle_1,Прибыл_свободным,Москва,Москва,40,2,0
2006-02-25,TIMU7736033,TIMU7736033_cycle_1,Прибыл_свободным,Москва,Москва,20,15,0
2006-02-25,TIMU8061928,TIMU8061928_cycle_1,Прибыл_по_ЖД,Санкт-Петербург,Санкт-Петербург,20,23,29
2006-02-25,TOWU7808384,TOWU7808384_cycle_1,Передан_на_погрузку,Москва,Владивосток,40,0,46
2006-02-26,BUTU8729025,BUTU8729025_cycle_1,Отправлен_грузополучателю,Владивосток,Владивосток,40,2,18
2006-02-26,BUTU9513169,BUTU9513169_cycle_1,Отправлен_по_ЖД,Москва,Владивосток,40,2,14
2006-02-26,KNYU3335859,KNYU3335859_cycle_1,Передан_на_погрузку,Санкт-Петербург,Москва,20,0,20
2006-02-26,KNYU6806102,KNYU6806102_cycle_1,Прибыл_груженый,Владивосток,Москва,20,11,29
2006-02-26,STNU3092282,STNU3092282_cycle_1,Прибыл_по_ЖД,Владивосток,Владивосток,40,14,16
2006-02-26,STNU4510100,STNU4510100_cycle_2,Отправлен_грузополучателю,Москва,Москва,20,2,0
2006-02-26,STNU4510100,STNU4510100_cycle_2,Прибыл_свободным,Москва,Москва,20,0,0
2006-02-26,STNU4510100,STNU4510100_cycle_3,Передан_на_погрузку,Москва,Владивосток,20,0,51
2006-02-26,STNU6396019,STNU6396019_cycle_1,Передан_на_погрузку,Санкт-Петербург,Москва,40,0,30
2006-02-26,TIMU9543550,TIMU9543550_cycle_1,Передан_на_погрузку,Владивосток,Санкт-Петербург,40,0,24
2006-02-26,TOWU2835826,TOWU2835826_cycle_1,Отправлен_по_ЖД,Владивосток,Москва,40,2,28
2006-02-27,BUTU2391445,BUTU2391445_cycle_1,Отправлен_грузополучателю,Москва,Москва,20,2,15
2006-02-27,BUTU7079823,BUTU7079823_cycle_1,Передан_на_погрузку,Санкт-Петербург,Владивосток,20,0,33
2006-02-27,BUTU7079823,BUTU7079823_cycle_1,Прибыл_груженый,Санкт-Петербург,Владивосток,20,0,33
2006-02-27,BUTU7079823,BUTU7079823_cycle_1,Отправлен_по_ЖД,Санкт-Петербург,Владивосток,20,0,33
2006-02-27,ERKU5435191,ERKU5435191_cycle_1,Передан_на_погрузку,Санкт-Петербург,Москва,20,0,28
2006-02-27,KNYU6806102,KNYU6806102_cycle_1,Отправлен_по_ЖД,Владивосток,Москва,20,1,28
2006-02-27,KNYU9630138,KNYU9630138_cycle_1,Передан_на_погрузку,Владивосток,Санкт-Петербург,20,0,23
2006-02-27,TIMU8061928,TIMU8061928_cycle_1,Отправлен_грузополучателю,Санкт-Петербург,Санкт-Петербург,20,2,27
2006-02-27,TOWU2940273,TOWU2940273_cycle_1,Прибыл_груженый,Москва,Владивосток,40,9,28
2006-02-27,TOWU2940273,TOWU2940273_cycle_1,Отправлен_по_ЖД,Москва,Владивосток,40,0,28
2006-02-27,TOWU8381849,TOWU8381849_cycle_1,Прибыл_груженый,Владивосток,Москва,20,11,9
2006-02-28,CRTU1937935,CRTU1937935_cycle_1,Передан_на_погрузку,Санкт-Петербург,Владивосток,40,0,29
2006-02-28,ERKU4123975,ERKU4123975_cycle_1,Прибыл_по_ЖД,Владивосток,Владивосток,40,14,26
2006-02-28,KNYU3021654,KNYU3021654_cycle_1,Прибыл_свободным,Москва,Москва,40,16,0
2006-02-28,TIMU6310893,TIMU6310893_cycle_1,Прибыл_груженый,Москва,Санкт-Петербург,40,11,25
2006-02-28,WEDU4651205,WEDU4651205_cycle_2,Прибыл_груженый,Санкт-Петербург,Владивосток,20,10,32
2006-02-28,WEDU7707795,WEDU7707795_cycle_1,Прибыл_по_ЖД,Санкт-Петербург,Санкт-Петербург,40,16,12
2006-03-01,CRTU5834937,CRTU5834937_cycle_1,Прибыл_по_ЖД,Владивосток,Владивосток,20,11,9
2006-03-01,ERKU4123975,ERKU4123975_cycle_1,Отправлен_грузополучателю,Владивосток,Владивосток,40,1,25
2006-03-01,STNU2517447,STNU2517447_cycle_2,Прибыл_по_ЖД,Владивосток,Владивосток,40,13,21
2006-03-01,STNU3092282,STNU3092282_cycle_1,Отправлен_грузополучателю,Владивосток,Владивосток,40,3,13
2006-03-01,TIMU1636645,TIMU1636645_cycle_1,Прибыл_по_ЖД,Владивосток,Владивосток,20,18,17
2006-03-01,TIMU3656871,TIMU3656871_cycle_1,Прибыл_по_ЖД,Москва,Москва,20,16,10
2006-03-01,TIMU3656871,TIMU3656871_cycle_1,Отправлен_грузополучателю,Москва,Москва,20,0,10
2006-03-01,TIMU6310893,TIMU6310893_cycle_1,Отправлен_по_ЖД,Москва,Санкт-Петербург,40,1,24
2006-03-01,TOWU2984334,TOWU2984334_cycle_1,Прибыл_свободным,Владивосток,Владивосток,40,25,0
2006-03-01,TOWU2984334,TOWU2984334_cycle_2,Передан_на_погрузку,Владивосток,Санкт-Петербург,40,0,35
2006-03-01,WEDU5817433,WEDU5817433_cycle_2,Прибыл_груженый,Санкт-Петербург,Владивосток,20,11,44
2006-03-01,WEDU7707795,WEDU7707795_cycle_1,Отправлен_грузополучателю,Санкт-Петербург,Санкт-Петербург,40,1,11
2006-03-02,CRTU1521773,CRTU1521773_cycle_1,Прибыл_по_ЖД,Москва,Москва,20,12,13
2006-03-02,ERKU7945290,ERKU7945290_cycle_1,Передан_на_погрузку,Санкт-Петербург,Москва,20,0,25
2006-03-02,KNYU3335859,KNYU3335859_cycle_1,Прибыл_груженый,Санкт-Петербург,Москва,20,4,16
2006-03-02,KNYU9630138,KNYU9630138_cycle_1,Прибыл_груженый,Владивосток,Санкт-Петербург,20,3,20
2006-03-02,STNU2517447,STNU2517447_cycle_2,Отправлен_грузополучателю,Владивосток,Владивосток,40,1,20
2006-03-02,TIMU6310893,TIMU6310893_cycle_1,Прибыл_по_ЖД,Санкт-Петербург,Санкт-Петербург,40,1,23
2006-03-02,TOWU8381849,TOWU8381849_cycle_1,Отправлен_по_ЖД,Владивосток,Москва,20,3,6
2006-03-02,WEDU4651205,WEDU4651205_cycle_2,Отправлен_по_ЖД,Санкт-Петербург,Владивосток,20,2,30
2006-03-03,CRTU1167966,CRTU1167966_cycle_1,Передан_на_погрузку,Москва,Санкт-Петербург,40,0,45
2006-03-03,CRTU1937935,CRTU1937935_cycle_1,Прибыл_груженый,Санкт-Петербург,Владивосток,40,3,26
2006-03-03,CRTU5834937,CRTU5834937_cycle_1,Отправлен_грузополучателю,Владивосток,Владивосток,20,2,7
2006-03-03,KNYU9630138,KNYU9630138_cycle_1,Отправлен_по_ЖД,Владивосток,Санкт-Петербург,20,1,19
2006-03-03,STNU2356703,STNU2356703_cycle_1,Прибыл_по_ЖД,Владивосток,Владивосток,40,15,26
2006-03-03,TIMU1636645,TIMU1636645_cycle_1,Отправлен_грузополучателю,Владивосток,Владивосток,20,2,15
2006-03-03,TIMU6310893,TIMU6310893_cycle_1,Отправлен_грузополучателю,Санкт-Петербург,Санкт-Петербург,40,1,22
2006-03-03,TIMU8887794,TIMU8887794_cycle_1,Передан_на_погрузку,Санкт-Петербург,Москва,20,0,47
2006-03-03,TIMU9543550,TIMU9543550_cycle_1,Прибыл_груженый,Владивосток,Санкт-Петербург,40,5,19
2006-03-03,TOWU6899546,TOWU6899546_cycle_2,Прибыл_груженый,Санкт-Петербург,Владивосток,20,16,43
2006-03-03,TOWU9892746,TOWU9892746_cycle_1,Прибыл_по_ЖД,Владивосток,Владивосток,40,8,11
2006-03-03,WEDU5817433,WEDU5817433_cycle_2,Отправлен_по_ЖД,Санкт-Петербург,Владивосток,20,2,42
2006-03-04,BUTU7130462,BUTU7130462_cycle_1,Прибыл_груженый,Санкт-Петербург,Москва,20,9,12
2006-03-04,CRTU1521773,CRTU1521773_cycle_1,Отправлен_грузополучателю,Москва,Москва,20,2,11
2006-03-04,CRTU1937935,CRTU1937935_cycle_1,Отправлен_по_ЖД,Санкт-Петербург,Владивосток,40,1,25
2006-03-04,CRTU8128829,CRTU8128829_cycle_1,Прибыл_по_ЖД,Москва,Москва,20,10,16
2006-03-04,KNYU3335859,KNYU3335859_cycle_1,Отправлен_по_ЖД,Санкт-Петербург,Москва,20,2,14
2006-03-04,KNYU3335859,KNYU3335859_cycle_1,Прибыл_по_ЖД,Москва,Москва,20,0,14
2006-03-04,KNYU7944727,KNYU7944727_cycle_1,Прибыл_по_ЖД,Владивосток,Владивосток,20,13,17
2006-03-04,STNU2356703,STNU2356703_cycle_1,Отправлен_грузополучателю,Владивосток,Владивосток,40,1,25
2006-03-04,TIMU5293271,TIMU5293271_cycle_1,Прибыл_свободным,Санкт-Петербург,Санкт-Петербург,20,27,0
2006-03-04,TIMU9543550,TIMU9543550_cycle_1,Отправлен_по_ЖД,Владивосток,Санкт-Петербург,40,1,18
2006-03-04,TOWU5892461,TOWU5892461_cycle_1,Прибыл_груженый,Владивосток,Санкт-Петербург,40,14,54
2006-03-04,TOWU6899546,TOWU6899546_cycle_2,Отправлен_по_ЖД,Санкт-Петербург,Владивосток,20,1,42
2006-03-04,TOWU8381849,TOWU8381849_cycle_1,Прибыл_по_ЖД,Москва,Москва,20,2,4
2006-03-04,WEDU2383938,WEDU2383938_cycle_1,Прибыл_по_ЖД,Владивосток,Владивосток,20,17,2
2006-03-05,CRTU8128829,CRTU8128829_cycle_1,Отправлен_грузополучателю,Москва,Москва,20,1,15
2006-03-05,ERKU3123425,ERKU3123425_cycle_1,Прибыл_груженый,Владивосток,Санкт-Петербург,20,18,29
2006-03-05,KNYU3335859,KNYU3335859_cycle_1,Отправлен_грузополучателю,Москва,Москва,20,1,13
2006-03-05,KNYU7944727,KNYU7944727_cycle_1,Отправлен_грузополучателю,Владивосток,Владивосток,20,1,16
2006-03-05,TIMU3631350,TIMU3631350_cycle_1,Прибыл_груженый,Санкт-Петербург,Владивосток,20,17,41
2006-03-05,TOWU8381849,TOWU8381849_cycle_1,Отправлен_грузополучателю,Москва,Москва,20,1,3
2006-03-05,TOWU9892746,TOWU9892746_cycle_1,Отправлен_грузополучателю,Владивосток,Владивосток,40,2,9
2006-03-06,BUTU1300953,BUTU1300953_cycle_1,Прибыл_по_ЖД,Москва,Москва,40,17,27
2006-03-06,BUTU7130462,BUTU7130462_cycle_1,Отправлен_по_ЖД,Санкт-Петербург,Москва,20,2,10
2006-03-06,CRTU3557936,CRTU3557936_cycle_2,Прибыл_по_ЖД,Санкт-Петербург,Санкт-Петербург,20,14,6
2006-03-06,CRTU6264170,CRTU6264170_cycle_1,Прибыл_свободным,Москва,Москва,40,18,0
2006-03-06,CRTU6264170,CRTU6264170_cycle_2,Передан_на_погрузку,Москва,Санкт-Петербург,40,0,22
2006-03-06,CRTU8114609,CRTU8114609_cycle_1,Прибыл_свободным,Санкт-Петербург,Санкт-Петербург,20,17,0
2006-03-06,ERKU5435191,ERKU5435191_cycle_1,Прибыл_груженый,Санкт-Петербург,Москва,20,7,21
2006-03-06,KNYU1033833,KNYU1033833_cycle_1,Прибыл_по_ЖД,Санкт-Петербург,Санкт-Петербург,40,19,18
2006-03-06,KNYU8173059,KNYU8173059_cycle_1,Прибыл_свободным,Владивосток,Владивосток,20,14,0
2006-03-06,KNYU8173059,KNYU8173059_cycle_2,Передан_на_погрузку,Владивосток,Москва,20,0,24
2006-03-06,TIMU3631350,TIMU3631350_cycle_1,Отправлен_по_ЖД,Санкт-Петербург,Владивосток,20,1,40
2006-03-06,TOWU5892461,TOWU5892461_cycle_1,Отправлен_по_ЖД,Владивосток,Санкт-Петербург,40,2,52
2006-03-06,TOWU7808384,TOWU7808384_cycle_1,Прибыл_груженый,Москва,Владивосток,40,9,37
2006-03-06,WEDU2383938,WEDU2383938_cycle_1,Отправлен_грузополучателю,Владивосток,Владивосток,20,2,0
2006-03-06,WEDU2383938,WEDU2383938_cycle_1,Прибыл_свободным,Владивосток,Владивосток,20,0,0
2006-03-07,BUTU1300953,BUTU1300953_cycle_1,Отправлен_грузополучателю,Москва,Москва,40,1,26
2006-03-07,KNYU1033833,KNYU1033833_cycle_1,Отправлен_грузополучателю,Санкт-Петербург,Санкт-Петербург,40,1,17
2006-03-07,STNU6396019,STNU6396019_cycle_1,Прибыл_груженый,Санкт-Петербург,Москва,40,9,21
2006-03-07,STNU9767317,STNU9767317_cycle_1,Прибыл_по_ЖД,Владивосток,Владивосток,20,15,7
2006-03-07,STNU9767317,STNU9767317_cycle_1,Отправлен_грузополучателю,Владивосток,Владивосток,20,0,7
2006-03-07,TIMU8010374,TIMU8010374_cycle_1,Передан_на_погрузку,Москва,Владивосток,20,0,34
2006-03-07,TOWU9896330,TOWU9896330_cycle_1,Прибыл_по_ЖД,Владивосток,Владивосток,40,17,5
2006-03-07,WEDU6876299,WEDU6876299_cycle_1,Прибыл_по_ЖД,Владивосток,Владивосток,20,19,13
2006-03-07,WEDU8568487,WEDU8568487_cycle_2,Передан_на_погрузку,Владивосток,Санкт-Петербург,40,0,24
2006-03-08,BUTU7130462,BUTU7130462_cycle_1,Прибыл_по_ЖД,Москва,Москва,20,2,8
2006-03-08,CRTU1715325,CRTU1715325_cycle_2,Прибыл_груженый,Владивосток,Москва,40,11,19
2006-03-08,CRTU3557936,CRTU3557936_cycle_2,Отправлен_грузополучателю,Санкт-Петербург,Санкт-Петербург,20,2,4
2006-03-08,ERKU5435191,ERKU5435191_cycle_1,Отправлен_по_ЖД,Санкт-Петербург,Москва,20,2,19
2006-03-08,KNYU4619290,KNYU4619290_cycle_1,Прибыл_по_ЖД,Владивосток,Владивосток,40,21,11
2006-03-08,KNYU4619290,KNYU4619290_cycle_1,Отправлен_грузополучателю,Владивосток,Владивосток,40,0,11
2006-03-08,KNYU5372067,KNYU5372067_cycle_2,Передан_на_погрузку,Москва,Владивосток,40,0,12
2006-03-08,KNYU5372067,KNYU5372067_cycle_2,Прибыл_груженый,Москва,Владивосток,40,0,12
2006-03-08,STNU1402586,STNU1402586_cycle_1,Прибыл_свободным,Владивосток,Владивосток,20,22,0
2006-03-08,STNU2794431,STNU2794431_cycle_1,Прибыл_по_ЖД,Владивосток,Владивосток,20,15,2
2006-03-08,STNU5088417,STNU5088417_cycle_1,Прибыл_груженый,Санкт-Петербург,Владивосток,40,15,53
2006-03-08,STNU9487869,STNU9487869_cycle_1,Прибыл_свободным,Москва,Москва,40,19,0
2006-03-08,STNU9487869,STNU9487869_cycle_2,Передан_на_погрузку,Москва,Владивосток,40,0,39
2006-03-08,TIMU3137493,TIMU3137493_cycle_1,Прибыл_по_ЖД,Санкт-Петербург,Санкт-Петербург,40,13,13
2006-03-08,TOWU7808384,TOWU7808384_cycle_1,Отправлен_по_ЖД,Москва,Владивосток,40,2,35
2006-03-08,TOWU8381849,TOWU8381849_cycle_1,Прибыл_свободным,Москва,Москва,20,3,0
2006-03-08,TOWU9896330,TOWU9896330_cycle_1,Отправлен_грузополучателю,Владивосток,Владивосток,40,1,4
2006-03-09,BUTU8954572,BUTU8954572_cycle_1,Прибыл_свободным,Москва,Москва,40,12,0
2006-03-09,CRTU1715325,CRTU1715325_cycle_2,Отправлен_по_ЖД,Владивосток,Москва,40,1,18
2006-03-09,ERKU5435191,ERKU5435191_cycle_1,Прибыл_по_ЖД,Москва,Москва,20,1,18
2006-03-09,KNYU5372067,KNYU5372067_cycle_2,Отправлен_по_ЖД,Москва,Владивосток,40,1,11
2006-03-09,STNU4919514,STNU4919514_cycle_1,Прибыл_по_ЖД,Владивосток,Владивосток,40,18,25
2006-03-09,STNU6396019,STNU6396019_cycle_1,Отправлен_по_ЖД,Санкт-Петербург,Москва,40,2,19
2006-03-09,STNU6396019,STNU6396019_cycle_1,Прибыл_по_ЖД,Москва,Москва,40,0,19
2006-03-09,TIMU3137493,TIMU3137493_cycle_1,Отправлен_грузополучателю,Санкт-Петербург,Санкт-Петербург,40,1,12
2006-03-09,WEDU6874585,WEDU6874585_cycle_1,Прибыл_по_ЖД,Владивосток,Владивосток,20,14,35
2006-03-10,BUTU7130462,BUTU7130462_cycle_1,Отправлен_грузополучателю,Москва,Москва,20,2,6
2006-03-10,CRTU5834937,CRTU5834937_cycle_1,Прибыл_свободным,Владивосток,Владивосток,20,7,0
2006-03-10,ERKU3123425,ERKU3123425_cycle_1,Отправлен_по_ЖД,Владивосток,Санкт-Петербург,20,5,24
2006-03-10,KNYU6806102,KNYU6806102_cycle_1,Прибыл_по_ЖД,Москва,Москва,20,11,17
2006-03-10,KNYU8173059,KNYU8173059_cycle_2,Прибыл_груженый,Владивосток,Москва,20,4,20
2006-03-10,STNU2794431,STNU2794431_cycle_1,Отправлен_грузополучателю,Владивосток,Владивосток,20,2,0
2006-03-10,STNU2794431,STNU2794431_cycle_1,Прибыл_свободным,Владивосток,Владивосток,20,0,0
2006-03-10,STNU4919514,STNU4919514_cycle_1,Отправлен_грузополучателю,Владивосток,Владивосток,40,1,24
2006-03-10,STNU5088417,STNU5088417_cycle_1,Отправлен_по_ЖД,Санкт-Петербург,Владивосток,40,2,51
2006-03-10,TIMU5293271,TIMU5293271_cycle_2,Передан_на_погрузку,Санкт-Петербург,Владивосток,20,0,51
2006-03-10,TOWU2940273,TOWU2940273_cycle_1,Прибыл_по_ЖД,Владивосток,Владивосток,40,11,17
2006-03-10,WEDU6876299,WEDU6876299_cycle_1,Отправлен_грузополучателю,Владивосток,Владивосток,20,3,10
2006-03-11,BUTU9513169,BUTU9513169_cycle_1,Прибыл_по_ЖД,Владивосток,Владивосток,40,13,1
2006-03-11,CRTU8114609,CRTU8114609_cycle_2,Передан_на_погрузку,Санкт-Петербург,Москва,20,0,26
2006-03-11,KNYU6970613,KNYU6970613_cycle_1,Прибыл_груженый,Санкт-Петербург,Москва,20,14,15
2006-03-11,STNU6396019,STNU6396019_cycle_1,Отправлен_грузополучателю,Москва,Москва,40,2,17
2006-03-11,TIMU3656871,TIMU3656871_cycle_1,Прибыл_свободным,Москва,Москва,20,10,0
2006-03-12,BUTU9513169,BUTU9513169_cycle_1,Отправлен_грузополучателю,Владивосток,Владивосток,40,1,0
2006-03-12,BUTU9513169,BUTU9513169_cycle_1,Прибыл_свободным,Владивосток,Владивосток,40,0,0
2006-03-12,CRTU3557936,CRTU3557936_cycle_2,Прибыл_свободным,Санкт-Петербург,Санкт-Петербург,20,4,0
2006-03-12,ERKU5435191,ERKU5435191_cycle_1,Отправлен_грузополучателю,Москва,Москва,20,3,15
2006-03-12,ERKU8281105,ERKU8281105_cycle_1,Прибыл_свободным,Москва,Москва,40,25,0
2006-03-12,KNYU1437543,KNYU1437543_cycle_1,Прибыл_по_ЖД,Владивосток,Владивосток,20,16,17
2006-03-12,KNYU6806102,KNYU6806102_cycle_1,Отправлен_грузополучателю,Москва,Москва,20,2,15
2006-03-12,KNYU8173059,KNYU8173059_cycle_2,Отправлен_по_ЖД,Владивосток,Москва,20,2,18
2006-03-12,STNU4510100,STNU4510100_cycle_3,Прибыл_груженый,Москва,Владивосток,20,14,37
2006-03-12,TIMU8250428,TIMU8250428_cycle_1,Прибыл_по_ЖД,Санкт-Петербург,Санкт-Петербург,20,17,14
2006-03-12,TOWU2835826,TOWU2835826_cycle_1,Прибыл_по_ЖД,Москва,Москва,40,14,14
2006-03-12,TOWU2940273,TOWU2940273_cycle_1,Отправлен_грузополучателю,Владивосток,Владивосток,40,2,15
2006-03-12,TOWU2984334,TOWU2984334_cycle_2,Прибыл_груженый,Владивосток,Санкт-Петербург,40,11,24
2006-03-12,TOWU2984334,TOWU2984334_cycle_2,Отправлен_по_ЖД,Владивосток,Санкт-Петербург,40,0,24
2006-03-12,TOWU5842316,TOWU5842316_cycle_1,Прибыл_груженый,Москва,Санкт-Петербург,40,16,12
2006-03-12,TOWU5842316,TOWU5842316_cycle_1,Отправлен_по_ЖД,Москва,Санкт-Петербург,40,0,12
2006-03-12,TOWU5842316,TOWU5842316_cycle_1,Прибыл_по_ЖД,Санкт-Петербург,Санкт-Петербург,40,0,12
2006-03-12,TOWU5842316,TOWU5842316_cycle_1,Отправлен_грузополучателю,Санкт-Петербург,Санкт-Петербург,40,0,12
2006-03-12,TOWU7931879,TOWU7931879_cycle_1,Прибыл_груженый,Санкт-Петербург,Москва,40,29,14
2006-03-12,TOWU9896330,TOWU9896330_cycle_1,Прибыл_свободным,Владивосток,Владивосток,40,4,0
2006-03-12,WEDU6654977,WEDU6654977_cycle_1,Прибыл_свободным,Москва,Москва,20,28,0
2006-03-12,WEDU7707795,WEDU7707795_cycle_1,Прибыл_свободным,Санкт-Петербург,Санкт-Петербург,40,11,0
2006-03-13,CRTU2183954,CRTU2183954_cycle_1,Прибыл_свободным,Москва,Москва,40,19,0
2006-03-13,KNYU1437543,KNYU1437543_cycle_1,Отправлен_грузополучателю,Владивосток,Владивосток,20,1,16
2006-03-13,KNYU6970613,KNYU6970613_cycle_1,Отправлен_по_ЖД,Санкт-Петербург,Москва,20,2,13
2006-03-13,KNYU6970613,KNYU6970613_cycle_1,Прибыл_по_ЖД,Москва,Москва,20,0,13
2006-03-13,TIMU8010374,TIMU8010374_cycle_1,Прибыл_груженый,Москва,Владивосток,20,6,28
2006-03-13,TIMU8010374,TIMU8010374_cycle_1,Отправлен_по_ЖД,Москва,Владивосток,20,0,28
2006-03-13,TOWU9896330,TOWU9896330_cycle_2,Передан_на_погрузку,Владивосток,Москва,40,0,47
2006-03-13,WEDU4651205,WEDU4651205_cycle_2,Прибыл_по_ЖД,Владивосток,Владивосток,20,11,19
2006-03-13,WEDU6874585,WEDU6874585_cycle_1,Отправлен_грузополучателю,Владивосток,Владивосток,20,4,31
2006-03-14,BUTU2391445,BUTU2391445_cycle_1,Прибыл_свободным,Москва,Москва,20,15,0
2006-03-14,BUTU2391445,BUTU2391445_cycle_2,Передан_на_погрузку,Москва,Владивосток,20,0,12
2006-03-14,CRTU1167966,CRTU1167966_cycle_1,Прибыл_груженый,Москва,Санкт-Петербург,40,11,34
2006-03-14,ERKU7945290,ERKU7945290_cycle_1,Прибыл_груженый,Санкт-Петербург,Москва,20,12,13
2006-03-14,STNU3092282,STNU3092282_cycle_1,Прибыл_свободным,Владивосток,Владивосток,40,13,0
2006-03-14,STNU4510100,STNU4510100_cycle_3,Отправлен_по_ЖД,Москва,Владивосток,20,2,35
2006-03-14,STNU9767317,STNU9767317_cycle_1,Прибыл_свободным,Владивосток,Владивосток,20,7,0
2006-03-14,TIMU3656871,TIMU3656871_cycle_2,Передан_на_погрузку,Москва,Владивосток,20,0,28
2006-03-14,TIMU8250428,TIMU8250428_cycle_1,Отправлен_грузополучателю,Санкт-Петербург,Санкт-Петербург,20,2,12
2006-03-14,TOWU2835826,TOWU2835826_cycle_1,Отправлен_грузополучателю,Москва,Москва,40,2,12
2006-03-14,TOWU9892746,TOWU9892746_cycle_1,Прибыл_свободным,Владивосток,Владивосток,40,9,0
2006-03-14,WEDU4651205,WEDU4651205_cycle_2,Отправлен_грузополучателю,Владивосток,Владивосток,20,1,18
2006-03-15,CRTU1521773,CRTU1521773_cycle_1,Прибыл_свободным,Москва,Москва,20,11,0
2006-03-15,TIMU7964806,TIMU7964806_cycle_1,Передан_на_погрузку,Москва,Владивосток,40,0,30
2006-03-15,TOWU7931879,TOWU7931879_cycle_1,Отправлен_по_ЖД,Санкт-Петербург,Москва,40,3,11
2006-03-15,TOWU8161314,TOWU8161314_cycle_1,Передан_на_погрузку,Москва,Владивосток,20,0,39
2006-03-16,BUTU7130462,BUTU7130462_cycle_1,Прибыл_свободным,Москва,Москва,20,6,0
2006-03-16,BUTU8729025,BUTU8729025_cycle_1,Прибыл_свободным,Владивосток,Владивосток,40,18,0
2006-03-16,CRTU1167966,CRTU1167966_cycle_1,Отправлен_по_ЖД,Москва,Санкт-Петербург,40,2,32
2006-03-16,CRTU1937935,CRTU1937935_cycle_1,Прибыл_по_ЖД,Владивосток,Владивосток,40,12,13
2006-03-16,KNYU3537798,KNYU3537798_cycle_2,Передан_на_погрузку,Владивосток,Москва,20,0,44
2006-03-16,KNYU6970613,KNYU6970613_cycle_1,Отправлен_грузополучателю,Москва,Москва,20,3,10
2006-03-16,KNYU9630138,KNYU9630138_cycle_1,Прибыл_по_ЖД,Санкт-Петербург,Санкт-Петербург,20,13,6
2006-03-16,TOWU7931879,TOWU7931879_cycle_1,Прибыл_по_ЖД,Москва,Москва,40,1,10
2006-03-16,TOWU8351331,TOWU8351331_cycle_1,Прибыл_свободным,Москва,Москва,20,21,0
2006-03-16,WEDU2249581,WEDU2249581_cycle_2,Передан_на_погрузку,Санкт-Петербург,Москва,20,0,12
2006-03-16,WEDU7000544,WEDU7000544_cycle_1,Прибыл_по_ЖД,Санкт-Петербург,Санкт-Петербург,20,22,19
2006-03-16,WEDU8568487,WEDU8568487_cycle_2,Прибыл_груженый,Владивосток,Санкт-Петербург,40,9,15
2006-03-16,WEDU8568487,WEDU8568487_cycle_2,Отправлен_по_ЖД,Владивосток,Санкт-Петербург,40,0,15
2006-03-17,BUTU7079823,BUTU7079823_cycle_1,Прибыл_по_ЖД,Владивосток,Владивосток,20,18,15
2006-03-17,ERKU7945290,ERKU7945290_cycle_1,Отправлен_по_ЖД,Санкт-Петербург,Москва,20,3,10
2006-03-17,KNYU3021654,KNYU3021654_cycle_2,Передан_на_погрузку,Москва,Владивосток,40,0,46
2006-03-17,TOWU6899546,TOWU6899546_cycle_2,Прибыл_по_ЖД,Владивосток,Владивосток,20,13,29
2006-03-17,TOWU7808384,TOWU7808384_cycle_1,Прибыл_по_ЖД,Владивосток,Владивосток,40,9,26
2006-03-17,TOWU7931879,TOWU7931879_cycle_1,Отправлен_грузополучателю,Москва,Москва,40,1,9
2006-03-18,CRTU1937935,CRTU1937935_cycle_1,Отправлен_грузополучателю,Владивосток,Владивосток,40,2,11
2006-03-18,ERKU3112209,ERKU3112209_cycle_1,Прибыл_груженый,Владивосток,Москва,20,23,20
2006-03-18,ERKU5797068,ERKU5797068_cycle_1,Прибыл_свободным,Москва,Москва,40,21,0
2006-03-18,KNYU3335859,KNYU3335859_cycle_1,Прибыл_свободным,Москва,Москва,20,13,0
2006-03-18,KNYU5372067,KNYU5372067_cycle_2,Прибыл_по_ЖД,Владивосток,Владивосток,40,9,2
2006-03-18,TIMU1636645,TIMU1636645_cycle_1,Прибыл_свободным,Владивосток,Владивосток,20,15,0
2006-03-18,TIMU3656871,TIMU3656871_cycle_2,Прибыл_груженый,Москва,Владивосток,20,4,24
2006-03-18,TIMU3656871,TIMU3656871_cycle_2,Отправлен_по_ЖД,Москва,Владивосток,20,0,24
2006-03-18,TIMU5293271,TIMU5293271_cycle_2,Прибыл_груженый,Санкт-Петербург,Владивосток,20,8,43
2006-03-18,TIMU8887794,TIMU8887794_cycle_1,Прибыл_груженый,Санкт-Петербург,Москва,20,15,32
2006-03-18,TOWU6899546,TOWU6899546_cycle_2,Отправлен_грузополучателю,Владивосток,Владивосток,20,1,28
2006-03-18,TOWU7808384,TOWU7808384_cycle_1,Отправлен_грузополучателю,Владивосток,Владивосток,40,1,25
2006-03-18,TOWU8161314,TOWU8161314_cycle_1,Прибыл_груженый,Москва,Владивосток,20,3,36
2006-03-18,WEDU7000544,WEDU7000544_cycle_1,Отправлен_грузополучателю,Санкт-Петербург,Санкт-Петербург,20,2,17
2006-03-19,BUTU7079823,BUTU7079823_cycle_1,Отправлен_грузополучателю,Владивосток,Владивосток,20,2,13
2006-03-19,CRTU1715325,CRTU1715325_cycle_2,Прибыл_по_ЖД,Москва,Москва,40,10,8
2006-03-19,ERKU3112209,ERKU3112209_cycle_1,Отправлен_по_ЖД,Владивосток,Москва,20,1,19
2006-03-19,KNYU1773354,KNYU1773354_cycle_1,Прибыл_груженый,Москва,Владивосток,20,22,18
2006-03-19,KNYU4619290,KNYU4619290_cycle_1,Прибыл_свободным,Владивосток,Владивосток,40,11,0
2006-03-19,KNYU4619290,KNYU4619290_cycle_2,Передан_на_погрузку,Владивосток,Москва,40,0,40
2006-03-19,KNYU9630138,KNYU9630138_cycle_1,Отправлен_грузополучателю,Санкт-Петербург,Санкт-Петербург,20,3,3
2006-03-19,TIMU3631350,TIMU3631350_cycle_1,Прибыл_по_ЖД,Владивосток,Владивосток,20,13,27
2006-03-19,TIMU3631350,TIMU3631350_cycle_1,Отправлен_грузополучателю,Владивосток,Владивосток,20,0,27
2006-03-19,TIMU8887794,TIMU8887794_cycle_1,Отправлен_по_ЖД,Санкт-Петербург,Москва,20,1,31
2006-03-19,TIMU8887794,TIMU8887794_cycle_1,Прибыл_по_ЖД,Москва,Москва,20,0,31
2006-03-19,WEDU5817433,WEDU5817433_cycle_2,Прибыл_по_ЖД,Владивосток,Владивосток,20,16,26
2006-03-20,BUTU2391445,BUTU2391445_cycle_2,Прибыл_груженый,Москва,Владивосток,20,6,6
2006-03-20,CRTU1715325,CRTU1715325_cycle_2,Отправлен_грузополучателю,Москва,Москва,40,1,7
2006-03-20,CRTU8128829,CRTU8128829_cycle_1,Прибыл_свободным,Москва,Москва,20,15,0
2006-03-20,KNYU5372067,KNYU5372067_cycle_2,Отправлен_грузополучателю,Владивосток,Владивосток,40,2,0
2006-03-20,KNYU5372067,KNYU5372067_cycle_2,Прибыл_свободным,Владивосток,Владивосток,40,0,0
2006-03-20,KNYU8798891,KNYU8798891_cycle_1,Прибыл_свободным,Санкт-Петербург,Санкт-Петербург,20,24,0
2006-03-20,WEDU6876299,WEDU6876299_cycle_1,Прибыл_свободным,Владивосток,Владивосток,20,10,0
2006-03-21,CRTU1167966,CRTU1167966_cycle_1,Прибыл_по_ЖД,Санкт-Петербург,Санкт-Петербург,40,5,27
2006-03-21,CRTU3557001,CRTU3557001_cycle_1,Прибыл_свободным,Владивосток,Владивосток,20,26,0
2006-03-21,CRTU8114609,CRTU8114609_cycle_2,Прибыл_груженый,Санкт-Петербург,Москва,20,10,16
2006-03-21,KNYU7944727,KNYU7944727_cycle_1,Прибыл_свободным,Владивосток,Владивосток,20,16,0
2006-03-21,TIMU3137493,TIMU3137493_cycle_1,Прибыл_свободным,Санкт-Петербург,Санкт-Петербург,40,12,0
2006-03-21,TIMU5293271,TIMU5293271_cycle_2,Отправлен_по_ЖД,Санкт-Петербург,Владивосток,20,3,40
2006-03-21,TIMU6180706,TIMU6180706_cycle_1,Прибыл_свободным,Москва,Москва,40,35,0
2006-03-21,TIMU6180706,TIMU6180706_cycle_2,Передан_на_погрузку,Москва,Владивосток,40,0,60
2006-03-21,TIMU8887794,TIMU8887794_cycle_1,Отправлен_грузополучателю,Москва,Москва,20,2,29
2006-03-21,TIMU9543550,TIMU9543550_cycle_1,Прибыл_по_ЖД,Санкт-Петербург,Санкт-Петербург,40,17,1
2006-03-21,TOWU8161314,TOWU8161314_cycle_1,Отправлен_по_ЖД,Москва,Владивосток,20,3,33
2006-03-21,TOWU9896330,TOWU9896330_cycle_2,Прибыл_груженый,Владивосток,Москва,40,8,39
2006-03-21,WEDU2249581,WEDU2249581_cycle_2,Прибыл_груженый,Санкт-Петербург,Москва,20,5,7
2006-03-21,WEDU5817433,WEDU5817433_cycle_2,Отправлен_грузополучателю,Владивосток,Владивосток,20,2,24
2006-03-21,WEDU7707795,WEDU7707795_cycle_2,Передан_на_погрузку,Санкт-Петербург,Москва,40,0,20
2006-03-22,BUTU2391445,BUTU2391445_cycle_2,Отправлен_по_ЖД,Москва,Владивосток,20,2,4
2006-03-22,ERKU7945290,ERKU7945290_cycle_1,Прибыл_по_ЖД,Москва,Москва,20,5,5
2006-03-22,KNYU1773354,KNYU1773354_cycle_1,Отправлен_по_ЖД,Москва,Владивосток,20,3,15
2006-03-22,KNYU4619290,KNYU4619290_cycle_2,Прибыл_груженый,Владивосток,Москва,40,3,37
2006-03-22,KNYU9630138,KNYU9630138_cycle_1,Прибыл_свободным,Санкт-Петербург,Санкт-Петербург,20,3,0
2006-03-22,STNU2517447,STNU2517447_cycle_2,Прибыл_свободным,Владивосток,Владивосток,40,20,0
2006-03-22,TIMU5165088,TIMU5165088_cycle_1,Прибыл_свободным,Санкт-Петербург,Санкт-Петербург,40,30,0
2006-03-22,TIMU9543550,TIMU9543550_cycle_1,Отправлен_грузополучателю,Санкт-Петербург,Санкт-Петербург,40,1,0
2006-03-22,TIMU9543550,TIMU9543550_cycle_1,Прибыл_свободным,Санкт-Петербург,Санкт-Петербург,40,0,0
2006-03-22,TOWU9896330,TOWU9896330_cycle_2,Отправлен_по_ЖД,Владивосток,Москва,40,1,38
2006-03-22,WEDU2383938,WEDU2383938_cycle_2,Передан_на_погрузку,Владивосток,Москва,20,0,47
2006-03-23,CRTU1167966,CRTU1167966_cycle_1,Отправлен_грузополучателю,Санкт-Петербург,Санкт-Петербург,40,2,25
2006-03-23,CRTU6264170,CRTU6264170_cycle_2,Прибыл_груженый,Москва,Санкт-Петербург,40,17,5
2006-03-23,CRTU8114609,CRTU8114609_cycle_2,Отправлен_по_ЖД,Санкт-Петербург,Москва,20,2,14
2006-03-23,CRTU8114609,CRTU8114609_cycle_2,Прибыл_по_ЖД,Москва,Москва,20,0,14
2006-03-23,CRTU8114609,CRTU8114609_cycle_2,Отправлен_грузополучателю,Москва,Москва,20,0,14
2006-03-23,KNYU4619290,KNYU4619290_cycle_2,Отправлен_по_ЖД,Владивосток,Москва,40,1,36
2006-03-23,TIMU7964806,TIMU7964806_cycle_1,Прибыл_груженый,Москва,Владивосток,40,8,22
2006-03-23,WEDU2249581,WEDU2249581_cycle_2,Отправлен_по_ЖД,Санкт-Петербург,Москва,20,2,5
2006-03-23,WEDU2249581,WEDU2249581_cycle_2,Прибыл_по_ЖД,Москва,Москва,20,0,5
2006-03-23,WEDU7707795,WEDU7707795_cycle_2,Прибыл_груженый,Санкт-Петербург,Москва,40,2,18
2006-03-24,BUTU2391445,BUTU2391445_cycle_2,Прибыл_по_ЖД,Владивосток,Владивосток,20,2,2
2006-03-24,BUTU2391445,BUTU2391445_cycle_2,Отправлен_грузополучателю,Владивосток,Владивосток,20,0,2
2006-03-24,CRTU6264170,CRTU6264170_cycle_2,Отправлен_по_ЖД,Москва,Санкт-Петербург,40,1,4
2006-03-24,CRTU6264170,CRTU6264170_cycle_2,Прибыл_по_ЖД,Санкт-Петербург,Санкт-Петербург,40,0,4
2006-03-24,ERKU7945290,ERKU7945290_cycle_1,Отправлен_грузополучателю,Москва,Москва,20,2,3
2006-03-24,KNYU1033833,KNYU1033833_cycle_1,Прибыл_свободным,Санкт-Петербург,Санкт-Петербург,40,17,0
2006-03-24,STNU1402586,STNU1402586_cycle_2,Передан_на_погрузку,Владивосток,Санкт-Петербург,20,0,51
2006-03-24,STNU9487869,STNU9487869_cycle_2,Прибыл_груженый,Москва,Владивосток,40,16,23
2006-03-24,TOWU5842316,TOWU5842316_cycle_1,Прибыл_свободным,Санкт-Петербург,Санкт-Петербург,40,12,0
2006-03-24,TOWU5842316,TOWU5842316_cycle_2,Передан_на_погрузку,Санкт-Петербург,Москва,40,0,21
2006-03-25,CRTU6264170,CRTU6264170_cycle_2,Отправлен_грузополучателю,Санкт-Петербург,Санкт-Петербург,40,1,3
2006-03-25,STNU4510100,STNU4510100_cycle_3,Прибыл_по_ЖД,Владивосток,Владивосток,20,11,24
2006-03-25,TIMU6310893,TIMU6310893_cycle_1,Прибыл_свободным,Санкт-Петербург,Санкт-Петербург,40,22,0
2006-03-25,TIMU6310893,TIMU6310893_cycle_2,Передан_на_погрузку,Санкт-Петербург,Москва,40,0,2
2006-03-25,TIMU6310893,TIMU6310893_cycle_2,Прибыл_груженый,Санкт-Петербург,Москва,40,0,2
2006-03-25,TIMU7964806,TIMU7964806_cycle_1,Отправлен_по_ЖД,Москва,Владивосток,40,2,20
2006-03-25,TIMU8010374,TIMU8010374_cycle_1,Прибыл_по_ЖД,Владивосток,Владивосток,20,12,16
2006-03-25,TOWU5892461,TOWU5892461_cycle_1,Прибыл_по_ЖД,Санкт-Петербург,Санкт-Петербург,40,19,33
2006-03-25,WEDU2249581,WEDU2249581_cycle_2,Отправлен_грузополучателю,Москва,Москва,20,2,3
2006-03-25,WEDU7707795,WEDU7707795_cycle_2,Отправлен_по_ЖД,Санкт-Петербург,Москва,40,2,16
2006-03-26,BUTU2391445,BUTU2391445_cycle_2,Прибыл_свободным,Владивосток,Владивосток,20,2,0
2006-03-26,ERKU4123975,ERKU4123975_cycle_1,Прибыл_свободным,Владивосток,Владивосток,40,25,0
2006-03-26,KNYU6970613,KNYU6970613_cycle_1,Прибыл_свободным,Москва,Москва,20,10,0
2006-03-26,TIMU6310893,TIMU6310893_cycle_2,Отправлен_по_ЖД,Санкт-Петербург,Москва,40,1,1
2006-03-26,TIMU6310893,TIMU6310893_cycle_2,Прибыл_по_ЖД,Москва,Москва,40,0,1
2006-03-26,TIMU6310893,TIMU6310893_cycle_2,Отправлен_грузополучателю,Москва,Москва,40,0,1
2006-03-26,TIMU8061928,TIMU8061928_cycle_1,Прибыл_свободным,Санкт-Петербург,Санкт-Петербург,20,27,0
2006-03-26,TIMU8250428,TIMU8250428_cycle_1,Прибыл_свободным,Санкт-Петербург,Санкт-Петербург,20,12,0
2006-03-26,TOWU2835826,TOWU2835826_cycle_1,Прибыл_свободным,Москва,Москва,40,12,0
2006-03-26,TOWU2984334,TOWU2984334_cycle_2,Прибыл_по_ЖД,Санкт-Петербург,Санкт-Петербург,40,14,10
2006-03-26,TOWU7931879,TOWU7931879_cycle_1,Прибыл_свободным,Москва,Москва,40,9,0
2006-03-27,BUTU9513169,BUTU9513169_cycle_2,Передан_на_погрузку,Владивосток,Санкт-Петербург,40,0,27
2006-03-27,CRTU1715325,CRTU1715325_cycle_2,Прибыл_свободным,Москва,Москва,40,7,0
2006-03-27,CRTU2093770,CRTU2093770_cycle_1,Прибыл_свободным,Санкт-Петербург,Санкт-Петербург,40,31,0
2006-03-27,ERKU5435191,ERKU5435191_cycle_1,Прибыл_свободным,Москва,Москва,20,15,0
2006-03-27,ERKU7945290,ERKU7945290_cycle_1,Прибыл_свободным,Москва,Москва,20,3,0
2006-03-27,KNYU3537798,KNYU3537798_cycle_2,Прибыл_груженый,Владивосток,Москва,20,11,33
2006-03-27,KNYU6806102,KNYU6806102_cycle_1,Прибыл_свободным,Москва,Москва,20,15,0
2006-03-27,STNU5088417,STNU5088417_cycle_1,Прибыл_по_ЖД,Владивосток,Владивосток,40,17,34
2006-03-27,STNU5088417,STNU5088417_cycle_1,Отправлен_грузополучателю,Владивосток,Владивосток,40,0,34
2006-03-27,STNU9487869,STNU9487869_cycle_2,Отправлен_по_ЖД,Москва,Владивосток,40,3,20
2006-03-27,TIMU6310893,TIMU6310893_cycle_2,Прибыл_свободным,Москва,Москва,40,1,0
2006-03-27,TIMU7736033,TIMU7736033_cycle_2,Передан_на_погрузку,Москва,Владивосток,20,0,28
2006-03-27,TIMU8010374,TIMU8010374_cycle_1,Отправлен_грузополучателю,Владивосток,Владивосток,20,2,14
2006-03-27,TOWU2940273,TOWU2940273_cycle_1,Прибыл_свободным,Владивосток,Владивосток,40,15,0
2006-03-27,TOWU2984334,TOWU2984334_cycle_2,Отправлен_грузополучателю,Санкт-Петербург,Санкт-Петербург,40,1,9
2006-03-28,BUTU8954572,BUTU8954572_cycle_2,Передан_на_погрузку,Москва,Санкт-Петербург,40,0,26
2006-03-28,BUTU9513169,BUTU9513169_cycle_2,Прибыл_груженый,Владивосток,Санкт-Петербург,40,1,26
2006-03-28,CRTU6264170,CRTU6264170_cycle_2,Прибыл_свободным,Санкт-Петербург,Санкт-Петербург,40,3,0
2006-03-28,KNYU8173059,KNYU8173059_cycle_2,Прибыл_по_ЖД,Москва,Москва,20,16,2
2006-03-28,KNYU8173059,KNYU8173059_cycle_2,Отправлен_грузополучателю,Москва,Москва,20,0,2
2006-03-28,STNU6396019,STNU6396019_cycle_1,Прибыл_свободным,Москва,Москва,40,17,0
2006-03-28,TOWU5892461,TOWU5892461_cycle_1,Отправлен_грузополучателю,Санкт-Петербург,Санкт-Петербург,40,3,30
2006-03-28,WEDU2249581,WEDU2249581_cycle_2,Прибыл_свободным,Москва,Москва,20,3,0
2006-03-28,WEDU6102098,WEDU6102098_cycle_1,Передан_на_погрузку,Москва,Владивосток,20,0,41
2006-03-29,BUTU7130462,BUTU7130462_cycle_2,Передан_на_погрузку,Москва,Владивосток,20,0,34
2006-03-29,BUTU7130462,BUTU7130462_cycle_2,Прибыл_груженый,Москва,Владивосток,20,0,34
2006-03-29,CRTU1937935,CRTU1937935_cycle_1,Прибыл_свободным,Владивосток,Владивосток,40,11,0
2006-03-29,KNYU1437543,KNYU1437543_cycle_1,Прибыл_свободным,Владивосток,Владивосток,20,16,0
2006-03-29,KNYU1437543,KNYU1437543_cycle_2,Передан_на_погрузку,Владивосток,Санкт-Петербург,20,0,36
2006-03-29,KNYU1824938,KNYU1824938_cycle_1,Прибыл_свободным,Санкт-Петербург,Санкт-Петербург,20,33,0
2006-03-29,STNU2356703,STNU2356703_cycle_1,Прибыл_свободным,Владивосток,Владивосток,40,25,0
2006-03-29,STNU4510100,STNU4510100_cycle_3,Отправлен_грузополучателю,Владивосток,Владивосток,20,4,20
2006-03-29,WEDU9910122,WEDU9910122_cycle_2,Передан_на_погрузку,Москва,Владивосток,40,0,59
2006-03-30,BUTU7130462,BUTU7130462_cycle_2,Отправлен_по_ЖД,Москва,Владивосток,20,1,33
2006-03-30,CRTU6264170,CRTU6264170_cycle_3,Передан_на_погрузку,Санкт-Петербург,Владивосток,40,0,52
2006-03-30,ERKU3112209,ERKU3112209_cycle_1,Прибыл_по_ЖД,Москва,Москва,20,11,8
2006-03-30,KNYU3537798,KNYU3537798_cycle_2,Отправлен_по_ЖД,Владивосток,Москва,20,3,30
2006-03-30,KNYU8173059,KNYU8173059_cycle_2,Прибыл_свободным,Москва,Москва,20,2,0
2006-03-30,TIMU3656871,TIMU3656871_cycle_2,Прибыл_по_ЖД,Владивосток,Владивосток,20,12,12
2006-03-30,WEDU7707795,WEDU7707795_cycle_2,Прибыл_по_ЖД,Москва,Москва,40,5,11
2006-03-30,WEDU8568487,WEDU8568487_cycle_2,Прибыл_по_ЖД,Санкт-Петербург,Санкт-Петербург,40,14,1
2006-03-31,BUTU7001309,BUTU7001309_cycle_2,Передан_на_погрузку,Санкт-Петербург,Москва,20,0,16
2006-03-31,BUTU7001309,BUTU7001309_cycle_2,Прибыл_груженый,Санкт-Петербург,Москва,20,0,16
2006-03-31,BUTU9513169,BUTU9513169_cycle_2,Отправлен_по_ЖД,Владивосток,Санкт-Петербург,40,3,23
2006-03-31,ERKU3112209,ERKU3112209_cycle_1,Отправлен_грузополучателю,Москва,Москва,20,1,7
2006-03-31,ERKU8324044,ERKU8324044_cycle_2,Передан_на_погрузку,Санкт-Петербург,Владивосток,40,0,46
2006-03-31,WEDU7707795,WEDU7707795_cycle_2,Отправлен_грузополучателю,Москва,Москва,40,1,10
2006-03-31,WEDU8568487,WEDU8568487_cycle_2,Отправлен_грузополучателю,Санкт-Петербург,Санкт-Петербург,40,1,0
2006-03-31,WEDU8568487,WEDU8568487_cycle_2,Прибыл_свободным,Санкт-Петербург,Санкт-Петербург,40,0,0
2006-04-01,BUTU7079823,BUTU7079823_cycle_1,Прибыл_свободным,Владивосток,Владивосток,20,13,0
2006-04-01,ERKU3123425,ERKU3123425_cycle_1,Прибыл_по_ЖД,Санкт-Петербург,Санкт-Петербург,20,22,2
2006-04-01,KNYU1437543,KNYU1437543_cycle_2,Прибыл_груженый,Владивосток,Санкт-Петербург,20,3,33
2006-04-01,KNYU1437543,KNYU1437543_cycle_2,Отправлен_по_ЖД,Владивосток,Санкт-Петербург,20,0,33
2006-04-01,KNYU9683883,KNYU9683883_cycle_2,Передан_на_погрузку,Санкт-Петербург,Москва,20,0,51
2006-04-01,TIMU5165088,TIMU5165088_cycle_2,Передан_на_погрузку,Санкт-Петербург,Москва,40,0,31
2006-04-01,TIMU7964806,TIMU7964806_cycle_1,Прибыл_по_ЖД,Владивосток,Владивосток,40,7,13
2006-04-01,WEDU4651205,WEDU4651205_cycle_2,Прибыл_свободным,Владивосток,Владивосток,20,18,0
2006-04-02,BUTU1300953,BUTU1300953_cycle_1,Прибыл_свободным,Москва,Москва,40,26,0
2006-04-02,BUTU7001309,BUTU7001309_cycle_2,Отправлен_по_ЖД,Санкт-Петербург,Москва,20,2,14
2006-04-02,STNU2517447,STNU2517447_cycle_3,Передан_на_погрузку,Владивосток,Санкт-Петербург,40,0,35
2006-04-02,STNU2794431,STNU2794431_cycle_2,Передан_на_погрузку,Владивосток,Санкт-Петербург,20,0,38
2006-04-02,TIMU3656871,TIMU3656871_cycle_2,Отправлен_грузополучателю,Владивосток,Владивосток,20,3,9
2006-04-02,TOWU5842316,TOWU5842316_cycle_2,Прибыл_груженый,Санкт-Петербург,Москва,40,9,12
2006-04-02,TOWU8161314,TOWU8161314_cycle_1,Прибыл_по_ЖД,Владивосток,Владивосток,20,12,21
2006-04-03,ERKU3123425,ERKU3123425_cycle_1,Отправлен_грузополучателю,Санкт-Петербург,Санкт-Петербург,20,2,0
2006-04-03,ERKU3123425,ERKU3123425_cycle_1,Прибыл_свободным,Санкт-Петербург,Санкт-Петербург,20,0,0
2006-04-03,KNYU1773354,KNYU1773354_cycle_1,Прибыл_по_ЖД,Владивосток,Владивосток,20,12,3
2006-04-03,KNYU1773354,KNYU1773354_cycle_1,Отправлен_грузополучателю,Владивосток,Владивосток,20,0,3
2006-04-03,KNYU3021654,KNYU3021654_cycle_2,Прибыл_груженый,Москва,Владивосток,40,17,29
2006-04-03,KNYU4619290,KNYU4619290_cycle_2,Прибыл_по_ЖД,Москва,Москва,40,11,25
2006-04-03,KNYU5786200,KNYU5786200_cycle_2,Передан_на_погрузку,Санкт-Петербург,Владивосток,20,0,43
2006-04-03,KNYU9630138,KNYU9630138_cycle_2,Передан_на_погрузку,Санкт-Петербург,Владивосток,20,0,51
2006-04-03,STNU4919514,STNU4919514_cycle_1,Прибыл_свободным,Владивосток,Владивосток,40,24,0
2006-04-03,TIMU5293271,TIMU5293271_cycle_2,Прибыл_по_ЖД,Владивосток,Владивосток,20,13,27
2006-04-03,TIMU7964806,TIMU7964806_cycle_1,Отправлен_грузополучателю,Владивосток,Владивосток,40,2,11
2006-04-03,TIMU8061928,TIMU8061928_cycle_2,Передан_на_погрузку,Санкт-Петербург,Москва,20,0,34
2006-04-03,TOWU8161314,TOWU8161314_cycle_1,Отправлен_грузополучателю,Владивосток,Владивосток,20,1,20
2006-04-04,KNYU3021654,KNYU3021654_cycle_2,Отправлен_по_ЖД,Москва,Владивосток,40,1,28
2006-04-04,STNU9767317,STNU9767317_cycle_2,Передан_на_погрузку,Владивосток,Москва,20,0,35
2006-04-04,TIMU5293271,TIMU5293271_cycle_2,Отправлен_грузополучателю,Владивосток,Владивосток,20,1,26
2006-04-04,TIMU6180706,TIMU6180706_cycle_2,Прибыл_груженый,Москва,Владивосток,40,14,46
2006-04-04,TOWU5842316,TOWU5842316_cycle_2,Отправлен_по_ЖД,Санкт-Петербург,Москва,40,2,10
2006-04-04,WEDU7000544,WEDU7000544_cycle_1,Прибыл_свободным,Санкт-Петербург,Санкт-Петербург,20,17,0
2006-04-05,KNYU4619290,KNYU4619290_cycle_2,Отправлен_грузополучателю,Москва,Москва,40,2,23
2006-04-05,TIMU7736033,TIMU7736033_cycle_2,Прибыл_груженый,Москва,Владивосток,20,9,19
2006-04-05,TOWU2984334,TOWU2984334_cycle_2,Прибыл_свободным,Санкт-Петербург,Санкт-Петербург,40,9,0
2006-04-05,TOWU5842316,TOWU5842316_cycle_2,Прибыл_по_ЖД,Москва,Москва,40,1,9
2006-04-05,TOWU9896330,TOWU9896330_cycle_2,Прибыл_по_ЖД,Москва,Москва,40,14,24
2006-04-05,TOWU9896330,TOWU9896330_cycle_2,Отправлен_грузополучателю,Москва,Москва,40,0,24
2006-04-05,WEDU9910122,WEDU9910122_cycle_2,Прибыл_груженый,Москва,Владивосток,40,7,52
2006-04-06,CRTU8114609,CRTU8114609_cycle_2,Прибыл_свободным,Москва,Москва,20,14,0
2006-04-06,KNYU1773354,KNYU1773354_cycle_1,Прибыл_свободным,Владивосток,Владивосток,20,3,0
2006-04-06,TIMU7736033,TIMU7736033_cycle_2,Отправлен_по_ЖД,Москва,Владивосток,20,1,18
2006-04-06,TIMU9543550,TIMU9543550_cycle_2,Передан_на_погрузку,Санкт-Петербург,Владивосток,40,0,40
2006-04-07,BUTU7001309,BUTU7001309_cycle_2,Прибыл_по_ЖД,Москва,Москва,20,5,9
2006-04-07,BUTU8954572,BUTU8954572_cycle_2,Прибыл_груженый,Москва,Санкт-Петербург,40,10,16
2006-04-07,ERKU3112209,ERKU3112209_cycle_1,Прибыл_свободным,Москва,Москва,20,7,0
2006-04-07,KNYU1824938,KNYU1824938_cycle_2,Передан_на_погрузку,Санкт-Петербург,Москва,20,0,11
2006-04-07,STNU1402586,STNU1402586_cycle_2,Прибыл_груженый,Владивосток,Санкт-Петербург,20,14,37
2006-04-07,STNU2794431,STNU2794431_cycle_2,Прибыл_груженый,Владивосток,Санкт-Петербург,20,5,33
2006-04-07,TIMU6180706,TIMU6180706_cycle_2,Отправлен_по_ЖД,Москва,Владивосток,40,3,43
2006-04-07,TOWU5842316,TOWU5842316_cycle_2,Отправлен_грузополучателю,Москва,Москва,40,2,7
2006-04-07,WEDU2383938,WEDU2383938_cycle_2,Прибыл_груженый,Владивосток,Москва,20,16,31
2006-04-07,WEDU9910122,WEDU9910122_cycle_2,Отправлен_по_ЖД,Москва,Владивосток,40,2,50
2006-04-08,CRTU2183954,CRTU2183954_cycle_2,Передан_на_погрузку,Москва,Владивосток,40,0,37
2006-04-08,CRTU3557936,CRTU3557936_cycle_3,Передан_на_погрузку,Санкт-Петербург,Москва,20,0,24
2006-04-08,ERKU5797068,ERKU5797068_cycle_2,Передан_на_погрузку,Москва,Санкт-Петербург,40,0,38
2006-04-08,TOWU8381849,TOWU8381849_cycle_2,Передан_на_погрузку,Москва,Владивосток,20,0,40
2006-04-09,BUTU7001309,BUTU7001309_cycle_2,Отправлен_грузополучателю,Москва,Москва,20,2,7
2006-04-09,BUTU8954572,BUTU8954572_cycle_2,Отправлен_по_ЖД,Москва,Санкт-Петербург,40,2,14
2006-04-09,STNU1402586,STNU1402586_cycle_2,Отправлен_по_ЖД,Владивосток,Санкт-Петербург,20,2,35
2006-04-09,WEDU2383938,WEDU2383938_cycle_2,Отправлен_по_ЖД,Владивосток,Москва,20,2,29
2006-04-10,CRTU6264170,CRTU6264170_cycle_3,Прибыл_груженый,Санкт-Петербург,Владивосток,40,11,41
2006-04-10,CRTU6264170,CRTU6264170_cycle_3,Отправлен_по_ЖД,Санкт-Петербург,Владивосток,40,0,41
2006-04-10,ERKU3509749,ERKU3509749_cycle_2,Передан_на_погрузку,Санкт-Петербург,Владивосток,20,0,35
2006-04-10,KNYU5786200,KNYU5786200_cycle_2,Прибыл_груженый,Санкт-Петербург,Владивосток,20,7,36
2006-04-10,STNU9767317,STNU9767317_cycle_2,Прибыл_груженый,Владивосток,Москва,20,6,29
2006-04-10,STNU9767317,STNU9767317_cycle_2,Отправлен_по_ЖД,Владивосток,Москва,20,0,29
2006-04-10,TIMU1636645,TIMU1636645_cycle_2,Передан_на_погрузку,Владивосток,Москва,20,0,43
2006-04-10,TIMU8010374,TIMU8010374_cycle_1,Прибыл_свободным,Владивосток,Владивосток,20,14,0
2006-04-10,WEDU7707795,WEDU7707795_cycle_2,Прибыл_свободным,Москва,Москва,40,10,0
2006-04-11,BUTU8954572,BUTU8954572_cycle_2,Прибыл_по_ЖД,Санкт-Петербург,Санкт-Петербург,40,2,12
2006-04-11,CRTU1521773,CRTU1521773_cycle_2,Передан_на_погрузку,Москва,Владивосток,20,0,35
2006-04-11,CRTU1521773,CRTU1521773_cycle_2,Прибыл_груженый,Москва,Владивосток,20,0,35
2006-04-11,ERKU8324044,ERKU8324044_cycle_2,Прибыл_груженый,Санкт-Петербург,Владивосток,40,11,35
2006-04-11,ERKU8324044,ERKU8324044_cycle_2,Отправлен_по_ЖД,Санкт-Петербург,Владивосток,40,0,35
2006-04-11,KNYU3537798,KNYU3537798_cycle_2,Прибыл_по_ЖД,Москва,Москва,20,12,18
2006-04-11,STNU2517447,STNU2517447_cycle_3,Прибыл_груженый,Владивосток,Санкт-Петербург,40,9,26
2006-04-11,STNU9487869,STNU9487869_cycle_2,Прибыл_по_ЖД,Владивосток,Владивосток,40,15,5
2006-04-11,STNU9487869,STNU9487869_cycle_2,Отправлен_грузополучателю,Владивосток,Владивосток,40,0,5
2006-04-11,TIMU3656871,TIMU3656871_cycle_2,Прибыл_свободным,Владивосток,Владивосток,20,9,0
2006-04-11,TIMU7736033,TIMU7736033_cycle_2,Прибыл_по_ЖД,Владивосток,Владивосток,20,5,13
2006-04-11,TIMU7736033,TIMU7736033_cycle_2,Отправлен_грузополучателю,Владивосток,Владивосток,20,0,13
2006-04-11,TOWU3611630,TOWU3611630_cycle_2,Передан_на_погрузку,Санкт-Петербург,Москва,40,0,4
2006-04-11,TOWU3611630,TOWU3611630_cycle_2,Прибыл_груженый,Санкт-Петербург,Москва,40,0,4
2006-04-11,WEDU6102098,WEDU6102098_cycle_1,Прибыл_груженый,Москва,Владивосток,20,14,27
2006-04-11,WEDU7707795,WEDU7707795_cycle_3,Передан_на_погрузку,Москва,Владивосток,40,0,29
2006-04-12,BUTU8954572,BUTU8954572_cycle_2,Отправлен_грузополучателю,Санкт-Петербург,Санкт-Петербург,40,1,11
2006-04-12,KNYU3537798,KNYU3537798_cycle_2,Отправлен_грузополучателю,Москва,Москва,20,1,17
2006-04-12,KNYU5372067,KNYU5372067_cycle_3,Передан_на_погрузку,Владивосток,Москва,40,0,53
2006-04-12,KNYU9630138,KNYU9630138_cycle_2,Прибыл_груженый,Санкт-Петербург,Владивосток,20,9,42
2006-04-12,STNU2517447,STNU2517447_cycle_3,Отправлен_по_ЖД,Владивосток,Санкт-Петербург,40,1,25
2006-04-12,STNU2794431,STNU2794431_cycle_2,Отправлен_по_ЖД,Владивосток,Санкт-Петербург,20,5,28
2006-04-12,TIMU8061928,TIMU8061928_cycle_2,Прибыл_груженый,Санкт-Петербург,Москва,20,9,25
2006-04-12,TOWU2984334,TOWU2984334_cycle_3,Передан_на_погрузку,Санкт-Петербург,Москва,40,0,48
2006-04-12,TOWU7808384,TOWU7808384_cycle_1,Прибыл_свободным,Владивосток,Владивосток,40,25,0
2006-04-12,WEDU6102098,WEDU6102098_cycle_1,Отправлен_по_ЖД,Москва,Владивосток,20,1,26
2006-04-13,BUTU7130462,BUTU7130462_cycle_2,Прибыл_по_ЖД,Владивосток,Владивосток,20,14,19
2006-04-13,CRTU1521773,CRTU1521773_cycle_2,Отправлен_по_ЖД,Москва,Владивосток,20,2,33
2006-04-13,CRTU5834937,CRTU5834937_cycle_2,Передан_на_погрузку,Владивосток,Санкт-Петербург,20,0,57
2006-04-13,ERKU5797068,ERKU5797068_cycle_2,Прибыл_груженый,Москва,Санкт-Петербург,40,5,33
2006-04-13,KNYU3021654,KNYU3021654_cycle_2,Прибыл_по_ЖД,Владивосток,Владивосток,40,9,19
2006-04-13,KNYU5786200,KNYU5786200_cycle_2,Отправлен_по_ЖД,Санкт-Петербург,Владивосток,20,3,33
2006-04-13,KNYU6806102,KNYU6806102_cycle_2,Передан_на_погрузку,Москва,Санкт-Петербург,20,0,21
2006-04-13,TIMU8061928,TIMU8061928_cycle_2,Отправлен_по_ЖД,Санкт-Петербург,Москва,20,1,24
2006-04-13,WEDU6874585,WEDU6874585_cycle_1,Прибыл_свободным,Владивосток,Владивосток,20,31,0
2006-04-14,BUTU9513169,BUTU9513169_cycle_2,Прибыл_по_ЖД,Санкт-Петербург,Санкт-Петербург,40,14,9
2006-04-14,CRTU8128829,CRTU8128829_cycle_2,Передан_на_погрузку,Москва,Владивосток,20,0,24
2006-04-14,KNYU1824938,KNYU1824938_cycle_2,Прибыл_груженый,Санкт-Петербург,Москва,20,7,4
2006-04-14,KNYU9683883,KNYU9683883_cycle_2,Прибыл_груженый,Санкт-Петербург,Москва,20,13,38
2006-04-14,TIMU6310893,TIMU6310893_cycle_3,Передан_на_погрузку,Москва,Санкт-Петербург,40,0,37
2006-04-14,TIMU7964806,TIMU7964806_cycle_1,Прибыл_свободным,Владивосток,Владивосток,40,11,0
2006-04-14,TOWU3611630,TOWU3611630_cycle_2,Отправлен_по_ЖД,Санкт-Петербург,Москва,40,3,1
2006-04-14,TOWU3611630,TOWU3611630_cycle_2,Прибыл_по_ЖД,Москва,Москва,40,0,1
2006-04-14,TOWU5842316,TOWU5842316_cycle_2,Прибыл_свободным,Москва,Москва,40,7,0
2006-04-14,TOWU5842316,TOWU5842316_cycle_3,Передан_на_погрузку,Москва,Санкт-Петербург,40,0,23
2006-04-14,WEDU5817433,WEDU5817433_cycle_2,Прибыл_свободным,Владивосток,Владивосток,20,24,0
2006-04-15,BUTU7079823,BUTU7079823_cycle_2,Передан_на_погрузку,Владивосток,Санкт-Петербург,20,0,44
2006-04-15,BUTU9513169,BUTU9513169_cycle_2,Отправлен_грузополучателю,Санкт-Петербург,Санкт-Петербург,40,1,8
2006-04-15,CRTU8128829,CRTU8128829_cycle_2,Прибыл_груженый,Москва,Владивосток,20,1,23
2006-04-15,ERKU5797068,ERKU5797068_cycle_2,Отправлен_по_ЖД,Москва,Санкт-Петербург,40,2,31
2006-04-15,ERKU5797068,ERKU5797068_cycle_2,Прибыл_по_ЖД,Санкт-Петербург,Санкт-Петербург,40,0,31
2006-04-15,ERKU5797068,ERKU5797068_cycle_2,Отправлен_грузополучателю,Санкт-Петербург,Санкт-Петербург,40,0,31
2006-04-15,KNYU1824938,KNYU1824938_cycle_2,Отправлен_по_ЖД,Санкт-Петербург,Москва,20,1,3
2006-04-15,KNYU1824938,KNYU1824938_cycle_2,Прибыл_по_ЖД,Москва,Москва,20,0,3
2006-04-15,KNYU9630138,KNYU9630138_cycle_2,Отправлен_по_ЖД,Санкт-Петербург,Владивосток,20,3,39
2006-04-15,TIMU3631350,TIMU3631350_cycle_1,Прибыл_свободным,Владивосток,Владивосток,20,27,0
2006-04-15,TIMU5165088,TIMU5165088_cycle_2,Прибыл_груженый,Санкт-Петербург,Москва,40,14,17
2006-04-15,TOWU3611630,TOWU3611630_cycle_2,Отправлен_грузополучателю,Москва,Москва,40,1,0
2006-04-15,TOWU3611630,TOWU3611630_cycle_2,Прибыл_свободным,Москва,Москва,40,0,0
2006-04-15,TOWU6899546,TOWU6899546_cycle_2,Прибыл_свободным,Владивосток,Владивосток,20,28,0
2006-04-15,TOWU9892746,TOWU9892746_cycle_2,Передан_на_погрузку,Владивосток,Санкт-Петербург,40,0,27
2006-04-16,BUTU7001309,BUTU7001309_cycle_2,Прибыл_свободным,Москва,Москва,20,7,0
2006-04-16,BUTU7130462,BUTU7130462_cycle_2,Отправлен_грузополучателю,Владивосток,Владивосток,20,3,16
2006-04-16,CRTU2183954,CRTU2183954_cycle_2,Прибыл_груженый,Москва,Владивосток,40,8,29
2006-04-16,CRTU8128829,CRTU8128829_cycle_2,Отправлен_по_ЖД,Москва,Владивосток,20,1,22
2006-04-16,ERKU4123975,ERKU4123975_cycle_2,Передан_на_погрузку,Владивосток,Москва,40,0,50
2006-04-16,ERKU5435191,ERKU5435191_cycle_2,Передан_на_погрузку,Москва,Санкт-Петербург,20,0,36
2006-04-16,KNYU3021654,KNYU3021654_cycle_2,Отправлен_грузополучателю,Владивосток,Владивосток,40,3,16
2006-04-16,STNU9487869,STNU9487869_cycle_2,Прибыл_свободным,Владивосток,Владивосток,40,5,0
2006-04-16,TIMU5165088,TIMU5165088_cycle_2,Отправлен_по_ЖД,Санкт-Петербург,Москва,40,1,16
2006-04-16,TIMU8061928,TIMU8061928_cycle_2,Прибыл_по_ЖД,Москва,Москва,20,3,21
2006-04-16,WEDU6102098,WEDU6102098_cycle_1,Прибыл_по_ЖД,Владивосток,Владивосток,20,4,22
2006-04-17,CRTU1167966,CRTU1167966_cycle_1,Прибыл_свободным,Санкт-Петербург,Санкт-Петербург,40,25,0
2006-04-17,CRTU1167966,CRTU1167966_cycle_2,Передан_на_погрузку,Санкт-Петербург,Москва,40,0,42
2006-04-17,CRTU2183954,CRTU2183954_cycle_2,Отправлен_по_ЖД,Москва,Владивосток,40,1,28
2006-04-17,CRTU3557001,CRTU3557001_cycle_2,Передан_на_погрузку,Владивосток,Москва,20,0,36
2006-04-17,KNYU6806102,KNYU6806102_cycle_2,Прибыл_груженый,Москва,Санкт-Петербург,20,4,17
2006-04-17,KNYU9683883,KNYU9683883_cycle_2,Отправлен_по_ЖД,Санкт-Петербург,Москва,20,3,35
2006-04-17,KNYU9683883,KNYU9683883_cycle_2,Прибыл_по_ЖД,Москва,Москва,20,0,35
2006-04-17,STNU9845862,STNU9845862_cycle_2,Передан_на_погрузку,Москва,Владивосток,40,0,41
2006-04-17,WEDU6102098,WEDU6102098_cycle_1,Отправлен_грузополучателю,Владивосток,Владивосток,20,1,21
2006-04-18,KNYU1437543,KNYU1437543_cycle_2,Прибыл_по_ЖД,Санкт-Петербург,Санкт-Петербург,20,17,16
2006-04-18,KNYU1824938,KNYU1824938_cycle_2,Отправлен_грузополучателю,Москва,Москва,20,3,0
2006-04-18,KNYU1824938,KNYU1824938_cycle_2,Прибыл_свободным,Москва,Москва,20,0,0
2006-04-18,KNYU7944727,KNYU7944727_cycle_2,Передан_на_погрузку,Владивосток,Санкт-Петербург,20,0,29
2006-04-18,STNU4510100,STNU4510100_cycle_3,Прибыл_свободным,Владивосток,Владивосток,20,20,0
2006-04-18,TIMU6310893,TIMU6310893_cycle_3,Прибыл_груженый,Москва,Санкт-Петербург,40,4,33
2006-04-18,TIMU6310893,TIMU6310893_cycle_3,Отправлен_по_ЖД,Москва,Санкт-Петербург,40,0,33
2006-04-18,TIMU8061928,TIMU8061928_cycle_2,Отправлен_грузополучателю,Москва,Москва,20,2,19
2006-04-19,CRTU3557936,CRTU3557936_cycle_3,Прибыл_груженый,Санкт-Петербург,Москва,20,11,13
2006-04-19,KNYU6806102,KNYU6806102_cycle_2,Отправлен_по_ЖД,Москва,Санкт-Петербург,20,2,15
2006-04-19,KNYU6806102,KNYU6806102_cycle_2,Прибыл_по_ЖД,Санкт-Петербург,Санкт-Петербург,20,0,15
2006-04-19,KNYU6970613,KNYU6970613_cycle_2,Передан_на_погрузку,Москва,Санкт-Петербург,20,0,23
2006-04-19,KNYU9683883,KNYU9683883_cycle_2,Отправлен_грузополучателю,Москва,Москва,20,2,33
2006-04-19,STNU3092282,STNU3092282_cycle_2,Передан_на_погрузку,Владивосток,Москва,40,0,48
2006-04-19,TIMU8887794,TIMU8887794_cycle_1,Прибыл_свободным,Москва,Москва,20,29,0
2006-04-20,CRTU3557936,CRTU3557936_cycle_3,Отправлен_по_ЖД,Санкт-Петербург,Москва,20,1,12
2006-04-20,KNYU1437543,KNYU1437543_cycle_2,Отправлен_грузополучателю,Санкт-Петербург,Санкт-Петербург,20,2,14
2006-04-20,KNYU3335859,KNYU3335859_cycle_2,Передан_на_погрузку,Москва,Санкт-Петербург,20,0,53
2006-04-20,TIMU1636645,TIMU1636645_cycle_2,Прибыл_груженый,Владивосток,Москва,20,10,33
2006-04-20,TIMU1636645,TIMU1636645_cycle_2,Отправлен_по_ЖД,Владивосток,Москва,20,0,33
2006-04-20,TIMU5165088,TIMU5165088_cycle_2,Прибыл_по_ЖД,Москва,Москва,40,4,12
2006-04-20,TIMU9543550,TIMU9543550_cycle_2,Прибыл_груженый,Санкт-Петербург,Владивосток,40,14,26
2006-04-20,TOWU3611630,TOWU3611630_cycle_3,Передан_на_погрузку,Москва,Владивосток,40,0,49
2006-04-21,CRTU3557936,CRTU3557936_cycle_3,Прибыл_по_ЖД,Москва,Москва,20,1,11
2006-04-21,CRTU8114609,CRTU8114609_cycle_3,Передан_на_погрузку,Москва,Владивосток,20,0,22
2006-04-21,ERKU3123425,ERKU3123425_cycle_2,Передан_на_погрузку,Санкт-Петербург,Владивосток,20,0,31
2006-04-21,ERKU3123425,ERKU3123425_cycle_2,Прибыл_груженый,Санкт-Петербург,Владивосток,20,0,31
2006-04-21,ERKU3123425,ERKU3123425_cycle_2,Отправлен_по_ЖД,Санкт-Петербург,Владивосток,20,0,31
2006-04-21,KNYU1033833,KNYU1033833_cycle_2,Передан_на_погрузку,Санкт-Петербург,Москва,40,0,44
2006-04-21,KNYU6806102,KNYU6806102_cycle_2,Отправлен_грузополучателю,Санкт-Петербург,Санкт-Петербург,20,2,13
2006-04-21,STNU9767317,STNU9767317_cycle_2,Прибыл_по_ЖД,Москва,Москва,20,11,18
2006-04-21,TOWU2940273,TOWU2940273_cycle_2,Передан_на_погрузку,Владивосток,Санкт-Петербург,40,0,27
2006-04-22,ERKU3509749,ERKU3509749_cycle_2,Прибыл_груженый,Санкт-Петербург,Владивосток,20,12,23
2006-04-22,KNYU8173059,KNYU8173059_cycle_3,Передан_на_погрузку,Москва,Санкт-Петербург,20,0,25
2006-04-22,STNU9487869,STNU9487869_cycle_3,Передан_на_погрузку,Владивосток,Москва,40,0,30
2006-04-22,STNU9767317,STNU9767317_cycle_2,Отправлен_грузополучателю,Москва,Москва,20,1,17
2006-04-22,TIMU9543550,TIMU9543550_cycle_2,Отправлен_по_ЖД,Санкт-Петербург,Владивосток,40,2,24
2006-04-22,WEDU6876299,WEDU6876299_cycle_2,Передан_на_погрузку,Владивосток,Москва,20,0,45
2006-04-23,BUTU8954572,BUTU8954572_cycle_2,Прибыл_свободным,Санкт-Петербург,Санкт-Петербург,40,11,0
2006-04-23,BUTU9513169,BUTU9513169_cycle_2,Прибыл_свободным,Санкт-Петербург,Санкт-Петербург,40,8,0
2006-04-23,ERKU8281105,ERKU8281105_cycle_2,Передан_на_погрузку,Москва,Санкт-Петербург,40,0,21
2006-04-23,TIMU5165088,TIMU5165088_cycle_2,Отправлен_грузополучателю,Москва,Москва,40,3,9
2006-04-23,TIMU6180706,TIMU6180706_cycle_2,Прибыл_по_ЖД,Владивосток,Владивосток,40,16,27
2006-04-23,TOWU2984334,TOWU2984334_cycle_3,Прибыл_груженый,Санкт-Петербург,Москва,40,11,37
2006-04-23,TOWU5842316,TOWU5842316_cycle_3,Прибыл_груженый,Москва,Санкт-Петербург,40,9,14
2006-04-23,TOWU8161314,TOWU8161314_cycle_1,Прибыл_свободным,Владивосток,Владивосток,20,20,0
2006-04-23,TOWU9892746,TOWU9892746_cycle_2,Прибыл_груженый,Владивосток,Санкт-Петербург,40,8,19
2006-04-23,WEDU7707795,WEDU7707795_cycle_3,Прибыл_груженый,Москва,Владивосток,40,12,17
2006-04-24,BUTU9513169,BUTU9513169_cycle_3,Передан_на_погрузку,Санкт-Петербург,Москва,40,0,54
2006-04-24,CRTU3557936,CRTU3557936_cycle_3,Отправлен_грузополучателю,Москва,Москва,20,3,8
2006-04-24,STNU2794431,STNU2794431_cycle_2,Прибыл_по_ЖД,Санкт-Петербург,Санкт-Петербург,20,12,16
2006-04-24,STNU6396019,STNU6396019_cycle_2,Передан_на_погрузку,Москва,Санкт-Петербург,40,0,45
2006-04-24,TIMU6310893,TIMU6310893_cycle_3,Прибыл_по_ЖД,Санкт-Петербург,Санкт-Петербург,40,6,27
2006-04-24,TIMU7736033,TIMU7736033_cycle_2,Прибыл_свободным,Владивосток,Владивосток,20,13,0
2006-04-24,TOWU5842316,TOWU5842316_cycle_3,Отправлен_по_ЖД,Москва,Санкт-Петербург,40,1,13
2006-04-24,TOWU5842316,TOWU5842316_cycle_3,Прибыл_по_ЖД,Санкт-Петербург,Санкт-Петербург,40,0,13
2006-04-24,WEDU2249581,WEDU2249581_cycle_3,Передан_на_погрузку,Москва,Санкт-Петербург,20,0,12
2006-04-24,WEDU2383938,WEDU2383938_cycle_2,Прибыл_по_ЖД,Москва,Москва,20,15,14
2006-04-24,WEDU2383938,WEDU2383938_cycle_2,Отправлен_грузополучателю,Москва,Москва,20,0,14
2006-04-24,WEDU9910122,WEDU9910122_cycle_2,Прибыл_по_ЖД,Владивосток,Владивосток,40,17,33
2006-04-25,BUTU4321000,BUTU4321000_cycle_3,Передан_на_погрузку,Москва,Санкт-Петербург,40,0,20
2006-04-25,ERKU3509749,ERKU3509749_cycle_2,Отправлен_по_ЖД,Санкт-Петербург,Владивосток,20,3,20
2006-04-25,KNYU7944727,KNYU7944727_cycle_2,Прибыл_груженый,Владивосток,Санкт-Петербург,20,7,22
2006-04-25,STNU2517447,STNU2517447_cycle_3,Прибыл_по_ЖД,Санкт-Петербург,Санкт-Петербург,40,13,12
2006-04-25,STNU2794431,STNU2794431_cycle_2,Отправлен_грузополучателю,Санкт-Петербург,Санкт-Петербург,20,1,15
2006-04-25,TIMU6180706,TIMU6180706_cycle_2,Отправлен_грузополучателю,Владивосток,Владивосток,40,2,25
2006-04-25,TOWU2984334,TOWU2984334_cycle_3,Отправлен_по_ЖД,Санкт-Петербург,Москва,40,2,35
2006-04-25,TOWU2984334,TOWU2984334_cycle_3,Прибыл_по_ЖД,Москва,Москва,40,0,35
2006-04-25,TOWU8381849,TOWU8381849_cycle_2,Прибыл_груженый,Москва,Владивосток,20,17,23
2006-04-26,CRTU8114609,CRTU8114609_cycle_3,Прибыл_груженый,Москва,Владивосток,20,5,17
2006-04-26,ERKU5435191,ERKU5435191_cycle_2,Прибыл_груженый,Москва,Санкт-Петербург,20,10,26
2006-04-26,KNYU7944727,KNYU7944727_cycle_2,Отправлен_по_ЖД,Владивосток,Санкт-Петербург,20,1,21
2006-04-26,TIMU6310893,TIMU6310893_cycle_3,Отправлен_грузополучателю,Санкт-Петербург,Санкт-Петербург,40,2,25
2006-04-26,TOWU5842316,TOWU5842316_cycle_3,Отправлен_грузополучателю,Санкт-Петербург,Санкт-Петербург,40,2,11
2006-04-26,TOWU9892746,TOWU9892746_cycle_2,Отправлен_по_ЖД,Владивосток,Санкт-Петербург,40,3,16
2006-04-26,WEDU2249581,WEDU2249581_cycle_3,Прибыл_груженый,Москва,Санкт-Петербург,20,2,10
2006-04-26,WEDU6876299,WEDU6876299_cycle_2,Прибыл_груженый,Владивосток,Москва,20,4,41
2006-04-26,WEDU6876299,WEDU6876299_cycle_2,Отправлен_по_ЖД,Владивосток,Москва,20,0,41
2006-04-26,WEDU7707795,WEDU7707795_cycle_3,Отправлен_по_ЖД,Москва,Владивосток,40,3,14
2006-04-27,CRTU3557001,CRTU3557001_cycle_2,Прибыл_груженый,Владивосток,Москва,20,10,26
2006-04-27,CRTU6264170,CRTU6264170_cycle_3,Прибыл_по_ЖД,Владивосток,Владивосток,40,17,24
2006-04-27,CRTU8128829,CRTU8128829_cycle_2,Прибыл_по_ЖД,Владивосток,Владивосток,20,11,11
2006-04-27,ERKU7945290,ERKU7945290_cycle_2,Передан_на_погрузку,Москва,Санкт-Петербург,20,0,45
2006-04-27,STNU2517447,STNU2517447_cycle_3,Отправлен_грузополучателю,Санкт-Петербург,Санкт-Петербург,40,2,10
2006-04-27,STNU9487869,STNU9487869_cycle_3,Прибыл_груженый,Владивосток,Москва,40,5,25
2006-04-27,STNU9487869,STNU9487869_cycle_3,Отправлен_по_ЖД,Владивосток,Москва,40,0,25
2006-04-27,TOWU5892461,TOWU5892461_cycle_1,Прибыл_свободным,Санкт-Петербург,Санкт-Петербург,40,30,0
2006-04-27,TOWU5892461,TOWU5892461_cycle_2,Передан_на_погрузку,Санкт-Петербург,Владивосток,40,0,46
2006-04-27,TOWU8381849,TOWU8381849_cycle_2,Отправлен_по_ЖД,Москва,Владивосток,20,2,21
2006-04-27,WEDU9910122,WEDU9910122_cycle_2,Отправлен_грузополучателю,Владивосток,Владивосток,40,3,30
2006-04-28,CRTU5834937,CRTU5834937_cycle_2,Прибыл_груженый,Владивосток,Санкт-Петербург,20,15,42
2006-04-28,CRTU5834937,CRTU5834937_cycle_2,Отправлен_по_ЖД,Владивосток,Санкт-Петербург,20,0,42
2006-04-28,CRTU6264170,CRTU6264170_cycle_3,Отправлен_грузополучателю,Владивосток,Владивосток,40,1,23
2006-04-28,CRTU8114609,CRTU8114609_cycle_3,Отправлен_по_ЖД,Москва,Владивосток,20,2,15
2006-04-28,ERKU5435191,ERKU5435191_cycle_2,Отправлен_по_ЖД,Москва,Санкт-Петербург,20,2,24
2006-04-28,KNYU4619290,KNYU4619290_cycle_2,Прибыл_свободным,Москва,Москва,40,23,0
2006-04-28,STNU1402586,STNU1402586_cycle_2,Прибыл_по_ЖД,Санкт-Петербург,Санкт-Петербург,20,19,16
2006-04-28,TOWU2984334,TOWU2984334_cycle_3,Отправлен_грузополучателю,Москва,Москва,40,3,32
2006-04-28,TOWU6899546,TOWU6899546_cycle_3,Передан_на_погрузку,Владивосток,Санкт-Петербург,20,0,63
2006-04-29,CRTU8128829,CRTU8128829_cycle_2,Отправлен_грузополучателю,Владивосток,Владивосток,20,2,9
2006-04-29,ERKU8324044,ERKU8324044_cycle_2,Прибыл_по_ЖД,Владивосток,Владивосток,40,18,17
2006-04-29,KNYU1824938,KNYU1824938_cycle_3,Передан_на_погрузку,Москва,Владивосток,20,0,25
2006-04-29,KNYU3537798,KNYU3537798_cycle_2,Прибыл_свободным,Москва,Москва,20,17,0
2006-04-29,TOWU8161314,TOWU8161314_cycle_2,Передан_на_погрузку,Владивосток,Москва,20,0,37
2006-04-29,TOWU9896330,TOWU9896330_cycle_2,Прибыл_свободным,Москва,Москва,40,24,0
2006-04-29,TOWU9896330,TOWU9896330_cycle_3,Передан_на_погрузку,Москва,Владивосток,40,0,29
2006-04-29,WEDU2249581,WEDU2249581_cycle_3,Отправлен_по_ЖД,Москва,Санкт-Петербург,20,3,7
2006-04-29,WEDU2249581,WEDU2249581_cycle_3,Прибыл_по_ЖД,Санкт-Петербург,Санкт-Петербург,20,0,7
2006-04-29,WEDU4651205,WEDU4651205_cycle_3,Передан_на_погрузку,Владивосток,Санкт-Петербург,20,0,26
2006-04-30,BUTU7079823,BUTU7079823_cycle_2,Прибыл_груженый,Владивосток,Санкт-Петербург,20,15,29
2006-04-30,CRTU3557001,CRTU3557001_cycle_2,Отправлен_по_ЖД,Владивосток,Москва,20,3,23
2006-04-30,KNYU5372067,KNYU5372067_cycle_3,Прибыл_груженый,Владивосток,Москва,40,18,35
2006-04-30,KNYU5786200,KNYU5786200_cycle_2,Прибыл_по_ЖД,Владивосток,Владивосток,20,17,16
2006-04-30,KNYU5786200,KNYU5786200_cycle_2,Отправлен_грузополучателю,Владивосток,Владивосток,20,0,16
2006-04-30,STNU1402586,STNU1402586_cycle_2,Отправлен_грузополучателю,Санкт-Петербург,Санкт-Петербург,20,2,14
2006-04-30,STNU4919514,STNU4919514_cycle_2,Передан_на_погрузку,Владивосток,Москва,40,0,26
2006-04-30,STNU5088417,STNU5088417_cycle_1,Прибыл_свободным,Владивосток,Владивосток,40,34,0
2006-04-30,STNU6396019,STNU6396019_cycle_2,Прибыл_груженый,Москва,Санкт-Петербург,40,6,39
2006-04-30,TIMU5293271,TIMU5293271_cycle_2,Прибыл_свободным,Владивосток,Владивосток,20,26,0
2006-04-30,TOWU2940273,TOWU2940273_cycle_2,Прибыл_груженый,Владивосток,Санкт-Петербург,40,9,18
2006-04-30,TOWU3611630,TOWU3611630_cycle_3,Прибыл_груженый,Москва,Владивосток,40,10,39
2006-05-01,BUTU7079823,BUTU7079823_cycle_2,Отправлен_по_ЖД,Владивосток,Санкт-Петербург,20,1,28
2006-05-01,CRTU1521773,CRTU1521773_cycle_2,Прибыл_по_ЖД,Владивосток,Владивосток,20,18,15
2006-05-01,ERKU5435191,ERKU5435191_cycle_2,Прибыл_по_ЖД,Санкт-Петербург,Санкт-Петербург,20,3,21
2006-05-01,ERKU8324044,ERKU8324044_cycle_2,Отправлен_грузополучателю,Владивосток,Владивосток,40,2,15
2006-05-01,KNYU8798891,KNYU8798891_cycle_2,Передан_на_погрузку,Санкт-Петербург,Москва,20,0,29
2006-05-01,TIMU8887794,TIMU8887794_cycle_2,Передан_на_погрузку,Москва,Санкт-Петербург,20,0,37
2006-05-01,TOWU2940273,TOWU2940273_cycle_2,Отправлен_по_ЖД,Владивосток,Санкт-Петербург,40,1,17
2006-05-01,TOWU3611630,TOWU3611630_cycle_3,Отправлен_по_ЖД,Москва,Владивосток,40,1,38
2006-05-01,WEDU2249581,WEDU2249581_cycle_3,Отправлен_грузополучателю,Санкт-Петербург,Санкт-Петербург,20,2,5
2006-05-02,BUTU7001309,BUTU7001309_cycle_3,Передан_на_погрузку,Москва,Владивосток,20,0,18
2006-05-02,BUTU7001309,BUTU7001309_cycle_3,Прибыл_груженый,Москва,Владивосток,20,0,18
2006-05-02,BUTU7130462,BUTU7130462_cycle_2,Прибыл_свободным,Владивосток,Владивосток,20,16,0
2006-05-02,CRTU1167966,CRTU1167966_cycle_2,Прибыл_груженый,Санкт-Петербург,Москва,40,15,27
2006-05-02,CRTU1521773,CRTU1521773_cycle_2,Отправлен_грузополучателю,Владивосток,Владивосток,20,1,14
2006-05-02,CRTU3557936,CRTU3557936_cycle_3,Прибыл_свободным,Москва,Москва,20,8,0
2006-05-02,KNYU3021654,KNYU3021654_cycle_2,Прибыл_свободным,Владивосток,Владивосток,40,16,0
2006-05-02,KNYU3021654,KNYU3021654_cycle_3,Передан_на_погрузку,Владивосток,Санкт-Петербург,40,0,28
2006-05-02,KNYU6970613,KNYU6970613_cycle_2,Прибыл_груженый,Москва,Санкт-Петербург,20,13,10
2006-05-02,KNYU9630138,KNYU9630138_cycle_2,Прибыл_по_ЖД,Владивосток,Владивосток,20,17,22
2006-05-02,KNYU9630138,KNYU9630138_cycle_2,Отправлен_грузополучателю,Владивосток,Владивосток,20,0,22
2006-05-02,STNU3092282,STNU3092282_cycle_2,Прибыл_груженый,Владивосток,Москва,40,13,35
2006-05-02,STNU6396019,STNU6396019_cycle_2,Отправлен_по_ЖД,Москва,Санкт-Петербург,40,2,37
2006-05-02,STNU6396019,STNU6396019_cycle_2,Прибыл_по_ЖД,Санкт-Петербург,Санкт-Петербург,40,0,37
2006-05-02,TIMU5165088,TIMU5165088_cycle_2,Прибыл_свободным,Москва,Москва,40,9,0
2006-05-02,TIMU5165088,TIMU5165088_cycle_3,Передан_на_погрузку,Москва,Санкт-Петербург,40,0,18
2006-05-02,WEDU5817433,WEDU5817433_cycle_3,Передан_на_погрузку,Владивосток,Москва,20,0,42
2006-05-03,BUTU2391445,BUTU2391445_cycle_3,Передан_на_погрузку,Владивосток,Москва,20,0,48
2006-05-03,CRTU2183954,CRTU2183954_cycle_2,Прибыл_по_ЖД,Владивосток,Владивосток,40,16,12
2006-05-03,CRTU2183954,CRTU2183954_cycle_2,Отправлен_грузополучателю,Владивосток,Владивосток,40,0,12
2006-05-03,ERKU8281105,ERKU8281105_cycle_2,Прибыл_груженый,Москва,Санкт-Петербург,40,10,11
2006-05-03,KNYU5372067,KNYU5372067_cycle_3,Отправлен_по_ЖД,Владивосток,Москва,40,3,32
2006-05-03,STNU3092282,STNU3092282_cycle_2,Отправлен_по_ЖД,Владивосток,Москва,40,1,34
2006-05-03,STNU6396019,STNU6396019_cycle_2,Отправлен_грузополучателю,Санкт-Петербург,Санкт-Петербург,40,1,36
2006-05-03,TIMU3137493,TIMU3137493_cycle_2,Передан_на_погрузку,Санкт-Петербург,Москва,40,0,30
2006-05-03,TIMU3137493,TIMU3137493_cycle_2,Прибыл_груженый,Санкт-Петербург,Москва,40,0,30
2006-05-04,ERKU3123425,ERKU3123425_cycle_2,Прибыл_по_ЖД,Владивосток,Владивосток,20,13,18
2006-05-04,ERKU4123975,ERKU4123975_cycle_2,Прибыл_груженый,Владивосток,Москва,40,18,32
2006-05-04,ERKU4123975,ERKU4123975_cycle_2,Отправлен_по_ЖД,Владивосток,Москва,40,0,32
2006-05-04,ERKU5435191,ERKU5435191_cycle_2,Отправлен_грузополучателю,Санкт-Петербург,Санкт-Петербург,20,3,18
2006-05-04,KNYU1437543,KNYU1437543_cycle_2,Прибыл_свободным,Санкт-Петербург,Санкт-Петербург,20,14,0
2006-05-04,KNYU6806102,KNYU6806102_cycle_2,Прибыл_свободным,Санкт-Петербург,Санкт-Петербург,20,13,0
2006-05-04,STNU2356703,STNU2356703_cycle_2,Передан_на_погрузку,Владивосток,Москва,40,0,23
2006-05-04,STNU2356703,STNU2356703_cycle_2,Прибыл_груженый,Владивосток,Москва,40,0,23
2006-05-04,STNU9845862,STNU9845862_cycle_2,Прибыл_груженый,Москва,Владивосток,40,17,24
2006-05-04,STNU9845862,STNU9845862_cycle_2,Отправлен_по_ЖД,Москва,Владивосток,40,0,24
2006-05-04,TIMU1636645,TIMU1636645_cycle_2,Прибыл_по_ЖД,Москва,Москва,20,14,19
2006-05-04,TOWU2835826,TOWU2835826_cycle_2,Передан_на_погрузку,Москва,Владивосток,40,0,43
2006-05-05,BUTU7001309,BUTU7001309_cycle_3,Отправлен_по_ЖД,Москва,Владивосток,20,3,15
2006-05-05,CRTU1167966,CRTU1167966_cycle_2,Отправлен_по_ЖД,Санкт-Петербург,Москва,40,3,24
2006-05-05,CRTU1715325,CRTU1715325_cycle_3,Передан_на_погрузку,Москва,Санкт-Петербург,40,0,6
2006-05-05,TIMU3137493,TIMU3137493_cycle_2,Отправлен_по_ЖД,Санкт-Петербург,Москва,40,2,28
2006-05-06,BUTU4321000,BUTU4321000_cycle_3,Прибыл_груженый,Москва,Санкт-Петербург,40,11,9
2006-05-06,BUTU4321000,BUTU4321000_cycle_3,Отправлен_по_ЖД,Москва,Санкт-Петербург,40,0,9
2006-05-06,BUTU4321000,BUTU4321000_cycle_3,Прибыл_по_ЖД,Санкт-Петербург,Санкт-Петербург,40,0,9
2006-05-06,BUTU4321000,BUTU4321000_cycle_3,Отправлен_грузополучателю,Санкт-Петербург,Санкт-Петербург,40,0,9
2006-05-06,CRTU1715325,CRTU1715325_cycle_3,Прибыл_груженый,Москва,Санкт-Петербург,40,1,5
2006-05-06,CRTU1937935,CRTU1937935_cycle_2,Передан_на_погрузку,Владивосток,Санкт-Петербург,40,0,53
2006-05-06,ERKU3123425,ERKU3123425_cycle_2,Отправлен_грузополучателю,Владивосток,Владивосток,20,2,16
2006-05-06,KNYU6970613,KNYU6970613_cycle_2,Отправлен_по_ЖД,Москва,Санкт-Петербург,20,4,6
2006-05-06,KNYU6970613,KNYU6970613_cycle_2,Прибыл_по_ЖД,Санкт-Петербург,Санкт-Петербург,20,0,6
2006-05-06,KNYU8173059,KNYU8173059_cycle_3,Прибыл_груженый,Москва,Санкт-Петербург,20,14,11
2006-05-06,STNU2356703,STNU2356703_cycle_2,Отправлен_по_ЖД,Владивосток,Москва,40,2,21
2006-05-06,TIMU1636645,TIMU1636645_cycle_2,Отправлен_грузополучателю,Москва,Москва,20,2,17
2006-05-06,TIMU9543550,TIMU9543550_cycle_2,Прибыл_по_ЖД,Владивосток,Владивосток,40,14,10
2006-05-06,WEDU2249581,WEDU2249581_cycle_3,Прибыл_свободным,Санкт-Петербург,Санкт-Петербург,20,5,0
2006-05-06,WEDU7000544,WEDU7000544_cycle_2,Передан_на_погрузку,Санкт-Петербург,Владивосток,20,0,40
2006-05-07,CRTU1167966,CRTU1167966_cycle_2,Прибыл_по_ЖД,Москва,Москва,40,2,22
2006-05-07,CRTU1715325,CRTU1715325_cycle_3,Отправлен_по_ЖД,Москва,Санкт-Петербург,40,1,4
2006-05-07,ERKU8281105,ERKU8281105_cycle_2,Отправлен_по_ЖД,Москва,Санкт-Петербург,40,4,7
2006-05-07,STNU2517447,STNU2517447_cycle_3,Прибыл_свободным,Санкт-Петербург,Санкт-Петербург,40,10,0
2006-05-07,TIMU8061928,TIMU8061928_cycle_2,Прибыл_свободным,Москва,Москва,20,19,0
2006-05-07,TIMU8061928,TIMU8061928_cycle_3,Передан_на_погрузку,Москва,Владивосток,20,0,40
2006-05-07,TOWU5842316,TOWU5842316_cycle_3,Прибыл_свободным,Санкт-Петербург,Санкт-Петербург,40,11,0
2006-05-07,TOWU5892461,TOWU5892461_cycle_2,Прибыл_груженый,Санкт-Петербург,Владивосток,40,10,36
2006-05-08,CRTU1167966,CRTU1167966_cycle_2,Отправлен_грузополучателю,Москва,Москва,40,1,21
2006-05-08,CRTU8128829,CRTU8128829_cycle_2,Прибыл_свободным,Владивосток,Владивосток,20,9,0
2006-05-08,CRTU8128829,CRTU8128829_cycle_3,Передан_на_погрузку,Владивосток,Москва,20,0,29
2006-05-08,KNYU3335859,KNYU3335859_cycle_2,Прибыл_груженый,Москва,Санкт-Петербург,20,18,35
2006-05-08,KNYU8173059,KNYU8173059_cycle_3,Отправлен_по_ЖД,Москва,Санкт-Петербург,20,2,9
2006-05-08,TIMU9543550,TIMU9543550_cycle_2,Отправлен_грузополучателю,Владивосток,Владивосток,40,2,8
2006-05-08,WEDU2383938,WEDU2383938_cycle_2,Прибыл_свободным,Москва,Москва,20,14,0
2006-05-08,WEDU6102098,WEDU6102098_cycle_1,Прибыл_свободным,Владивосток,Владивосток,20,21,0
2006-05-08,WEDU6102098,WEDU6102098_cycle_2,Передан_на_погрузку,Владивосток,Санкт-Петербург,20,0,49
2006-05-09,BUTU2391445,BUTU2391445_cycle_3,Прибыл_груженый,Владивосток,Москва,20,6,42
2006-05-09,ERKU8281105,ERKU8281105_cycle_2,Прибыл_по_ЖД,Санкт-Петербург,Санкт-Петербург,40,2,5
2006-05-09,KNYU1824938,KNYU1824938_cycle_3,Прибыл_груженый,Москва,Владивосток,20,10,15
2006-05-09,KNYU1824938,KNYU1824938_cycle_3,Отправлен_по_ЖД,Москва,Владивосток,20,0,15
2006-05-09,KNYU6970613,KNYU6970613_cycle_2,Отправлен_грузополучателю,Санкт-Петербург,Санкт-Петербург,20,3,3
2006-05-09,STNU5088417,STNU5088417_cycle_2,Передан_на_погрузку,Владивосток,Санкт-Петербург,40,0,36
2006-05-09,STNU9487869,STNU9487869_cycle_3,Прибыл_по_ЖД,Москва,Москва,40,12,13
2006-05-09,STNU9767317,STNU9767317_cycle_2,Прибыл_свободным,Москва,Москва,20,17,0
2006-05-09,WEDU7707795,WEDU7707795_cycle_3,Прибыл_по_ЖД,Владивосток,Владивосток,40,13,1
2006-05-10,BUTU1300953,BUTU1300953_cycle_2,Передан_на_погрузку,Москва,Санкт-Петербург,40,0,31
2006-05-10,CRTU1715325,CRTU1715325_cycle_3,Прибыл_по_ЖД,Санкт-Петербург,Санкт-Петербург,40,3,1
2006-05-10,CRTU8114609,CRTU8114609_cycle_3,Прибыл_по_ЖД,Владивосток,Владивосток,20,12,3
2006-05-10,ERKU8281105,ERKU8281105_cycle_2,Отправлен_грузополучателю,Санкт-Петербург,Санкт-Петербург,40,1,4
2006-05-10,KNYU3335859,KNYU3335859_cycle_2,Отправлен_по_ЖД,Москва,Санкт-Петербург,20,2,33
2006-05-10,STNU2794431,STNU2794431_cycle_2,Прибыл_свободным,Санкт-Петербург,Санкт-Петербург,20,15,0
2006-05-10,STNU4919514,STNU4919514_cycle_2,Прибыл_груженый,Владивосток,Москва,40,10,16
2006-05-10,TOWU5892461,TOWU5892461_cycle_2,Отправлен_по_ЖД,Санкт-Петербург,Владивосток,40,3,33
2006-05-10,TOWU8381849,TOWU8381849_cycle_2,Прибыл_по_ЖД,Владивосток,Владивосток,20,13,8
2006-05-10,TOWU9892746,TOWU9892746_cycle_2,Прибыл_по_ЖД,Санкт-Петербург,Санкт-Петербург,40,14,2
2006-05-10,WEDU7707795,WEDU7707795_cycle_3,Отправлен_грузополучателю,Владивосток,Владивосток,40,1,0
2006-05-10,WEDU7707795,WEDU7707795_cycle_3,Прибыл_свободным,Владивосток,Владивосток,40,0,0
2006-05-11,BUTU2391445,BUTU2391445_cycle_3,Отправлен_по_ЖД,Владивосток,Москва,20,2,40
2006-05-11,CRTU1715325,CRTU1715325_cycle_3,Отправлен_грузополучателю,Санкт-Петербург,Санкт-Петербург,40,1,0
2006-05-11,CRTU1715325,CRTU1715325_cycle_3,Прибыл_свободным,Санкт-Петербург,Санкт-Петербург,40,0,0
2006-05-11,CRTU3557001,CRTU3557001_cycle_2,Прибыл_по_ЖД,Москва,Москва,20,11,12
2006-05-11,CRTU3557001,CRTU3557001_cycle_2,Отправлен_грузополучателю,Москва,Москва,20,0,12
2006-05-11,KNYU1033833,KNYU1033833_cycle_2,Прибыл_груженый,Санкт-Петербург,Москва,40,20,24
2006-05-11,KNYU7944727,KNYU7944727_cycle_2,Прибыл_по_ЖД,Санкт-Петербург,Санкт-Петербург,20,15,6
2006-05-11,STNU4919514,STNU4919514_cycle_2,Отправлен_по_ЖД,Владивосток,Москва,40,1,15
2006-05-11,STNU9487869,STNU9487869_cycle_3,Отправлен_грузополучателю,Москва,Москва,40,2,11
2006-05-11,TIMU8061928,TIMU8061928_cycle_3,Прибыл_груженый,Москва,Владивосток,20,4,36
2006-05-11,TOWU8381849,TOWU8381849_cycle_2,Отправлен_грузополучателю,Владивосток,Владивосток,20,1,7
2006-05-11,TOWU9896330,TOWU9896330_cycle_3,Прибыл_груженый,Москва,Владивосток,40,12,17
2006-05-11,WEDU4651205,WEDU4651205_cycle_3,Прибыл_груженый,Владивосток,Санкт-Петербург,20,12,14
2006-05-11,WEDU4651205,WEDU4651205_cycle_3,Отправлен_по_ЖД,Владивосток,Санкт-Петербург,20,0,14
2006-05-11,WEDU5817433,WEDU5817433_cycle_3,Прибыл_груженый,Владивосток,Москва,20,9,33
2006-05-12,ERKU7945290,ERKU7945290_cycle_2,Прибыл_груженый,Москва,Санкт-Петербург,20,15,30
2006-05-12,ERKU7945290,ERKU7945290_cycle_2,Отправлен_по_ЖД,Москва,Санкт-Петербург,20,0,30
2006-05-12,ERKU7945290,ERKU7945290_cycle_2,Прибыл_по_ЖД,Санкт-Петербург,Санкт-Петербург,20,0,30
2006-05-12,KNYU1033833,KNYU1033833_cycle_2,Отправлен_по_ЖД,Санкт-Петербург,Москва,40,1,23
2006-05-12,KNYU3021654,KNYU3021654_cycle_3,Прибыл_груженый,Владивосток,Санкт-Петербург,40,10,18
2006-05-12,KNYU6970613,KNYU6970613_cycle_2,Прибыл_свободным,Санкт-Петербург,Санкт-Петербург,20,3,0
2006-05-12,KNYU6970613,KNYU6970613_cycle_3,Передан_на_погрузку,Санкт-Петербург,Владивосток,20,0,23
2006-05-12,KNYU8173059,KNYU8173059_cycle_3,Прибыл_по_ЖД,Санкт-Петербург,Санкт-Петербург,20,4,5
2006-05-12,TIMU8010374,TIMU8010374_cycle_2,Передан_на_погрузку,Владивосток,Санкт-Петербург,20,0,44
2006-05-12,TIMU8061928,TIMU8061928_cycle_3,Отправлен_по_ЖД,Москва,Владивосток,20,1,35
2006-05-12,TOWU8161314,TOWU8161314_cycle_2,Прибыл_груженый,Владивосток,Москва,20,13,24
2006-05-12,TOWU8161314,TOWU8161314_cycle_2,Отправлен_по_ЖД,Владивосток,Москва,20,0,24
2006-05-12,TOWU9892746,TOWU9892746_cycle_2,Отправлен_грузополучателю,Санкт-Петербург,Санкт-Петербург,40,2,0
2006-05-12,TOWU9892746,TOWU9892746_cycle_2,Прибыл_свободным,Санкт-Петербург,Санкт-Петербург,40,0,0
2006-05-12,TOWU9892746,TOWU9892746_cycle_3,Передан_на_погрузку,Санкт-Петербург,Москва,40,0,20
2006-05-12,TOWU9896330,TOWU9896330_cycle_3,Отправлен_по_ЖД,Москва,Владивосток,40,1,16
2006-05-12,WEDU5817433,WEDU5817433_cycle_3,Отправлен_по_ЖД,Владивосток,Москва,20,1,32
2006-05-12,WEDU6876299,WEDU6876299_cycle_2,Прибыл_по_ЖД,Москва,Москва,20,16,25
2006-05-13,CRTU5834937,CRTU5834937_cycle_2,Прибыл_по_ЖД,Санкт-Петербург,Санкт-Петербург,20,15,27
2006-05-13,CRTU8114609,CRTU8114609_cycle_3,Отправлен_грузополучателю,Владивосток,Владивосток,20,3,0
2006-05-13,CRTU8114609,CRTU8114609_cycle_3,Прибыл_свободным,Владивосток,Владивосток,20,0,0
2006-05-13,KNYU3021654,KNYU3021654_cycle_3,Отправлен_по_ЖД,Владивосток,Санкт-Петербург,40,1,17
2006-05-13,KNYU8173059,KNYU8173059_cycle_3,Отправлен_грузополучателю,Санкт-Петербург,Санкт-Петербург,20,1,4
2006-05-13,TIMU5165088,TIMU5165088_cycle_3,Прибыл_груженый,Москва,Санкт-Петербург,40,11,7
2006-05-13,TIMU5165088,TIMU5165088_cycle_3,Отправлен_по_ЖД,Москва,Санкт-Петербург,40,0,7
2006-05-13,TIMU5165088,TIMU5165088_cycle_3,Прибыл_по_ЖД,Санкт-Петербург,Санкт-Петербург,40,0,7
2006-05-13,TOWU7931879,TOWU7931879_cycle_2,Передан_на_погрузку,Москва,Владивосток,40,0,35
2006-05-14,BUTU8729025,BUTU8729025_cycle_2,Передан_на_погрузку,Владивосток,Москва,40,0,52
2006-05-14,CRTU1937935,CRTU1937935_cycle_2,Прибыл_груженый,Владивосток,Санкт-Петербург,40,8,45
2006-05-14,CRTU1937935,CRTU1937935_cycle_2,Отправлен_по_ЖД,Владивосток,Санкт-Петербург,40,0,45
2006-05-14,ERKU3509749,ERKU3509749_cycle_2,Прибыл_по_ЖД,Владивосток,Владивосток,20,19,1
2006-05-14,ERKU8281105,ERKU8281105_cycle_2,Прибыл_свободным,Санкт-Петербург,Санкт-Петербург,40,4,0
2006-05-14,ERKU8281105,ERKU8281105_cycle_3,Передан_на_погрузку,Санкт-Петербург,Москва,40,0,30
2006-05-14,KNYU1773354,KNYU1773354_cycle_2,Передан_на_погрузку,Владивосток,Москва,20,0,35
2006-05-14,KNYU3335859,KNYU3335859_cycle_2,Прибыл_по_ЖД,Санкт-Петербург,Санкт-Петербург,20,4,29
2006-05-14,KNYU7944727,KNYU7944727_cycle_2,Отправлен_грузополучателю,Санкт-Петербург,Санкт-Петербург,20,3,3
2006-05-14,STNU1402586,STNU1402586_cycle_2,Прибыл_свободным,Санкт-Петербург,Санкт-Петербург,20,14,0
2006-05-14,TIMU5165088,TIMU5165088_cycle_3,Отправлен_грузополучателю,Санкт-Петербург,Санкт-Петербург,40,1,6
2006-05-14,WEDU6654977,WEDU6654977_cycle_2,Передан_на_погрузку,Москва,Владивосток,20,0,39
2006-05-15,BUTU4321000,BUTU4321000_cycle_3,Прибыл_свободным,Санкт-Петербург,Санкт-Петербург,40,9,0
2006-05-15,BUTU9513169,BUTU9513169_cycle_3,Прибыл_груженый,Санкт-Петербург,Москва,40,21,33
2006-05-15,CRTU2183954,CRTU2183954_cycle_2,Прибыл_свободным,Владивосток,Владивосток,40,12,0
2006-05-15,CRTU5834937,CRTU5834937_cycle_2,Отправлен_грузополучателю,Санкт-Петербург,Санкт-Петербург,20,2,25
2006-05-15,ERKU3509749,ERKU3509749_cycle_2,Отправлен_грузополучателю,Владивосток,Владивосток,20,1,0
2006-05-15,ERKU3509749,ERKU3509749_cycle_2,Прибыл_свободным,Владивосток,Владивосток,20,0,0
2006-05-15,ERKU7945290,ERKU7945290_cycle_2,Отправлен_грузополучателю,Санкт-Петербург,Санкт-Петербург,20,3,27
2006-05-15,KNYU1437543,KNYU1437543_cycle_3,Передан_на_погрузку,Санкт-Петербург,Владивосток,20,0,29
2006-05-15,KNYU5372067,KNYU5372067_cycle_3,Прибыл_по_ЖД,Москва,Москва,40,12,20
2006-05-15,KNYU5372067,KNYU5372067_cycle_3,Отправлен_грузополучателю,Москва,Москва,40,0,20
2006-05-15,TIMU3137493,TIMU3137493_cycle_2,Прибыл_по_ЖД,Москва,Москва,40,10,18
2006-05-15,TOWU8351331,TOWU8351331_cycle_2,Передан_на_погрузку,Москва,Санкт-Петербург,20,0,54
2006-05-15,WEDU6876299,WEDU6876299_cycle_2,Отправлен_грузополучателю,Москва,Москва,20,3,22
2006-05-16,BUTU7079823,BUTU7079823_cycle_2,Прибыл_по_ЖД,Санкт-Петербург,Санкт-Петербург,20,15,13
2006-05-16,BUTU9513169,BUTU9513169_cycle_3,Отправлен_по_ЖД,Санкт-Петербург,Москва,40,1,32
2006-05-16,BUTU9513169,BUTU9513169_cycle_3,Прибыл_по_ЖД,Москва,Москва,40,0,32
2006-05-16,CRTU1521773,CRTU1521773_cycle_2,Прибыл_свободным,Владивосток,Владивосток,20,14,0
2006-05-16,CRTU8128829,CRTU8128829_cycle_3,Прибыл_груженый,Владивосток,Москва,20,8,21
2006-05-16,CRTU8128829,CRTU8128829_cycle_3,Отправлен_по_ЖД,Владивосток,Москва,20,0,21
2006-05-16,ERKU5797068,ERKU5797068_cycle_2,Прибыл_свободным,Санкт-Петербург,Санкт-Петербург,40,31,0
2006-05-16,ERKU8324044,ERKU8324044_cycle_2,Прибыл_свободным,Владивосток,Владивосток,40,15,0
2006-05-16,KNYU1033833,KNYU1033833_cycle_2,Прибыл_по_ЖД,Москва,Москва,40,4,19
2006-05-16,KNYU3335859,KNYU3335859_cycle_2,Отправлен_грузополучателю,Санкт-Петербург,Санкт-Петербург,20,2,27
2006-05-16,KNYU5786200,KNYU5786200_cycle_2,Прибыл_свободным,Владивосток,Владивосток,20,16,0
2006-05-16,KNYU6970613,KNYU6970613_cycle_3,Прибыл_груженый,Санкт-Петербург,Владивосток,20,4,19
2006-05-16,KNYU6970613,KNYU6970613_cycle_3,Отправлен_по_ЖД,Санкт-Петербург,Владивосток,20,0,19
2006-05-16,TIMU3656871,TIMU3656871_cycle_3,Передан_на_погрузку,Владивосток,Санкт-Петербург,20,0,38
2006-05-16,TIMU8250428,TIMU8250428_cycle_2,Передан_на_погрузку,Санкт-Петербург,Владивосток,20,0,66
2006-05-16,TIMU9543550,TIMU9543550_cycle_2,Прибыл_свободным,Владивосток,Владивосток,40,8,0
2006-05-16,TOWU3611630,TOWU3611630_cycle_3,Прибыл_по_ЖД,Владивосток,Владивосток,40,15,23
2006-05-16,TOWU3611630,TOWU3611630_cycle_3,Отправлен_грузополучателю,Владивосток,Владивосток,40,0,23
2006-05-17,BUTU7001309,BUTU7001309_cycle_3,Прибыл_по_ЖД,Владивосток,Владивосток,20,12,3
2006-05-17,BUTU7079823,BUTU7079823_cycle_2,Отправлен_грузополучателю,Санкт-Петербург,Санкт-Петербург,20,1,12
2006-05-17,KNYU7944727,KNYU7944727_cycle_2,Прибыл_свободным,Санкт-Петербург,Санкт-Петербург,20,3,0
2006-05-17,KNYU8173059,KNYU8173059_cycle_3,Прибыл_свободным,Санкт-Петербург,Санкт-Петербург,20,4,0
2006-05-17,STNU5088417,STNU5088417_cycle_2,Прибыл_груженый,Владивосток,Санкт-Петербург,40,8,28
2006-05-17,TIMU3137493,TIMU3137493_cycle_2,Отправлен_грузополучателю,Москва,Москва,40,2,16
2006-05-17,TOWU2940273,TOWU2940273_cycle_2,Прибыл_по_ЖД,Санкт-Петербург,Санкт-Петербург,40,16,1
2006-05-17,TOWU7808384,TOWU7808384_cycle_2,Передан_на_погрузку,Владивосток,Москва,40,0,42
2006-05-17,WEDU6654977,WEDU6654977_cycle_2,Прибыл_груженый,Москва,Владивосток,20,3,36
2006-05-17,WEDU6654977,WEDU6654977_cycle_2,Отправлен_по_ЖД,Москва,Владивосток,20,0,36
2006-05-17,WEDU7000544,WEDU7000544_cycle_2,Прибыл_груженый,Санкт-Петербург,Владивосток,20,11,29
2006-05-18,BUTU7001309,BUTU7001309_cycle_3,Отправлен_грузополучателю,Владивосток,Владивосток,20,1,2
2006-05-18,BUTU8954572,BUTU8954572_cycle_3,Передан_на_погрузку,Санкт-Петербург,Владивосток,40,0,36
2006-05-18,BUTU9513169,BUTU9513169_cycle_3,Отправлен_грузополучателю,Москва,Москва,40,2,30
2006-05-18,KNYU1033833,KNYU1033833_cycle_2,Отправлен_грузополучателю,Москва,Москва,40,2,17
2006-05-18,KNYU8798891,KNYU8798891_cycle_2,Прибыл_груженый,Санкт-Петербург,Москва,20,17,12
2006-05-18,TIMU8010374,TIMU8010374_cycle_2,Прибыл_груженый,Владивосток,Санкт-Петербург,20,6,38
2006-05-18,TIMU8010374,TIMU8010374_cycle_2,Отправлен_по_ЖД,Владивосток,Санкт-Петербург,20,0,38
2006-05-18,TOWU2835826,TOWU2835826_cycle_2,Прибыл_груженый,Москва,Владивосток,40,14,29
2006-05-18,TOWU2940273,TOWU2940273_cycle_2,Отправлен_грузополучателю,Санкт-Петербург,Санкт-Петербург,40,1,0
2006-05-18,TOWU2940273,TOWU2940273_cycle_2,Прибыл_свободным,Санкт-Петербург,Санкт-Петербург,40,0,0
2006-05-18,TOWU8381849,TOWU8381849_cycle_2,Прибыл_свободным,Владивосток,Владивосток,20,7,0
2006-05-18,WEDU7000544,WEDU7000544_cycle_2,Отправлен_по_ЖД,Санкт-Петербург,Владивосток,20,1,28
2006-05-19,STNU5088417,STNU5088417_cycle_2,Отправлен_по_ЖД,Владивосток,Санкт-Петербург,40,2,26
2006-05-20,BUTU7001309,BUTU7001309_cycle_3,Прибыл_свободным,Владивосток,Владивосток,20,2,0
2006-05-20,CRTU3557936,CRTU3557936_cycle_4,Передан_на_погрузку,Москва,Владивосток,20,0,45
2006-05-20,KNYU1773354,KNYU1773354_cycle_2,Прибыл_груженый,Владивосток,Москва,20,6,29
2006-05-20,KNYU8798891,KNYU8798891_cycle_2,Отправлен_по_ЖД,Санкт-Петербург,Москва,20,2,10
2006-05-20,KNYU8798891,KNYU8798891_cycle_2,Прибыл_по_ЖД,Москва,Москва,20,0,10
2006-05-20,STNU3092282,STNU3092282_cycle_2,Прибыл_по_ЖД,Москва,Москва,40,17,17
2006-05-20,STNU9845862,STNU9845862_cycle_2,Прибыл_по_ЖД,Владивосток,Владивосток,40,16,8
2006-05-20,TIMU5165088,TIMU5165088_cycle_3,Прибыл_свободным,Санкт-Петербург,Санкт-Петербург,40,6,0
2006-05-20,TIMU6180706,TIMU6180706_cycle_2,Прибыл_свободным,Владивосток,Владивосток,40,25,0
2006-05-20,TIMU7964806,TIMU7964806_cycle_2,Передан_на_погрузку,Владивосток,Санкт-Петербург,40,0,50
2006-05-20,TIMU8887794,TIMU8887794_cycle_2,Прибыл_груженый,Москва,Санкт-Петербург,20,19,18
2006-05-20,TOWU2835826,TOWU2835826_cycle_2,Отправлен_по_ЖД,Москва,Владивосток,40,2,27
2006-05-21,BUTU1300953,BUTU1300953_cycle_2,Прибыл_груженый,Москва,Санкт-Петербург,40,11,20
2006-05-21,CRTU6264170,CRTU6264170_cycle_3,Прибыл_свободным,Владивосток,Владивосток,40,23,0
2006-05-21,KNYU1824938,KNYU1824938_cycle_3,Прибыл_по_ЖД,Владивосток,Владивосток,20,12,3
2006-05-21,STNU3092282,STNU3092282_cycle_2,Отправлен_грузополучателю,Москва,Москва,40,1,16
2006-05-21,TIMU6310893,TIMU6310893_cycle_3,Прибыл_свободным,Санкт-Петербург,Санкт-Петербург,40,25,0
2006-05-21,TIMU6310893,TIMU6310893_cycle_4,Передан_на_погрузку,Санкт-Петербург,Владивосток,40,0,40
2006-05-21,TOWU6899546,TOWU6899546_cycle_3,Прибыл_груженый,Владивосток,Санкт-Петербург,20,23,40
2006-05-21,TOWU9892746,TOWU9892746_cycle_3,Прибыл_груженый,Санкт-Петербург,Москва,40,9,11
2006-05-21,WEDU5817433,WEDU5817433_cycle_3,Прибыл_по_ЖД,Москва,Москва,20,9,23
2006-05-22,CRTU8128829,CRTU8128829_cycle_3,Прибыл_по_ЖД,Москва,Москва,20,6,15
2006-05-22,ERKU3123425,ERKU3123425_cycle_2,Прибыл_свободным,Владивосток,Владивосток,20,16,0
2006-05-22,ERKU4123975,ERKU4123975_cycle_2,Прибыл_по_ЖД,Москва,Москва,40,18,14
2006-05-22,ERKU5435191,ERKU5435191_cycle_2,Прибыл_свободным,Санкт-Петербург,Санкт-Петербург,20,18,0
2006-05-22,ERKU8281105,ERKU8281105_cycle_3,Прибыл_груженый,Санкт-Петербург,Москва,40,8,22
2006-05-22,KNYU8798891,KNYU8798891_cycle_2,Отправлен_грузополучателю,Москва,Москва,20,2,8
2006-05-22,KNYU9683883,KNYU9683883_cycle_2,Прибыл_свободным,Москва,Москва,20,33,0
2006-05-22,STNU9487869,STNU9487869_cycle_3,Прибыл_свободным,Москва,Москва,40,11,0
2006-05-22,STNU9845862,STNU9845862_cycle_2,Отправлен_грузополучателю,Владивосток,Владивосток,40,2,6
2006-05-22,WEDU8568487,WEDU8568487_cycle_3,Передан_на_погрузку,Санкт-Петербург,Москва,40,0,17
2006-05-23,BUTU1300953,BUTU1300953_cycle_2,Отправлен_по_ЖД,Москва,Санкт-Петербург,40,2,18
2006-05-23,BUTU1300953,BUTU1300953_cycle_2,Прибыл_по_ЖД,Санкт-Петербург,Санкт-Петербург,40,0,18
2006-05-23,CRTU3557001,CRTU3557001_cycle_2,Прибыл_свободным,Москва,Москва,20,12,0
2006-05-23,ERKU4123975,ERKU4123975_cycle_2,Отправлен_грузополучателю,Москва,Москва,40,1,13
2006-05-23,ERKU8281105,ERKU8281105_cycle_3,Отправлен_по_ЖД,Санкт-Петербург,Москва,40,1,21
2006-05-23,KNYU1773354,KNYU1773354_cycle_2,Отправлен_по_ЖД,Владивосток,Москва,20,3,26
2006-05-23,KNYU1824938,KNYU1824938_cycle_3,Отправлен_грузополучателю,Владивосток,Владивосток,20,2,1
2006-05-23,STNU2517447,STNU2517447_cycle_4,Передан_на_погрузку,Санкт-Петербург,Владивосток,40,0,53
2006-05-23,TIMU1636645,TIMU1636645_cycle_2,Прибыл_свободным,Москва,Москва,20,17,0
2006-05-23,TIMU1636645,TIMU1636645_cycle_3,Передан_на_погрузку,Москва,Владивосток,20,0,40
2006-05-23,TIMU8887794,TIMU8887794_cycle_2,Отправлен_по_ЖД,Москва,Санкт-Петербург,20,3,15
2006-05-23,TOWU8161314,TOWU8161314_cycle_2,Прибыл_по_ЖД,Москва,Москва,20,11,13
2006-05-23,WEDU5817433,WEDU5817433_cycle_3,Отправлен_грузополучателю,Москва,Москва,20,2,21
2006-05-24,CRTU8128829,CRTU8128829_cycle_3,Отправлен_грузополучателю,Москва,Москва,20,2,13
2006-05-24,KNYU1824938,KNYU1824938_cycle_3,Прибыл_свободным,Владивосток,Владивосток,20,1,0
2006-05-24,KNYU3021654,KNYU3021654_cycle_3,Прибыл_по_ЖД,Санкт-Петербург,Санкт-Петербург,40,11,6
2006-05-24,KNYU9630138,KNYU9630138_cycle_2,Прибыл_свободным,Владивосток,Владивосток,20,22,0
2006-05-24,STNU2356703,STNU2356703_cycle_2,Прибыл_по_ЖД,Москва,Москва,40,18,3
2006-05-24,TOWU6899546,TOWU6899546_cycle_3,Отправлен_по_ЖД,Владивосток,Санкт-Петербург,20,3,37
2006-05-24,TOWU9892746,TOWU9892746_cycle_3,Отправлен_по_ЖД,Санкт-Петербург,Москва,40,3,8
2006-05-24,TOWU9892746,TOWU9892746_cycle_3,Прибыл_по_ЖД,Москва,Москва,40,0,8
2006-05-24,WEDU4651205,WEDU4651205_cycle_3,Прибыл_по_ЖД,Санкт-Петербург,Санкт-Петербург,20,13,1
2006-05-24,WEDU6874585,WEDU6874585_cycle_2,Передан_на_погрузку,Владивосток,Москва,20,0,39
2006-05-25,BUTU2391445,BUTU2391445_cycle_3,Прибыл_по_ЖД,Москва,Москва,20,14,26
2006-05-25,BUTU8954572,BUTU8954572_cycle_3,Прибыл_груженый,Санкт-Петербург,Владивосток,40,7,29
2006-05-25,ERKU8281105,ERKU8281105_cycle_3,Прибыл_по_ЖД,Москва,Москва,40,2,19
2006-05-25,STNU4919514,STNU4919514_cycle_2,Прибыл_по_ЖД,Москва,Москва,40,14,1
2006-05-25,STNU4919514,STNU4919514_cycle_2,Отправлен_грузополучателю,Москва,Москва,40,0,1
2006-05-25,TOWU5892461,TOWU5892461_cycle_2,Прибыл_по_ЖД,Владивосток,Владивосток,40,15,18
2006-05-25,TOWU8161314,TOWU8161314_cycle_2,Отправлен_грузополучателю,Москва,Москва,20,2,11
2006-05-25,TOWU9892746,TOWU9892746_cycle_3,Отправлен_грузополучателю,Москва,Москва,40,1,7
2006-05-25,TOWU9896330,TOWU9896330_cycle_3,Прибыл_по_ЖД,Владивосток,Владивосток,40,13,3
2006-05-25,WEDU4651205,WEDU4651205_cycle_3,Отправлен_грузополучателю,Санкт-Петербург,Санкт-Петербург,20,1,0
2006-05-25,WEDU4651205,WEDU4651205_cycle_3,Прибыл_свободным,Санкт-Петербург,Санкт-Петербург,20,0,0
2006-05-25,WEDU4651205,WEDU4651205_cycle_4,Передан_на_погрузку,Санкт-Петербург,Москва,20,0,24
2006-05-26,BUTU1300953,BUTU1300953_cycle_2,Отправлен_грузополучателю,Санкт-Петербург,Санкт-Петербург,40,3,15
2006-05-26,KNYU1437543,KNYU1437543_cycle_3,Прибыл_груженый,Санкт-Петербург,Владивосток,20,11,18
2006-05-26,KNYU3021654,KNYU3021654_cycle_3,Отправлен_грузополучателю,Санкт-Петербург,Санкт-Петербург,40,2,4
2006-05-26,STNU2356703,STNU2356703_cycle_2,Отправлен_грузополучателю,Москва,Москва,40,2,1
2006-05-26,STNU2517447,STNU2517447_cycle_4,Прибыл_груженый,Санкт-Петербург,Владивосток,40,3,50
2006-05-26,STNU4919514,STNU4919514_cycle_2,Прибыл_свободным,Москва,Москва,40,1,0
2006-05-26,TIMU8887794,TIMU8887794_cycle_2,Прибыл_по_ЖД,Санкт-Петербург,Санкт-Петербург,20,3,12
2006-05-26,TOWU5892461,TOWU5892461_cycle_2,Отправлен_грузополучателю,Владивосток,Владивосток,40,1,17
2006-05-26,WEDU2249581,WEDU2249581_cycle_4,Передан_на_погрузку,Санкт-Петербург,Москва,20,0,52
2006-05-26,WEDU6102098,WEDU6102098_cycle_2,Прибыл_груженый,Владивосток,Санкт-Петербург,20,18,31
2006-05-26,WEDU8568487,WEDU8568487_cycle_3,Прибыл_груженый,Санкт-Петербург,Москва,40,4,13
2006-05-27,BUTU8954572,BUTU8954572_cycle_3,Отправлен_по_ЖД,Санкт-Петербург,Владивосток,40,2,27
2006-05-27,STNU2356703,STNU2356703_cycle_2,Прибыл_свободным,Москва,Москва,40,1,0
2006-05-27,STNU2517447,STNU2517447_cycle_4,Отправлен_по_ЖД,Санкт-Петербург,Владивосток,40,1,49
2006-05-27,TIMU3656871,TIMU3656871_cycle_3,Прибыл_груженый,Владивосток,Санкт-Петербург,20,11,27
2006-05-27,TIMU8250428,TIMU8250428_cycle_2,Прибыл_груженый,Санкт-Петербург,Владивосток,20,11,55
2006-05-27,WEDU9910122,WEDU9910122_cycle_2,Прибыл_свободным,Владивосток,Владивосток,40,30,0
2006-05-28,KNYU1437543,KNYU1437543_cycle_3,Отправлен_по_ЖД,Санкт-Петербург,Владивосток,20,2,16
2006-05-28,KNYU1824938,KNYU1824938_cycle_4,Передан_на_погрузку,Владивосток,Москва,20,0,30
2006-05-28,STNU9845862,STNU9845862_cycle_2,Прибыл_свободным,Владивосток,Владивосток,40,6,0
2006-05-28,TIMU3656871,TIMU3656871_cycle_3,Отправлен_по_ЖД,Владивосток,Санкт-Петербург,20,1,26
2006-05-28,TIMU8061928,TIMU8061928_cycle_3,Прибыл_по_ЖД,Владивосток,Владивосток,20,16,19
2006-05-28,TIMU8887794,TIMU8887794_cycle_2,Отправлен_грузополучателю,Санкт-Петербург,Санкт-Петербург,20,2,10
2006-05-28,TOWU7931879,TOWU7931879_cycle_2,Прибыл_груженый,Москва,Владивосток,40,15,20
2006-05-28,TOWU9896330,TOWU9896330_cycle_3,Отправлен_грузополучателю,Владивосток,Владивосток,40,3,0
2006-05-28,TOWU9896330,TOWU9896330_cycle_3,Прибыл_свободным,Владивосток,Владивосток,40,0,0
2006-05-28,WEDU6102098,WEDU6102098_cycle_2,Отправлен_по_ЖД,Владивосток,Санкт-Петербург,20,2,29
2006-05-28,WEDU8568487,WEDU8568487_cycle_3,Отправлен_по_ЖД,Санкт-Петербург,Москва,40,2,11
2006-05-28,WEDU8568487,WEDU8568487_cycle_3,Прибыл_по_ЖД,Москва,Москва,40,0,11
2006-05-28,WEDU8568487,WEDU8568487_cycle_3,Отправлен_грузополучателю,Москва,Москва,40,0,11
2006-05-29,BUTU2391445,BUTU2391445_cycle_3,Отправлен_грузополучателю,Москва,Москва,20,4,22
2006-05-29,BUTU7079823,BUTU7079823_cycle_2,Прибыл_свободным,Санкт-Петербург,Санкт-Петербург,20,12,0
2006-05-29,BUTU7079823,BUTU7079823_cycle_3,Передан_на_погрузку,Санкт-Петербург,Москва,20,0,10
2006-05-29,BUTU8729025,BUTU8729025_cycle_2,Прибыл_груженый,Владивосток,Москва,40,15,37
2006-05-29,CRTU1167966,CRTU1167966_cycle_2,Прибыл_свободным,Москва,Москва,40,21,0
2006-05-29,ERKU3112209,ERKU3112209_cycle_2,Передан_на_погрузку,Москва,Владивосток,20,0,40
2006-05-29,ERKU8281105,ERKU8281105_cycle_3,Отправлен_грузополучателю,Москва,Москва,40,4,15
2006-05-29,TIMU8250428,TIMU8250428_cycle_2,Отправлен_по_ЖД,Санкт-Петербург,Владивосток,20,2,53
2006-05-29,TOWU7931879,TOWU7931879_cycle_2,Отправлен_по_ЖД,Москва,Владивосток,40,1,19
2006-05-30,BUTU8729025,BUTU8729025_cycle_2,Отправлен_по_ЖД,Владивосток,Москва,40,1,36
2006-05-30,KNYU3021654,KNYU3021654_cycle_3,Прибыл_свободным,Санкт-Петербург,Санкт-Петербург,40,4,0
2006-05-30,KNYU7944727,KNYU7944727_cycle_3,Передан_на_погрузку,Санкт-Петербург,Москва,20,0,30
2006-05-30,KNYU8798891,KNYU8798891_cycle_2,Прибыл_свободным,Москва,Москва,20,8,0
2006-05-30,TIMU8061928,TIMU8061928_cycle_3,Отправлен_грузополучателю,Владивосток,Владивосток,20,2,17
2006-05-30,TOWU2984334,TOWU2984334_cycle_3,Прибыл_свободным,Москва,Москва,40,32,0
2006-05-30,TOWU8351331,TOWU8351331_cycle_2,Прибыл_груженый,Москва,Санкт-Петербург,20,15,39
2006-05-31,CRTU1937935,CRTU1937935_cycle_2,Прибыл_по_ЖД,Санкт-Петербург,Санкт-Петербург,40,17,28
2006-05-31,KNYU6806102,KNYU6806102_cycle_3,Передан_на_погрузку,Санкт-Петербург,Владивосток,20,0,32
2006-05-31,KNYU6970613,KNYU6970613_cycle_3,Прибыл_по_ЖД,Владивосток,Владивосток,20,15,4
2006-05-31,TIMU6310893,TIMU6310893_cycle_4,Прибыл_груженый,Санкт-Петербург,Владивосток,40,10,30
2006-06-01,BUTU7079823,BUTU7079823_cycle_3,Прибыл_груженый,Санкт-Петербург,Москва,20,3,7
2006-06-01,TIMU6310893,TIMU6310893_cycle_4,Отправлен_по_ЖД,Санкт-Петербург,Владивосток,40,1,29
2006-06-01,TIMU8010374,TIMU8010374_cycle_2,Прибыл_по_ЖД,Санкт-Петербург,Санкт-Петербург,20,14,24
2006-06-01,TOWU9892746,TOWU9892746_cycle_3,Прибыл_свободным,Москва,Москва,40,7,0
2006-06-02,ERKU3123425,ERKU3123425_cycle_3,Передан_на_погрузку,Владивосток,Москва,20,0,41
2006-06-02,KNYU9630138,KNYU9630138_cycle_3,Передан_на_погрузку,Владивосток,Санкт-Петербург,20,0,57
2006-06-02,STNU2794431,STNU2794431_cycle_3,Передан_на_погрузку,Санкт-Петербург,Москва,20,0,39
2006-06-02,TIMU3137493,TIMU3137493_cycle_2,Прибыл_свободным,Москва,Москва,40,16,0
2006-06-02,TIMU5293271,TIMU5293271_cycle_3,Передан_на_погрузку,Владивосток,Санкт-Петербург,20,0,36
2006-06-02,TIMU6180706,TIMU6180706_cycle_3,Передан_на_погрузку,Владивосток,Санкт-Петербург,40,0,58
2006-06-02,TIMU8010374,TIMU8010374_cycle_2,Отправлен_грузополучателю,Санкт-Петербург,Санкт-Петербург,20,1,23
2006-06-02,TOWU2835826,TOWU2835826_cycle_2,Прибыл_по_ЖД,Владивосток,Владивосток,40,13,14
2006-06-02,TOWU8351331,TOWU8351331_cycle_2,Отправлен_по_ЖД,Москва,Санкт-Петербург,20,3,36
2006-06-03,BUTU7079823,BUTU7079823_cycle_3,Отправлен_по_ЖД,Санкт-Петербург,Москва,20,2,5
2006-06-03,BUTU7079823,BUTU7079823_cycle_3,Прибыл_по_ЖД,Москва,Москва,20,0,5
2006-06-03,CRTU1715325,CRTU1715325_cycle_4,Передан_на_погрузку,Санкт-Петербург,Москва,40,0,37
2006-06-03,CRTU1937935,CRTU1937935_cycle_2,Отправлен_грузополучателю,Санкт-Петербург,Санкт-Петербург,40,3,25
2006-06-03,KNYU1773354,KNYU1773354_cycle_2,Прибыл_по_ЖД,Москва,Москва,20,11,15
2006-06-03,KNYU6970613,KNYU6970613_cycle_3,Отправлен_грузополучателю,Владивосток,Владивосток,20,3,1
2006-06-03,STNU1402586,STNU1402586_cycle_3,Передан_на_погрузку,Санкт-Петербург,Москва,20,0,16
2006-06-03,WEDU7000544,WEDU7000544_cycle_2,Прибыл_по_ЖД,Владивосток,Владивосток,20,16,12
2006-06-04,BUTU7079823,BUTU7079823_cycle_3,Отправлен_грузополучателю,Москва,Москва,20,1,4
2006-06-04,KNYU1033833,KNYU1033833_cycle_2,Прибыл_свободным,Москва,Москва,40,17,0
2006-06-04,KNYU5372067,KNYU5372067_cycle_3,Прибыл_свободным,Москва,Москва,40,20,0
2006-06-04,KNYU6970613,KNYU6970613_cycle_3,Прибыл_свободным,Владивосток,Владивосток,20,1,0
2006-06-04,STNU1402586,STNU1402586_cycle_3,Прибыл_груженый,Санкт-Петербург,Москва,20,1,15
2006-06-04,STNU4510100,STNU4510100_cycle_4,Передан_на_погрузку,Владивосток,Москва,20,0,40
2006-06-04,TOWU2835826,TOWU2835826_cycle_2,Отправлен_грузополучателю,Владивосток,Владивосток,40,2,12
2006-06-04,TOWU7808384,TOWU7808384_cycle_2,Прибыл_груженый,Владивосток,Москва,40,18,24
2006-06-04,TOWU7808384,TOWU7808384_cycle_2,Отправлен_по_ЖД,Владивосток,Москва,40,0,24
2006-06-04,WEDU4651205,WEDU4651205_cycle_4,Прибыл_груженый,Санкт-Петербург,Москва,20,10,14
2006-06-04,WEDU6654977,WEDU6654977_cycle_2,Прибыл_по_ЖД,Владивосток,Владивосток,20,18,18
2006-06-04,WEDU6874585,WEDU6874585_cycle_2,Прибыл_груженый,Владивосток,Москва,20,11,28
2006-06-05,CRTU3557936,CRTU3557936_cycle_4,Прибыл_груженый,Москва,Владивосток,20,16,29
2006-06-05,ERKU4123975,ERKU4123975_cycle_2,Прибыл_свободным,Москва,Москва,40,13,0
2006-06-05,KNYU1773354,KNYU1773354_cycle_2,Отправлен_грузополучателю,Москва,Москва,20,2,13
2006-06-05,KNYU1824938,KNYU1824938_cycle_4,Прибыл_груженый,Владивосток,Москва,20,8,22
2006-06-05,STNU2794431,STNU2794431_cycle_3,Прибыл_груженый,Санкт-Петербург,Москва,20,3,36
2006-06-05,TOWU8161314,TOWU8161314_cycle_2,Прибыл_свободным,Москва,Москва,20,11,0
2006-06-05,TOWU8161314,TOWU8161314_cycle_3,Передан_на_погрузку,Москва,Владивосток,20,0,35
2006-06-05,WEDU4651205,WEDU4651205_cycle_4,Отправлен_по_ЖД,Санкт-Петербург,Москва,20,1,13
2006-06-05,WEDU4651205,WEDU4651205_cycle_4,Прибыл_по_ЖД,Москва,Москва,20,0,13
2006-06-05,WEDU6654977,WEDU6654977_cycle_2,Отправлен_грузополучателю,Владивосток,Владивосток,20,1,17
2006-06-05,WEDU9910122,WEDU9910122_cycle_3,Передан_на_погрузку,Владивосток,Санкт-Петербург,40,0,42
2006-06-06,CRTU6264170,CRTU6264170_cycle_4,Передан_на_погрузку,Владивосток,Москва,40,0,45
2006-06-06,CRTU8128829,CRTU8128829_cycle_3,Прибыл_свободным,Москва,Москва,20,13,0
2006-06-06,KNYU1824938,KNYU1824938_cycle_4,Отправлен_по_ЖД,Владивосток,Москва,20,1,21
2006-06-06,KNYU3537798,KNYU3537798_cycle_3,Передан_на_погрузку,Москва,Санкт-Петербург,20,0,49
2006-06-06,STNU3092282,STNU3092282_cycle_2,Прибыл_свободным,Москва,Москва,40,16,0
2006-06-06,TIMU9543550,TIMU9543550_cycle_3,Передан_на_погрузку,Владивосток,Санкт-Петербург,40,0,47
2006-06-06,WEDU6876299,WEDU6876299_cycle_2,Прибыл_свободным,Москва,Москва,20,22,0
2006-06-06,WEDU7000544,WEDU7000544_cycle_2,Отправлен_грузополучателю,Владивосток,Владивосток,20,3,9
2006-06-07,BUTU7001309,BUTU7001309_cycle_4,Передан_на_погрузку,Владивосток,Москва,20,0,34
2006-06-07,CRTU2093770,CRTU2093770_cycle_2,Передан_на_погрузку,Санкт-Петербург,Москва,40,0,33
2006-06-07,CRTU3557936,CRTU3557936_cycle_4,Отправлен_по_ЖД,Москва,Владивосток,20,2,27
2006-06-07,STNU1402586,STNU1402586_cycle_3,Отправлен_по_ЖД,Санкт-Петербург,Москва,20,3,12
2006-06-07,STNU1402586,STNU1402586_cycle_3,Прибыл_по_ЖД,Москва,Москва,20,0,12
2006-06-07,STNU1402586,STNU1402586_cycle_3,Отправлен_грузополучателю,Москва,Москва,20,0,12
2006-06-07,TIMU6180706,TIMU6180706_cycle_3,Прибыл_груженый,Владивосток,Санкт-Петербург,40,5,53
2006-06-07,TIMU8887794,TIMU8887794_cycle_2,Прибыл_свободным,Санкт-Петербург,Санкт-Петербург,20,10,0
2006-06-07,TIMU8887794,TIMU8887794_cycle_3,Передан_на_погрузку,Санкт-Петербург,Москва,20,0,21
2006-06-07,WEDU2249581,WEDU2249581_cycle_4,Прибыл_груженый,Санкт-Петербург,Москва,20,12,40
2006-06-07,WEDU6874585,WEDU6874585_cycle_2,Отправлен_по_ЖД,Владивосток,Москва,20,3,25
2006-06-08,BUTU7079823,BUTU7079823_cycle_3,Прибыл_свободным,Москва,Москва,20,4,0
2006-06-08,BUTU8729025,BUTU8729025_cycle_2,Прибыл_по_ЖД,Москва,Москва,40,9,27
2006-06-08,ERKU3112209,ERKU3112209_cycle_2,Прибыл_груженый,Москва,Владивосток,20,10,30
2006-06-08,KNYU7944727,KNYU7944727_cycle_3,Прибыл_груженый,Санкт-Петербург,Москва,20,9,21
2006-06-08,STNU2794431,STNU2794431_cycle_3,Отправлен_по_ЖД,Санкт-Петербург,Москва,20,3,33
2006-06-08,STNU4510100,STNU4510100_cycle_4,Прибыл_груженый,Владивосток,Москва,20,4,36
2006-06-08,STNU4510100,STNU4510100_cycle_4,Отправлен_по_ЖД,Владивосток,Москва,20,0,36
2006-06-08,STNU6396019,STNU6396019_cycle_2,Прибыл_свободным,Санкт-Петербург,Санкт-Петербург,40,36,0
2006-06-08,TIMU6180706,TIMU6180706_cycle_3,Отправлен_по_ЖД,Владивосток,Санкт-Петербург,40,1,52
2006-06-08,TOWU3611630,TOWU3611630_cycle_3,Прибыл_свободным,Владивосток,Владивосток,40,23,0
2006-06-08,TOWU3611630,TOWU3611630_cycle_4,Передан_на_погрузку,Владивосток,Москва,40,0,33
2006-06-08,TOWU5842316,TOWU5842316_cycle_4,Передан_на_погрузку,Санкт-Петербург,Владивосток,40,0,50
2006-06-08,WEDU2249581,WEDU2249581_cycle_4,Отправлен_по_ЖД,Санкт-Петербург,Москва,20,1,39
2006-06-08,WEDU2249581,WEDU2249581_cycle_4,Прибыл_по_ЖД,Москва,Москва,20,0,39
2006-06-08,WEDU4651205,WEDU4651205_cycle_4,Отправлен_грузополучателю,Москва,Москва,20,3,10
2006-06-08,WEDU8568487,WEDU8568487_cycle_3,Прибыл_свободным,Москва,Москва,40,11,0
2006-06-09,BUTU4321000,BUTU4321000_cycle_4,Передан_на_погрузку,Санкт-Петербург,Владивосток,40,0,37
2006-06-09,BUTU8729025,BUTU8729025_cycle_2,Отправлен_грузополучателю,Москва,Москва,40,1,26
2006-06-09,CRTU5834937,CRTU5834937_cycle_2,Прибыл_свободным,Санкт-Петербург,Санкт-Петербург,20,25,0
2006-06-09,KNYU1437543,KNYU1437543_cycle_3,Прибыл_по_ЖД,Владивосток,Владивосток,20,12,4
2006-06-09,KNYU1437543,KNYU1437543_cycle_3,Отправлен_грузополучателю,Владивосток,Владивосток,20,0,4
2006-06-09,KNYU3021654,KNYU3021654_cycle_4,Передан_на_погрузку,Санкт-Петербург,Москва,40,0,17
2006-06-09,KNYU7944727,KNYU7944727_cycle_3,Отправлен_по_ЖД,Санкт-Петербург,Москва,20,1,20
2006-06-09,KNYU7944727,KNYU7944727_cycle_3,Прибыл_по_ЖД,Москва,Москва,20,0,20
2006-06-09,STNU2794431,STNU2794431_cycle_3,Прибыл_по_ЖД,Москва,Москва,20,1,32
2006-06-09,STNU5088417,STNU5088417_cycle_2,Прибыл_по_ЖД,Санкт-Петербург,Санкт-Петербург,40,21,5
2006-06-09,TIMU7964806,TIMU7964806_cycle_2,Прибыл_груженый,Владивосток,Санкт-Петербург,40,20,30
2006-06-09,TOWU6899546,TOWU6899546_cycle_3,Прибыл_по_ЖД,Санкт-Петербург,Санкт-Петербург,20,16,21
2006-06-10,BUTU1300953,BUTU1300953_cycle_2,Прибыл_свободным,Санкт-Петербург,Санкт-Петербург,40,15,0
2006-06-10,ERKU3112209,ERKU3112209_cycle_2,Отправлен_по_ЖД,Москва,Владивосток,20,2,28
2006-06-10,KNYU5372067,KNYU5372067_cycle_4,Передан_на_погрузку,Москва,Владивосток,40,0,32
2006-06-10,KNYU6806102,KNYU6806102_cycle_3,Прибыл_груженый,Санкт-Петербург,Владивосток,20,10,22
2006-06-10,STNU2517447,STNU2517447_cycle_4,Прибыл_по_ЖД,Владивосток,Владивосток,40,14,35
2006-06-10,STNU5088417,STNU5088417_cycle_2,Отправлен_грузополучателю,Санкт-Петербург,Санкт-Петербург,40,1,4
2006-06-10,TIMU1636645,TIMU1636645_cycle_3,Прибыл_груженый,Москва,Владивосток,20,18,22
2006-06-10,TIMU3631350,TIMU3631350_cycle_2,Передан_на_погрузку,Владивосток,Москва,20,0,37
2006-06-10,TIMU7964806,TIMU7964806_cycle_2,Отправлен_по_ЖД,Владивосток,Санкт-Петербург,40,1,29
2006-06-10,TOWU8381849,TOWU8381849_cycle_3,Передан_на_погрузку,Владивосток,Москва,20,0,62
2006-06-10,WEDU2249581,WEDU2249581_cycle_4,Отправлен_грузополучателю,Москва,Москва,20,2,37
2006-06-11,CRTU6264170,CRTU6264170_cycle_4,Прибыл_груженый,Владивосток,Москва,40,5,40
2006-06-11,CRTU6264170,CRTU6264170_cycle_4,Отправлен_по_ЖД,Владивосток,Москва,40,0,40
2006-06-11,ERKU7945290,ERKU7945290_cycle_2,Прибыл_свободным,Санкт-Петербург,Санкт-Петербург,20,27,0
2006-06-11,KNYU6806102,KNYU6806102_cycle_3,Отправлен_по_ЖД,Санкт-Петербург,Владивосток,20,1,21
2006-06-11,STNU2517447,STNU2517447_cycle_4,Отправлен_грузополучателю,Владивосток,Владивосток,40,1,34
2006-06-11,TIMU7736033,TIMU7736033_cycle_3,Передан_на_погрузку,Владивосток,Москва,20,0,55
2006-06-11,TOWU6899546,TOWU6899546_cycle_3,Отправлен_грузополучателю,Санкт-Петербург,Санкт-Петербург,20,2,19
2006-06-11,WEDU6102098,WEDU6102098_cycle_2,Прибыл_по_ЖД,Санкт-Петербург,Санкт-Петербург,20,14,15
2006-06-12,CRTU2183954,CRTU2183954_cycle_3,Передан_на_погрузку,Владивосток,Санкт-Петербург,40,0,45
2006-06-12,KNYU3335859,KNYU3335859_cycle_2,Прибыл_свободным,Санкт-Петербург,Санкт-Петербург,20,27,0
2006-06-12,KNYU3335859,KNYU3335859_cycle_3,Передан_на_погрузку,Санкт-Петербург,Владивосток,20,0,32
2006-06-12,KNYU7944727,KNYU7944727_cycle_3,Отправлен_грузополучателю,Москва,Москва,20,3,17
2006-06-12,TIMU1636645,TIMU1636645_cycle_3,Отправлен_по_ЖД,Москва,Владивосток,20,2,20
2006-06-12,TIMU3656871,TIMU3656871_cycle_3,Прибыл_по_ЖД,Санкт-Петербург,Санкт-Петербург,20,15,11
2006-06-12,TIMU3656871,TIMU3656871_cycle_3,Отправлен_грузополучателю,Санкт-Петербург,Санкт-Петербург,20,0,11
2006-06-12,TIMU8887794,TIMU8887794_cycle_3,Прибыл_груженый,Санкт-Петербург,Москва,20,5,16
2006-06-12,TOWU5892461,TOWU5892461_cycle_2,Прибыл_свободным,Владивосток,Владивосток,40,17,0
2006-06-12,WEDU6102098,WEDU6102098_cycle_2,Отправлен_грузополучателю,Санкт-Петербург,Санкт-Петербург,20,1,14
2006-06-13,BUTU8954572,BUTU8954572_cycle_3,Прибыл_по_ЖД,Владивосток,Владивосток,40,17,10
2006-06-13,ERKU3123425,ERKU3123425_cycle_3,Прибыл_груженый,Владивосток,Москва,20,11,30
2006-06-13,ERKU8281105,ERKU8281105_cycle_3,Прибыл_свободным,Москва,Москва,40,15,0
2006-06-13,KNYU1437543,KNYU1437543_cycle_3,Прибыл_свободным,Владивосток,Владивосток,20,4,0
2006-06-13,STNU2794431,STNU2794431_cycle_3,Отправлен_грузополучателю,Москва,Москва,20,4,28
2006-06-13,TIMU8250428,TIMU8250428_cycle_2,Прибыл_по_ЖД,Владивосток,Владивосток,20,15,38
2006-06-13,TIMU8887794,TIMU8887794_cycle_3,Отправлен_по_ЖД,Санкт-Петербург,Москва,20,1,15
2006-06-13,TIMU8887794,TIMU8887794_cycle_3,Прибыл_по_ЖД,Москва,Москва,20,0,15
2006-06-13,TOWU8351331,TOWU8351331_cycle_2,Прибыл_по_ЖД,Санкт-Петербург,Санкт-Петербург,20,11,25
2006-06-13,WEDU5817433,WEDU5817433_cycle_3,Прибыл_свободным,Москва,Москва,20,21,0
2006-06-14,CRTU1715325,CRTU1715325_cycle_4,Прибыл_груженый,Санкт-Петербург,Москва,40,11,26
2006-06-14,CRTU2093770,CRTU2093770_cycle_2,Прибыл_груженый,Санкт-Петербург,Москва,40,7,26
2006-06-14,ERKU3123425,ERKU3123425_cycle_3,Отправлен_по_ЖД,Владивосток,Москва,20,1,29
2006-06-14,KNYU9683883,KNYU9683883_cycle_3,Передан_на_погрузку,Москва,Владивосток,20,0,33
2006-06-14,STNU5088417,STNU5088417_cycle_2,Прибыл_свободным,Санкт-Петербург,Санкт-Петербург,40,4,0
2006-06-14,STNU5088417,STNU5088417_cycle_3,Передан_на_погрузку,Санкт-Петербург,Владивосток,40,0,36
2006-06-14,TIMU8250428,TIMU8250428_cycle_2,Отправлен_грузополучателю,Владивосток,Владивосток,20,1,37
2006-06-14,TIMU8887794,TIMU8887794_cycle_3,Отправлен_грузополучателю,Москва,Москва,20,1,14
2006-06-14,TOWU3611630,TOWU3611630_cycle_4,Прибыл_груженый,Владивосток,Москва,40,6,27
2006-06-14,TOWU7931879,TOWU7931879_cycle_2,Прибыл_по_ЖД,Владивосток,Владивосток,40,16,3
2006-06-15,BUTU7001309,BUTU7001309_cycle_4,Прибыл_груженый,Владивосток,Москва,20,8,26
2006-06-15,KNYU3537798,KNYU3537798_cycle_3,Прибыл_груженый,Москва,Санкт-Петербург,20,9,40
2006-06-15,KNYU3537798,KNYU3537798_cycle_3,Отправлен_по_ЖД,Москва,Санкт-Петербург,20,0,40
2006-06-15,KNYU3537798,KNYU3537798_cycle_3,Прибыл_по_ЖД,Санкт-Петербург,Санкт-Петербург,20,0,40
2006-06-15,STNU2356703,STNU2356703_cycle_3,Передан_на_погрузку,Москва,Владивосток,40,0,44
2006-06-15,TIMU5293271,TIMU5293271_cycle_3,Прибыл_груженый,Владивосток,Санкт-Петербург,20,13,23
2006-06-15,TOWU7931879,TOWU7931879_cycle_2,Отправлен_грузополучателю,Владивосток,Владивосток,40,1,2
2006-06-15,TOWU8161314,TOWU8161314_cycle_3,Прибыл_груженый,Москва,Владивосток,20,10,25
2006-06-15,TOWU8351331,TOWU8351331_cycle_2,Отправлен_грузополучателю,Санкт-Петербург,Санкт-Петербург,20,2,23
2006-06-15,WEDU7000544,WEDU7000544_cycle_2,Прибыл_свободным,Владивосток,Владивосток,20,9,0
2006-06-15,WEDU7000544,WEDU7000544_cycle_3,Передан_на_погрузку,Владивосток,Москва,20,0,52
2006-06-16,BUTU7001309,BUTU7001309_cycle_4,Отправлен_по_ЖД,Владивосток,Москва,20,1,25
2006-06-16,BUTU7079823,BUTU7079823_cycle_4,Передан_на_погрузку,Москва,Владивосток,20,0,38
2006-06-16,BUTU8954572,BUTU8954572_cycle_3,Отправлен_грузополучателю,Владивосток,Владивосток,40,3,7
2006-06-16,CRTU1715325,CRTU1715325_cycle_4,Отправлен_по_ЖД,Санкт-Петербург,Москва,40,2,24
2006-06-16,CRTU1715325,CRTU1715325_cycle_4,Прибыл_по_ЖД,Москва,Москва,40,0,24
2006-06-16,CRTU1715325,CRTU1715325_cycle_4,Отправлен_грузополучателю,Москва,Москва,40,0,24
2006-06-16,CRTU2093770,CRTU2093770_cycle_2,Отправлен_по_ЖД,Санкт-Петербург,Москва,40,2,24
2006-06-16,KNYU3537798,KNYU3537798_cycle_3,Отправлен_грузополучателю,Санкт-Петербург,Санкт-Петербург,20,1,39
2006-06-16,STNU4919514,STNU4919514_cycle_3,Передан_на_погрузку,Москва,Санкт-Петербург,40,0,19
2006-06-16,STNU4919514,STNU4919514_cycle_3,Прибыл_груженый,Москва,Санкт-Петербург,40,0,19
2006-06-16,TIMU5293271,TIMU5293271_cycle_3,Отправлен_по_ЖД,Владивосток,Санкт-Петербург,20,1,22
2006-06-16,TIMU8061928,TIMU8061928_cycle_3,Прибыл_свободным,Владивосток,Владивосток,20,17,0
2006-06-16,TOWU2835826,TOWU2835826_cycle_2,Прибыл_свободным,Владивосток,Владивосток,40,12,0
2006-06-16,TOWU3611630,TOWU3611630_cycle_4,Отправлен_по_ЖД,Владивосток,Москва,40,2,25
2006-06-16,TOWU5892461,TOWU5892461_cycle_3,Передан_на_погрузку,Владивосток,Москва,40,0,56
2006-06-16,TOWU8161314,TOWU8161314_cycle_3,Отправлен_по_ЖД,Москва,Владивосток,20,1,24
2006-06-17,BUTU9513169,BUTU9513169_cycle_3,Прибыл_свободным,Москва,Москва,40,30,0
2006-06-17,CRTU2093770,CRTU2093770_cycle_2,Прибыл_по_ЖД,Москва,Москва,40,1,23
2006-06-17,CRTU8114609,CRTU8114609_cycle_4,Передан_на_погрузку,Владивосток,Москва,20,0,33
2006-06-17,ERKU3509749,ERKU3509749_cycle_3,Передан_на_погрузку,Владивосток,Москва,20,0,35
2006-06-17,KNYU3021654,KNYU3021654_cycle_4,Прибыл_груженый,Санкт-Петербург,Москва,40,8,9
2006-06-17,KNYU3021654,KNYU3021654_cycle_4,Отправлен_по_ЖД,Санкт-Петербург,Москва,40,0,9
2006-06-17,KNYU3021654,KNYU3021654_cycle_4,Прибыл_по_ЖД,Москва,Москва,40,0,9
2006-06-17,TIMU6310893,TIMU6310893_cycle_4,Прибыл_по_ЖД,Владивосток,Владивосток,40,16,13
2006-06-17,TOWU7808384,TOWU7808384_cycle_2,Прибыл_по_ЖД,Москва,Москва,40,13,11
2006-06-17,TOWU7931879,TOWU7931879_cycle_2,Прибыл_свободным,Владивосток,Владивосток,40,2,0
2006-06-17,TOWU7931879,TOWU7931879_cycle_3,Передан_на_погрузку,Владивосток,Москва,40,0,40
2006-06-17,WEDU8568487,WEDU8568487_cycle_4,Передан_на_погрузку,Москва,Санкт-Петербург,40,0,18
2006-06-18,KNYU1773354,KNYU1773354_cycle_2,Прибыл_свободным,Москва,Москва,20,13,0
2006-06-18,KNYU5372067,KNYU5372067_cycle_4,Прибыл_груженый,Москва,Владивосток,40,8,24
2006-06-18,KNYU8173059,KNYU8173059_cycle_4,Передан_на_погрузку,Санкт-Петербург,Москва,20,0,26
2006-06-18,STNU4919514,STNU4919514_cycle_3,Отправлен_по_ЖД,Москва,Санкт-Петербург,40,2,17
2006-06-18,STNU4919514,STNU4919514_cycle_3,Прибыл_по_ЖД,Санкт-Петербург,Санкт-Петербург,40,0,17
2006-06-18,STNU9487869,STNU9487869_cycle_4,Передан_на_погрузку,Москва,Санкт-Петербург,40,0,8
2006-06-18,TIMU6310893,TIMU6310893_cycle_4,Отправлен_грузополучателю,Владивосток,Владивосток,40,1,12
2006-06-18,TOWU7808384,TOWU7808384_cycle_2,Отправлен_грузополучателю,Москва,Москва,40,1,10
2006-06-18,WEDU4651205,WEDU4651205_cycle_4,Прибыл_свободным,Москва,Москва,20,10,0
2006-06-19,BUTU4321000,BUTU4321000_cycle_4,Прибыл_груженый,Санкт-Петербург,Владивосток,40,10,27
2006-06-19,CRTU2093770,CRTU2093770_cycle_2,Отправлен_грузополучателю,Москва,Москва,40,2,21
2006-06-19,CRTU2183954,CRTU2183954_cycle_3,Прибыл_груженый,Владивосток,Санкт-Петербург,40,7,38
2006-06-19,ERKU5435191,ERKU5435191_cycle_3,Передан_на_погрузку,Санкт-Петербург,Москва,20,0,40
2006-06-19,KNYU1033833,KNYU1033833_cycle_3,Передан_на_погрузку,Москва,Санкт-Петербург,40,0,55
2006-06-19,KNYU3021654,KNYU3021654_cycle_4,Отправлен_грузополучателю,Москва,Москва,40,2,7
2006-06-19,STNU1402586,STNU1402586_cycle_3,Прибыл_свободным,Москва,Москва,20,12,0
2006-06-19,STNU5088417,STNU5088417_cycle_3,Прибыл_груженый,Санкт-Петербург,Владивосток,40,5,31
2006-06-20,BUTU2391445,BUTU2391445_cycle_3,Прибыл_свободным,Москва,Москва,20,22,0
2006-06-20,KNYU5372067,KNYU5372067_cycle_4,Отправлен_по_ЖД,Москва,Владивосток,40,2,22
2006-06-20,KNYU5786200,KNYU5786200_cycle_3,Передан_на_погрузку,Владивосток,Москва,20,0,29
2006-06-20,STNU4510100,STNU4510100_cycle_4,Прибыл_по_ЖД,Москва,Москва,20,12,24
2006-06-20,STNU4510100,STNU4510100_cycle_4,Отправлен_грузополучателю,Москва,Москва,20,0,24
2006-06-20,TIMU7736033,TIMU7736033_cycle_3,Прибыл_груженый,Владивосток,Москва,20,9,46
2006-06-21,CRTU2183954,CRTU2183954_cycle_3,Отправлен_по_ЖД,Владивосток,Санкт-Петербург,40,2,36
2006-06-21,CRTU3557936,CRTU3557936_cycle_4,Прибыл_по_ЖД,Владивосток,Владивосток,20,14,13
2006-06-21,CRTU6264170,CRTU6264170_cycle_4,Прибыл_по_ЖД,Москва,Москва,40,10,30
2006-06-21,CRTU8128829,CRTU8128829_cycle_4,Передан_на_погрузку,Москва,Владивосток,20,0,33
2006-06-21,KNYU1824938,KNYU1824938_cycle_4,Прибыл_по_ЖД,Москва,Москва,20,15,6
2006-06-21,KNYU4619290,KNYU4619290_cycle_3,Передан_на_погрузку,Москва,Санкт-Петербург,40,0,10
2006-06-21,TIMU7736033,TIMU7736033_cycle_3,Отправлен_по_ЖД,Владивосток,Москва,20,1,45
2006-06-21,WEDU6874585,WEDU6874585_cycle_2,Прибыл_по_ЖД,Москва,Москва,20,14,11
2006-06-22,CRTU3557936,CRTU3557936_cycle_4,Отправлен_грузополучателю,Владивосток,Владивосток,20,1,12
2006-06-22,CRTU6264170,CRTU6264170_cycle_4,Отправлен_грузополучателю,Москва,Москва,40,1,29
2006-06-22,ERKU3112209,ERKU3112209_cycle_2,Прибыл_по_ЖД,Владивосток,Владивосток,20,12,16
2006-06-22,KNYU1824938,KNYU1824938_cycle_4,Отправлен_грузополучателю,Москва,Москва,20,1,5
2006-06-22,KNYU9630138,KNYU9630138_cycle_3,Прибыл_груженый,Владивосток,Санкт-Петербург,20,20,37
2006-06-22,KNYU9630138,KNYU9630138_cycle_3,Отправлен_по_ЖД,Владивосток,Санкт-Петербург,20,0,37
2006-06-22,STNU4919514,STNU4919514_cycle_3,Отправлен_грузополучателю,Санкт-Петербург,Санкт-Петербург,40,4,13
2006-06-22,STNU5088417,STNU5088417_cycle_3,Отправлен_по_ЖД,Санкт-Петербург,Владивосток,40,3,28
2006-06-22,STNU9487869,STNU9487869_cycle_4,Прибыл_груженый,Москва,Санкт-Петербург,40,4,4
2006-06-22,TOWU7931879,TOWU7931879_cycle_3,Прибыл_груженый,Владивосток,Москва,40,5,35
2006-06-22,WEDU6654977,WEDU6654977_cycle_2,Прибыл_свободным,Владивосток,Владивосток,20,17,0
2006-06-23,BUTU4321000,BUTU4321000_cycle_4,Отправлен_по_ЖД,Санкт-Петербург,Владивосток,40,4,23
2006-06-23,BUTU8954572,BUTU8954572_cycle_3,Прибыл_свободным,Владивосток,Владивосток,40,7,0
2006-06-23,ERKU3123425,ERKU3123425_cycle_3,Прибыл_по_ЖД,Москва,Москва,20,9,20
2006-06-23,KNYU9683883,KNYU9683883_cycle_3,Прибыл_груженый,Москва,Владивосток,20,9,24
2006-06-23,TIMU3631350,TIMU3631350_cycle_2,Прибыл_груженый,Владивосток,Москва,20,13,24
2006-06-23,TIMU3656871,TIMU3656871_cycle_3,Прибыл_свободным,Санкт-Петербург,Санкт-Петербург,20,11,0
2006-06-23,TIMU7964806,TIMU7964806_cycle_2,Прибыл_по_ЖД,Санкт-Петербург,Санкт-Петербург,40,13,16
2006-06-23,TIMU9543550,TIMU9543550_cycle_3,Прибыл_груженый,Владивосток,Санкт-Петербург,40,17,30
2006-06-23,TOWU2984334,TOWU2984334_cycle_4,Передан_на_погрузку,Москва,Санкт-Петербург,40,0,17
2006-06-23,WEDU6874585,WEDU6874585_cycle_2,Отправлен_грузополучателю,Москва,Москва,20,2,9
2006-06-24,ERKU3112209,ERKU3112209_cycle_2,Отправлен_грузополучателю,Владивосток,Владивосток,20,2,14
2006-06-24,ERKU3509749,ERKU3509749_cycle_3,Прибыл_груженый,Владивосток,Москва,20,7,28
2006-06-24,KNYU1033833,KNYU1033833_cycle_3,Прибыл_груженый,Москва,Санкт-Петербург,40,5,50
2006-06-24,KNYU8173059,KNYU8173059_cycle_4,Прибыл_груженый,Санкт-Петербург,Москва,20,6,20
2006-06-24,KNYU8173059,KNYU8173059_cycle_4,Отправлен_по_ЖД,Санкт-Петербург,Москва,20,0,20
2006-06-24,KNYU8173059,KNYU8173059_cycle_4,Прибыл_по_ЖД,Москва,Москва,20,0,20
2006-06-24,STNU9487869,STNU9487869_cycle_4,Отправлен_по_ЖД,Москва,Санкт-Петербург,40,2,2
2006-06-24,STNU9487869,STNU9487869_cycle_4,Прибыл_по_ЖД,Санкт-Петербург,Санкт-Петербург,40,0,2
2006-06-24,TIMU3656871,TIMU3656871_cycle_4,Передан_на_погрузку,Санкт-Петербург,Владивосток,20,0,63
2006-06-24,TIMU9543550,TIMU9543550_cycle_3,Отправлен_по_ЖД,Владивосток,Санкт-Петербург,40,1,29
2006-06-24,TOWU2940273,TOWU2940273_cycle_3,Передан_на_погрузку,Санкт-Петербург,Владивосток,40,0,25
2006-06-24,TOWU2940273,TOWU2940273_cycle_3,Прибыл_груженый,Санкт-Петербург,Владивосток,40,0,25
2006-06-24,TOWU2984334,TOWU2984334_cycle_4,Прибыл_груженый,Москва,Санкт-Петербург,40,1,16
2006-06-24,TOWU7931879,TOWU7931879_cycle_3,Отправлен_по_ЖД,Владивосток,Москва,40,2,33
2006-06-25,KNYU1033833,KNYU1033833_cycle_3,Отправлен_по_ЖД,Москва,Санкт-Петербург,40,1,49
2006-06-25,KNYU3335859,KNYU3335859_cycle_3,Прибыл_груженый,Санкт-Петербург,Владивосток,20,13,19
2006-06-25,KNYU5786200,KNYU5786200_cycle_3,Прибыл_груженый,Владивосток,Москва,20,5,24
2006-06-25,KNYU5786200,KNYU5786200_cycle_3,Отправлен_по_ЖД,Владивосток,Москва,20,0,24
2006-06-25,KNYU6806102,KNYU6806102_cycle_3,Прибыл_по_ЖД,Владивосток,Владивосток,20,14,7
2006-06-25,KNYU8173059,KNYU8173059_cycle_4,Отправлен_грузополучателю,Москва,Москва,20,1,19
2006-06-25,KNYU9683883,KNYU9683883_cycle_3,Отправлен_по_ЖД,Москва,Владивосток,20,2,22
2006-06-25,STNU9767317,STNU9767317_cycle_3,Передан_на_погрузку,Москва,Владивосток,20,0,34
2006-06-25,STNU9845862,STNU9845862_cycle_3,Передан_на_погрузку,Владивосток,Санкт-Петербург,40,0,37
2006-06-25,TIMU1636645,TIMU1636645_cycle_3,Прибыл_по_ЖД,Владивосток,Владивосток,20,13,7
2006-06-25,TIMU3631350,TIMU3631350_cycle_2,Отправлен_по_ЖД,Владивосток,Москва,20,2,22
2006-06-25,TIMU6180706,TIMU6180706_cycle_3,Прибыл_по_ЖД,Санкт-Петербург,Санкт-Петербург,40,17,35
2006-06-25,TIMU7964806,TIMU7964806_cycle_2,Отправлен_грузополучателю,Санкт-Петербург,Санкт-Петербург,40,2,14
2006-06-25,TIMU8010374,TIMU8010374_cycle_2,Прибыл_свободным,Санкт-Петербург,Санкт-Петербург,20,23,0
2006-06-25,TOWU5842316,TOWU5842316_cycle_4,Прибыл_груженый,Санкт-Петербург,Владивосток,40,17,33
2006-06-26,BUTU7079823,BUTU7079823_cycle_4,Прибыл_груженый,Москва,Владивосток,20,10,28
2006-06-26,BUTU7079823,BUTU7079823_cycle_4,Отправлен_по_ЖД,Москва,Владивосток,20,0,28
2006-06-26,BUTU7130462,BUTU7130462_cycle_3,Передан_на_погрузку,Владивосток,Москва,20,0,41
2006-06-26,CRTU8114609,CRTU8114609_cycle_4,Прибыл_груженый,Владивосток,Москва,20,9,24
2006-06-26,CRTU8128829,CRTU8128829_cycle_4,Прибыл_груженый,Москва,Владивосток,20,5,28
2006-06-26,ERKU3123425,ERKU3123425_cycle_3,Отправлен_грузополучателю,Москва,Москва,20,3,17
2006-06-26,ERKU3509749,ERKU3509749_cycle_3,Отправлен_по_ЖД,Владивосток,Москва,20,2,26
2006-06-26,ERKU4123975,ERKU4123975_cycle_3,Передан_на_погрузку,Москва,Санкт-Петербург,40,0,40
2006-06-26,KNYU3021654,KNYU3021654_cycle_4,Прибыл_свободным,Москва,Москва,40,7,0
2006-06-26,KNYU4619290,KNYU4619290_cycle_3,Прибыл_груженый,Москва,Санкт-Петербург,40,5,5
2006-06-26,STNU9487869,STNU9487869_cycle_4,Отправлен_грузополучателю,Санкт-Петербург,Санкт-Петербург,40,2,0
2006-06-26,STNU9487869,STNU9487869_cycle_4,Прибыл_свободным,Санкт-Петербург,Санкт-Петербург,40,0,0
2006-06-26,TIMU1636645,TIMU1636645_cycle_3,Отправлен_грузополучателю,Владивосток,Владивосток,20,1,6
2006-06-26,TIMU6180706,TIMU6180706_cycle_3,Отправлен_грузополучателю,Санкт-Петербург,Санкт-Петербург,40,1,34
2006-06-26,TOWU2940273,TOWU2940273_cycle_3,Отправлен_по_ЖД,Санкт-Петербург,Владивосток,40,2,23
2006-06-26,TOWU5842316,TOWU5842316_cycle_4,Отправлен_по_ЖД,Санкт-Петербург,Владивосток,40,1,32
2006-06-26,WEDU6102098,WEDU6102098_cycle_2,Прибыл_свободным,Санкт-Петербург,Санкт-Петербург,20,14,0
2006-06-26,WEDU8568487,WEDU8568487_cycle_4,Прибыл_груженый,Москва,Санкт-Петербург,40,9,9
2006-06-27,CRTU8128829,CRTU8128829_cycle_4,Отправлен_по_ЖД,Москва,Владивосток,20,1,27
2006-06-27,ERKU5797068,ERKU5797068_cycle_3,Передан_на_погрузку,Санкт-Петербург,Владивосток,40,0,38
2006-06-27,KNYU1824938,KNYU1824938_cycle_4,Прибыл_свободным,Москва,Москва,20,5,0
2006-06-27,KNYU1824938,KNYU1824938_cycle_5,Передан_на_погрузку,Москва,Владивосток,20,0,42
2006-06-27,KNYU4619290,KNYU4619290_cycle_3,Отправлен_по_ЖД,Москва,Санкт-Петербург,40,1,4
2006-06-27,KNYU4619290,KNYU4619290_cycle_3,Прибыл_по_ЖД,Санкт-Петербург,Санкт-Петербург,40,0,4
2006-06-27,TOWU2984334,TOWU2984334_cycle_4,Отправлен_по_ЖД,Москва,Санкт-Петербург,40,3,13
2006-06-28,CRTU1937935,CRTU1937935_cycle_2,Прибыл_свободным,Санкт-Петербург,Санкт-Петербург,40,25,0
2006-06-28,KNYU3335859,KNYU3335859_cycle_3,Отправлен_по_ЖД,Санкт-Петербург,Владивосток,20,3,16
2006-06-28,KNYU4619290,KNYU4619290_cycle_3,Отправлен_грузополучателю,Санкт-Петербург,Санкт-Петербург,40,1,3
2006-06-28,KNYU6806102,KNYU6806102_cycle_3,Отправлен_грузополучателю,Владивосток,Владивосток,20,3,4
2006-06-28,TIMU8887794,TIMU8887794_cycle_3,Прибыл_свободным,Москва,Москва,20,14,0
2006-06-28,TOWU5892461,TOWU5892461_cycle_3,Прибыл_груженый,Владивосток,Москва,40,12,44
2006-06-28,TOWU7808384,TOWU7808384_cycle_2,Прибыл_свободным,Москва,Москва,40,10,0
2006-06-28,TOWU8161314,TOWU8161314_cycle_3,Прибыл_по_ЖД,Владивосток,Владивосток,20,12,12
2006-06-28,WEDU7000544,WEDU7000544_cycle_3,Прибыл_груженый,Владивосток,Москва,20,13,39
2006-06-28,WEDU8568487,WEDU8568487_cycle_4,Отправлен_по_ЖД,Москва,Санкт-Петербург,40,2,7
2006-06-29,CRTU5834937,CRTU5834937_cycle_3,Передан_на_погрузку,Санкт-Петербург,Владивосток,20,0,54
2006-06-29,CRTU8114609,CRTU8114609_cycle_4,Отправлен_по_ЖД,Владивосток,Москва,20,3,21
2006-06-29,KNYU7944727,KNYU7944727_cycle_3,Прибыл_свободным,Москва,Москва,20,17,0
2006-06-29,TIMU5165088,TIMU5165088_cycle_4,Передан_на_погрузку,Санкт-Петербург,Владивосток,40,0,61
2006-06-29,TOWU2984334,TOWU2984334_cycle_4,Прибыл_по_ЖД,Санкт-Петербург,Санкт-Петербург,40,2,11
2006-06-29,TOWU3611630,TOWU3611630_cycle_4,Прибыл_по_ЖД,Москва,Москва,40,13,12
2006-06-29,TOWU3611630,TOWU3611630_cycle_4,Отправлен_грузополучателю,Москва,Москва,40,0,12
2006-06-29,TOWU5892461,TOWU5892461_cycle_3,Отправлен_по_ЖД,Владивосток,Москва,40,1,43
2006-06-29,TOWU8161314,TOWU8161314_cycle_3,Отправлен_грузополучателю,Владивосток,Владивосток,20,1,11
2006-06-29,WEDU9910122,WEDU9910122_cycle_3,Прибыл_груженый,Владивосток,Санкт-Петербург,40,24,18
2006-06-30,ERKU5435191,ERKU5435191_cycle_3,Прибыл_груженый,Санкт-Петербург,Москва,20,11,29
2006-06-30,ERKU8281105,ERKU8281105_cycle_4,Передан_на_погрузку,Москва,Владивосток,40,0,46
2006-06-30,KNYU3021654,KNYU3021654_cycle_5,Передан_на_погрузку,Москва,Санкт-Петербург,40,0,21
2006-06-30,KNYU5372067,KNYU5372067_cycle_4,Прибыл_по_ЖД,Владивосток,Владивосток,40,10,12
2006-06-30,TIMU6310893,TIMU6310893_cycle_4,Прибыл_свободным,Владивосток,Владивосток,40,12,0
2006-06-30,TOWU2984334,TOWU2984334_cycle_4,Отправлен_грузополучателю,Санкт-Петербург,Санкт-Петербург,40,1,10
2006-06-30,TOWU6899546,TOWU6899546_cycle_3,Прибыл_свободным,Санкт-Петербург,Санкт-Петербург,20,19,0
2006-06-30,TOWU8381849,TOWU8381849_cycle_3,Прибыл_груженый,Владивосток,Москва,20,20,42
2006-06-30,WEDU9910122,WEDU9910122_cycle_3,Отправлен_по_ЖД,Владивосток,Санкт-Петербург,40,1,17
2006-07-01,BUTU7001309,BUTU7001309_cycle_4,Прибыл_по_ЖД,Москва,Москва,20,15,10
2006-07-01,ERKU5435191,ERKU5435191_cycle_3,Отправлен_по_ЖД,Санкт-Петербург,Москва,20,1,28
2006-07-01,ERKU5435191,ERKU5435191_cycle_3,Прибыл_по_ЖД,Москва,Москва,20,0,28
2006-07-01,KNYU4619290,KNYU4619290_cycle_3,Прибыл_свободным,Санкт-Петербург,Санкт-Петербург,40,3,0
2006-07-01,KNYU5372067,KNYU5372067_cycle_4,Отправлен_грузополучателю,Владивосток,Владивосток,40,1,11
2006-07-01,KNYU7944727,KNYU7944727_cycle_4,Передан_на_погрузку,Москва,Санкт-Петербург,20,0,25
2006-07-01,STNU2356703,STNU2356703_cycle_3,Прибыл_груженый,Москва,Владивосток,40,16,28
2006-07-01,STNU2356703,STNU2356703_cycle_3,Отправлен_по_ЖД,Москва,Владивосток,40,0,28
2006-07-01,WEDU2383938,WEDU2383938_cycle_3,Передан_на_погрузку,Москва,Санкт-Петербург,20,0,20
2006-07-01,WEDU7000544,WEDU7000544_cycle_3,Отправлен_по_ЖД,Владивосток,Москва,20,3,36
2006-07-02,CRTU1521773,CRTU1521773_cycle_3,Передан_на_погрузку,Владивосток,Санкт-Петербург,20,0,58
2006-07-02,ERKU5435191,ERKU5435191_cycle_3,Отправлен_грузополучателю,Москва,Москва,20,1,27
2006-07-02,KNYU6806102,KNYU6806102_cycle_3,Прибыл_свободным,Владивосток,Владивосток,20,4,0
2006-07-02,KNYU6970613,KNYU6970613_cycle_4,Передан_на_погрузку,Владивосток,Санкт-Петербург,20,0,37
2006-07-02,TIMU1636645,TIMU1636645_cycle_3,Прибыл_свободным,Владивосток,Владивосток,20,6,0
2006-07-02,TIMU7736033,TIMU7736033_cycle_3,Прибыл_по_ЖД,Москва,Москва,20,11,34
2006-07-02,TOWU8381849,TOWU8381849_cycle_3,Отправлен_по_ЖД,Владивосток,Москва,20,2,40
2006-07-02,TOWU9892746,TOWU9892746_cycle_4,Передан_на_погрузку,Москва,Владивосток,40,0,45
2006-07-02,WEDU6874585,WEDU6874585_cycle_2,Прибыл_свободным,Москва,Москва,20,9,0
2006-07-02,WEDU6874585,WEDU6874585_cycle_3,Передан_на_погрузку,Москва,Санкт-Петербург,20,0,40
2006-07-02,WEDU8568487,WEDU8568487_cycle_4,Прибыл_по_ЖД,Санкт-Петербург,Санкт-Петербург,40,4,3
2006-07-03,BUTU7001309,BUTU7001309_cycle_4,Отправлен_грузополучателю,Москва,Москва,20,2,8
2006-07-03,KNYU9683883,KNYU9683883_cycle_3,Прибыл_по_ЖД,Владивосток,Владивосток,20,8,14
2006-07-04,CRTU3557936,CRTU3557936_cycle_4,Прибыл_свободным,Владивосток,Владивосток,20,12,0
2006-07-04,KNYU1033833,KNYU1033833_cycle_3,Прибыл_по_ЖД,Санкт-Петербург,Санкт-Петербург,40,9,40
2006-07-04,TIMU3656871,TIMU3656871_cycle_4,Прибыл_груженый,Санкт-Петербург,Владивосток,20,10,53
2006-07-04,TIMU7736033,TIMU7736033_cycle_3,Отправлен_грузополучателю,Москва,Москва,20,2,32
2006-07-04,WEDU8568487,WEDU8568487_cycle_4,Отправлен_грузополучателю,Санкт-Петербург,Санкт-Петербург,40,2,1
2006-07-05,BUTU4321000,BUTU4321000_cycle_4,Прибыл_по_ЖД,Владивосток,Владивосток,40,12,11
2006-07-05,BUTU7130462,BUTU7130462_cycle_3,Прибыл_груженый,Владивосток,Москва,20,9,32
2006-07-05,BUTU8729025,BUTU8729025_cycle_2,Прибыл_свободным,Москва,Москва,40,26,0
2006-07-05,KNYU1033833,KNYU1033833_cycle_3,Отправлен_грузополучателю,Санкт-Петербург,Санкт-Петербург,40,1,39
2006-07-05,KNYU9683883,KNYU9683883_cycle_3,Отправлен_грузополучателю,Владивосток,Владивосток,20,2,12
2006-07-05,STNU4919514,STNU4919514_cycle_3,Прибыл_свободным,Санкт-Петербург,Санкт-Петербург,40,13,0
2006-07-05,STNU5088417,STNU5088417_cycle_3,Прибыл_по_ЖД,Владивосток,Владивосток,40,13,15
2006-07-05,STNU5088417,STNU5088417_cycle_3,Отправлен_грузополучателю,Владивосток,Владивосток,40,0,15
2006-07-05,WEDU8568487,WEDU8568487_cycle_4,Прибыл_свободным,Санкт-Петербург,Санкт-Петербург,40,1,0
2006-07-06,BUTU4321000,BUTU4321000_cycle_4,Отправлен_грузополучателю,Владивосток,Владивосток,40,1,10
2006-07-06,BUTU7079823,BUTU7079823_cycle_4,Прибыл_по_ЖД,Владивосток,Владивосток,20,10,18
2006-07-06,BUTU7079823,BUTU7079823_cycle_4,Отправлен_грузополучателю,Владивосток,Владивосток,20,0,18
2006-07-06,CRTU1937935,CRTU1937935_cycle_3,Передан_на_погрузку,Санкт-Петербург,Москва,40,0,9
2006-07-06,CRTU1937935,CRTU1937935_cycle_3,Прибыл_груженый,Санкт-Петербург,Москва,40,0,9
2006-07-06,TIMU3656871,TIMU3656871_cycle_4,Отправлен_по_ЖД,Санкт-Петербург,Владивосток,20,2,51
2006-07-06,TOWU2940273,TOWU2940273_cycle_3,Прибыл_по_ЖД,Владивосток,Владивосток,40,10,13
2006-07-07,CRTU1937935,CRTU1937935_cycle_3,Отправлен_по_ЖД,Санкт-Петербург,Москва,40,1,8
2006-07-07,ERKU3509749,ERKU3509749_cycle_3,Прибыл_по_ЖД,Москва,Москва,20,11,15
2006-07-07,ERKU8324044,ERKU8324044_cycle_3,Передан_на_погрузку,Владивосток,Москва,40,0,26
2006-07-07,KNYU3335859,KNYU3335859_cycle_3,Прибыл_по_ЖД,Владивосток,Владивосток,20,9,7
2006-07-07,TIMU5293271,TIMU5293271_cycle_3,Прибыл_по_ЖД,Санкт-Петербург,Санкт-Петербург,20,21,1
2006-07-07,TOWU2940273,TOWU2940273_cycle_3,Отправлен_грузополучателю,Владивосток,Владивосток,40,1,12
2006-07-08,BUTU7130462,BUTU7130462_cycle_3,Отправлен_по_ЖД,Владивосток,Москва,20,3,29
2006-07-08,ERKU3112209,ERKU3112209_cycle_2,Прибыл_свободным,Владивосток,Владивосток,20,14,0
2006-07-08,ERKU3112209,ERKU3112209_cycle_3,Передан_на_погрузку,Владивосток,Москва,20,0,30
2006-07-08,ERKU3509749,ERKU3509749_cycle_3,Отправлен_грузополучателю,Москва,Москва,20,1,14
2006-07-08,KNYU5786200,KNYU5786200_cycle_3,Прибыл_по_ЖД,Москва,Москва,20,13,11
2006-07-08,STNU9487869,STNU9487869_cycle_5,Передан_на_погрузку,Санкт-Петербург,Москва,40,0,37
2006-07-08,STNU9767317,STNU9767317_cycle_3,Прибыл_груженый,Москва,Владивосток,20,13,21
2006-07-08,TIMU5293271,TIMU5293271_cycle_3,Отправлен_грузополучателю,Санкт-Петербург,Санкт-Петербург,20,1,0
2006-07-08,TIMU5293271,TIMU5293271_cycle_3,Прибыл_свободным,Санкт-Петербург,Санкт-Петербург,20,0,0
2006-07-08,TIMU5293271,TIMU5293271_cycle_4,Передан_на_погрузку,Санкт-Петербург,Владивосток,20,0,37
2006-07-08,TOWU8351331,TOWU8351331_cycle_2,Прибыл_свободным,Санкт-Петербург,Санкт-Петербург,20,23,0
2006-07-09,CRTU8128829,CRTU8128829_cycle_4,Прибыл_по_ЖД,Владивосток,Владивосток,20,12,15
2006-07-09,KNYU1824938,KNYU1824938_cycle_5,Прибыл_груженый,Москва,Владивосток,20,12,30
2006-07-09,KNYU5786200,KNYU5786200_cycle_3,Отправлен_грузополучателю,Москва,Москва,20,1,10
2006-07-09,STNU3092282,STNU3092282_cycle_3,Передан_на_погрузку,Москва,Санкт-Петербург,40,0,31
2006-07-09,STNU9845862,STNU9845862_cycle_3,Прибыл_груженый,Владивосток,Санкт-Петербург,40,14,23
2006-07-09,STNU9845862,STNU9845862_cycle_3,Отправлен_по_ЖД,Владивосток,Санкт-Петербург,40,0,23
2006-07-09,TIMU7964806,TIMU7964806_cycle_2,Прибыл_свободным,Санкт-Петербург,Санкт-Петербург,40,14,0
2006-07-09,TIMU8061928,TIMU8061928_cycle_4,Передан_на_погрузку,Владивосток,Санкт-Петербург,20,0,66
2006-07-09,TOWU5842316,TOWU5842316_cycle_4,Прибыл_по_ЖД,Владивосток,Владивосток,40,13,19
2006-07-09,WEDU6876299,WEDU6876299_cycle_3,Передан_на_погрузку,Москва,Санкт-Петербург,20,0,15
2006-07-10,CRTU1715325,CRTU1715325_cycle_4,Прибыл_свободным,Москва,Москва,40,24,0
2006-07-10,CRTU2093770,CRTU2093770_cycle_2,Прибыл_свободным,Москва,Москва,40,21,0
2006-07-10,CRTU2183954,CRTU2183954_cycle_3,Прибыл_по_ЖД,Санкт-Петербург,Санкт-Петербург,40,19,17
2006-07-10,CRTU2183954,CRTU2183954_cycle_3,Отправлен_грузополучателю,Санкт-Петербург,Санкт-Петербург,40,0,17
2006-07-10,CRTU5834937,CRTU5834937_cycle_3,Прибыл_груженый,Санкт-Петербург,Владивосток,20,11,43
2006-07-10,CRTU5834937,CRTU5834937_cycle_3,Отправлен_по_ЖД,Санкт-Петербург,Владивосток,20,0,43
2006-07-10,ERKU8324044,ERKU8324044_cycle_3,Прибыл_груженый,Владивосток,Москва,40,3,23
2006-07-10,KNYU1824938,KNYU1824938_cycle_5,Отправлен_по_ЖД,Москва,Владивосток,20,1,29
2006-07-10,KNYU3335859,KNYU3335859_cycle_3,Отправлен_грузополучателю,Владивосток,Владивосток,20,3,4
2006-07-10,STNU9767317,STNU9767317_cycle_3,Отправлен_по_ЖД,Москва,Владивосток,20,2,19
2006-07-10,TIMU3631350,TIMU3631350_cycle_2,Прибыл_по_ЖД,Москва,Москва,20,15,7
2006-07-10,TIMU9543550,TIMU9543550_cycle_3,Прибыл_по_ЖД,Санкт-Петербург,Санкт-Петербург,40,16,13
2006-07-10,TOWU2984334,TOWU2984334_cycle_4,Прибыл_свободным,Санкт-Петербург,Санкт-Петербург,40,10,0
2006-07-10,TOWU8161314,TOWU8161314_cycle_3,Прибыл_свободным,Владивосток,Владивосток,20,11,0
2006-07-11,BUTU7001309,BUTU7001309_cycle_4,Прибыл_свободным,Москва,Москва,20,8,0
2006-07-11,CRTU1167966,CRTU1167966_cycle_3,Передан_на_погрузку,Москва,Санкт-Петербург,40,0,17
2006-07-11,CRTU8128829,CRTU8128829_cycle_4,Отправлен_грузополучателю,Владивосток,Владивосток,20,2,13
2006-07-11,ERKU8324044,ERKU8324044_cycle_3,Отправлен_по_ЖД,Владивосток,Москва,40,1,22
2006-07-11,STNU1402586,STNU1402586_cycle_4,Передан_на_погрузку,Москва,Владивосток,20,0,40
2006-07-11,STNU2794431,STNU2794431_cycle_3,Прибыл_свободным,Москва,Москва,20,28,0
2006-07-11,STNU2794431,STNU2794431_cycle_4,Передан_на_погрузку,Москва,Владивосток,20,0,36
2006-07-11,TIMU9543550,TIMU9543550_cycle_3,Отправлен_грузополучателю,Санкт-Петербург,Санкт-Петербург,40,1,12
2006-07-11,TOWU3611630,TOWU3611630_cycle_4,Прибыл_свободным,Москва,Москва,40,12,0
2006-07-11,TOWU5842316,TOWU5842316_cycle_4,Отправлен_грузополучателю,Владивосток,Владивосток,40,2,17
2006-07-11,TOWU7931879,TOWU7931879_cycle_3,Прибыл_по_ЖД,Москва,Москва,40,17,16
2006-07-12,ERKU5797068,ERKU5797068_cycle_3,Прибыл_груженый,Санкт-Петербург,Владивосток,40,15,23
2006-07-12,ERKU5797068,ERKU5797068_cycle_3,Отправлен_по_ЖД,Санкт-Петербург,Владивосток,40,0,23
2006-07-12,KNYU5372067,KNYU5372067_cycle_4,Прибыл_свободным,Владивосток,Владивосток,40,11,0
2006-07-12,KNYU5372067,KNYU5372067_cycle_5,Передан_на_погрузку,Владивосток,Москва,40,0,30
2006-07-12,KNYU6970613,KNYU6970613_cycle_4,Прибыл_груженый,Владивосток,Санкт-Петербург,20,10,27
2006-07-12,KNYU7944727,KNYU7944727_cycle_4,Прибыл_груженый,Москва,Санкт-Петербург,20,11,14
2006-07-12,KNYU7944727,KNYU7944727_cycle_4,Отправлен_по_ЖД,Москва,Санкт-Петербург,20,0,14
2006-07-12,KNYU9630138,KNYU9630138_cycle_3,Прибыл_по_ЖД,Санкт-Петербург,Санкт-Петербург,20,20,17
2006-07-12,STNU2794431,STNU2794431_cycle_4,Прибыл_груженый,Москва,Владивосток,20,1,35
2006-07-12,TIMU3631350,TIMU3631350_cycle_2,Отправлен_грузополучателю,Москва,Москва,20,2,5
2006-07-12,TOWU7931879,TOWU7931879_cycle_3,Отправлен_грузополучателю,Москва,Москва,40,1,15
2006-07-13,CRTU1937935,CRTU1937935_cycle_3,Прибыл_по_ЖД,Москва,Москва,40,6,2
2006-07-13,CRTU1937935,CRTU1937935_cycle_3,Отправлен_грузополучателю,Москва,Москва,40,0,2
2006-07-13,ERKU3123425,ERKU3123425_cycle_3,Прибыл_свободным,Москва,Москва,20,17,0
2006-07-13,ERKU8281105,ERKU8281105_cycle_4,Прибыл_груженый,Москва,Владивосток,40,13,33
2006-07-13,KNYU4619290,KNYU4619290_cycle_4,Передан_на_погрузку,Санкт-Петербург,Москва,40,0,20
2006-07-13,KNYU9630138,KNYU9630138_cycle_3,Отправлен_грузополучателю,Санкт-Петербург,Санкт-Петербург,20,1,16
2006-07-13,STNU2794431,STNU2794431_cycle_4,Отправлен_по_ЖД,Москва,Владивосток,20,1,34
2006-07-13,WEDU2383938,WEDU2383938_cycle_3,Прибыл_груженый,Москва,Санкт-Петербург,20,12,8
2006-07-13,WEDU4651205,WEDU4651205_cycle_5,Передан_на_погрузку,Москва,Санкт-Петербург,20,0,54
2006-07-13,WEDU4651205,WEDU4651205_cycle_5,Прибыл_груженый,Москва,Санкт-Петербург,20,0,54
2006-07-14,CRTU1521773,CRTU1521773_cycle_3,Прибыл_груженый,Владивосток,Санкт-Петербург,20,12,46
2006-07-14,CRTU8114609,CRTU8114609_cycle_4,Прибыл_по_ЖД,Москва,Москва,20,15,6
2006-07-14,CRTU8114609,CRTU8114609_cycle_4,Отправлен_грузополучателю,Москва,Москва,20,0,6
2006-07-14,ERKU4123975,ERKU4123975_cycle_3,Прибыл_груженый,Москва,Санкт-Петербург,40,18,22
2006-07-14,ERKU4123975,ERKU4123975_cycle_3,Отправлен_по_ЖД,Москва,Санкт-Петербург,40,0,22
2006-07-14,KNYU3335859,KNYU3335859_cycle_3,Прибыл_свободным,Владивосток,Владивосток,20,4,0
2006-07-14,KNYU6970613,KNYU6970613_cycle_4,Отправлен_по_ЖД,Владивосток,Санкт-Петербург,20,2,25
2006-07-14,KNYU8173059,KNYU8173059_cycle_4,Прибыл_свободным,Москва,Москва,20,19,0
2006-07-14,STNU1402586,STNU1402586_cycle_4,Прибыл_груженый,Москва,Владивосток,20,3,37
2006-07-14,STNU2356703,STNU2356703_cycle_3,Прибыл_по_ЖД,Владивосток,Владивосток,40,13,15
2006-07-14,STNU4510100,STNU4510100_cycle_4,Прибыл_свободным,Москва,Москва,20,24,0
2006-07-14,TOWU9892746,TOWU9892746_cycle_4,Прибыл_груженый,Москва,Владивосток,40,12,33
2006-07-15,CRTU1521773,CRTU1521773_cycle_3,Отправлен_по_ЖД,Владивосток,Санкт-Петербург,20,1,45
2006-07-15,CRTU1937935,CRTU1937935_cycle_3,Прибыл_свободным,Москва,Москва,40,2,0
2006-07-15,ERKU7945290,ERKU7945290_cycle_3,Передан_на_погрузку,Санкт-Петербург,Москва,20,0,21
2006-07-15,ERKU8281105,ERKU8281105_cycle_4,Отправлен_по_ЖД,Москва,Владивосток,40,2,31
2006-07-15,STNU2517447,STNU2517447_cycle_4,Прибыл_свободным,Владивосток,Владивосток,40,34,0
2006-07-15,TIMU1636645,TIMU1636645_cycle_4,Передан_на_погрузку,Владивосток,Москва,20,0,44
2006-07-15,TIMU3137493,TIMU3137493_cycle_3,Передан_на_погрузку,Москва,Владивосток,40,0,42
2006-07-15,TIMU3137493,TIMU3137493_cycle_3,Прибыл_груженый,Москва,Владивосток,40,0,42
2006-07-15,TOWU5892461,TOWU5892461_cycle_3,Прибыл_по_ЖД,Москва,Москва,40,16,27
2006-07-15,WEDU5817433,WEDU5817433_cycle_4,Передан_на_погрузку,Москва,Владивосток,20,0,41
2006-07-15,WEDU8568487,WEDU8568487_cycle_5,Передан_на_погрузку,Санкт-Петербург,Москва,40,0,41
2006-07-16,BUTU4321000,BUTU4321000_cycle_4,Прибыл_свободным,Владивосток,Владивосток,40,10,0
2006-07-16,CRTU3557936,CRTU3557936_cycle_5,Передан_на_погрузку,Владивосток,Санкт-Петербург,20,0,34
2006-07-16,KNYU3021654,KNYU3021654_cycle_5,Прибыл_груженый,Москва,Санкт-Петербург,40,16,5
2006-07-16,STNU1402586,STNU1402586_cycle_4,Отправлен_по_ЖД,Москва,Владивосток,20,2,35
2006-07-16,STNU2356703,STNU2356703_cycle_3,Отправлен_грузополучателю,Владивосток,Владивосток,40,2,13
2006-07-16,TIMU3137493,TIMU3137493_cycle_3,Отправлен_по_ЖД,Москва,Владивосток,40,1,41
2006-07-16,TOWU8161314,TOWU8161314_cycle_4,Передан_на_погрузку,Владивосток,Москва,20,0,33
2006-07-16,WEDU7000544,WEDU7000544_cycle_3,Прибыл_по_ЖД,Москва,Москва,20,15,21
2006-07-17,ERKU3112209,ERKU3112209_cycle_3,Прибыл_груженый,Владивосток,Москва,20,9,21
2006-07-17,ERKU3112209,ERKU3112209_cycle_3,Отправлен_по_ЖД,Владивосток,Москва,20,0,21
2006-07-17,ERKU4123975,ERKU4123975_cycle_3,Прибыл_по_ЖД,Санкт-Петербург,Санкт-Петербург,40,3,19
2006-07-17,KNYU1773354,KNYU1773354_cycle_3,Передан_на_погрузку,Москва,Санкт-Петербург,20,0,32
2006-07-17,KNYU1773354,KNYU1773354_cycle_3,Прибыл_груженый,Москва,Санкт-Петербург,20,0,32
2006-07-17,KNYU3021654,KNYU3021654_cycle_5,Отправлен_по_ЖД,Москва,Санкт-Петербург,40,1,4
2006-07-17,KNYU4619290,KNYU4619290_cycle_4,Прибыл_груженый,Санкт-Петербург,Москва,40,4,16
2006-07-17,KNYU7944727,KNYU7944727_cycle_4,Прибыл_по_ЖД,Санкт-Петербург,Санкт-Петербург,20,5,9
2006-07-17,KNYU9683883,KNYU9683883_cycle_3,Прибыл_свободным,Владивосток,Владивосток,20,12,0
2006-07-17,TIMU3631350,TIMU3631350_cycle_2,Прибыл_свободным,Москва,Москва,20,5,0
2006-07-17,TIMU3631350,TIMU3631350_cycle_3,Передан_на_погрузку,Москва,Санкт-Петербург,20,0,18
2006-07-17,TIMU3631350,TIMU3631350_cycle_3,Прибыл_груженый,Москва,Санкт-Петербург,20,0,18
2006-07-17,TIMU6310893,TIMU6310893_cycle_5,Передан_на_погрузку,Владивосток,Москва,40,0,47
2006-07-17,TOWU5892461,TOWU5892461_cycle_3,Отправлен_грузополучателю,Москва,Москва,40,2,25
2006-07-17,TOWU9892746,TOWU9892746_cycle_4,Отправлен_по_ЖД,Москва,Владивосток,40,3,30
2006-07-17,WEDU2249581,WEDU2249581_cycle_4,Прибыл_свободным,Москва,Москва,20,37,0
2006-07-17,WEDU2383938,WEDU2383938_cycle_3,Отправлен_по_ЖД,Москва,Санкт-Петербург,20,4,4
2006-07-17,WEDU4651205,WEDU4651205_cycle_5,Отправлен_по_ЖД,Москва,Санкт-Петербург,20,4,50
2006-07-17,WEDU9910122,WEDU9910122_cycle_3,Прибыл_по_ЖД,Санкт-Петербург,Санкт-Петербург,40,17,0
2006-07-17,WEDU9910122,WEDU9910122_cycle_3,Отправлен_грузополучателю,Санкт-Петербург,Санкт-Петербург,40,0,0
2006-07-17,WEDU9910122,WEDU9910122_cycle_3,Прибыл_свободным,Санкт-Петербург,Санкт-Петербург,40,0,0
2006-07-18,CRTU1937935,CRTU1937935_cycle_4,Передан_на_погрузку,Москва,Владивосток,40,0,41
2006-07-18,KNYU3021654,KNYU3021654_cycle_5,Прибыл_по_ЖД,Санкт-Петербург,Санкт-Петербург,40,1,3
2006-07-18,KNYU4619290,KNYU4619290_cycle_4,Отправлен_по_ЖД,Санкт-Петербург,Москва,40,1,15
2006-07-18,KNYU4619290,KNYU4619290_cycle_4,Прибыл_по_ЖД,Москва,Москва,40,0,15
2006-07-18,KNYU4619290,KNYU4619290_cycle_4,Отправлен_грузополучателю,Москва,Москва,40,0,15
2006-07-18,KNYU7944727,KNYU7944727_cycle_4,Отправлен_грузополучателю,Санкт-Петербург,Санкт-Петербург,20,1,8
2006-07-19,ERKU4123975,ERKU4123975_cycle_3,Отправлен_грузополучателю,Санкт-Петербург,Санкт-Петербург,40,2,17
2006-07-19,ERKU7945290,ERKU7945290_cycle_3,Прибыл_груженый,Санкт-Петербург,Москва,20,4,17
2006-07-19,ERKU7945290,ERKU7945290_cycle_3,Отправлен_по_ЖД,Санкт-Петербург,Москва,20,0,17
2006-07-19,KNYU5786200,KNYU5786200_cycle_3,Прибыл_свободным,Москва,Москва,20,10,0
2006-07-19,TIMU3631350,TIMU3631350_cycle_3,Отправлен_по_ЖД,Москва,Санкт-Петербург,20,2,16
2006-07-19,TIMU3631350,TIMU3631350_cycle_3,Прибыл_по_ЖД,Санкт-Петербург,Санкт-Петербург,20,0,16
2006-07-19,TIMU5293271,TIMU5293271_cycle_4,Прибыл_груженый,Санкт-Петербург,Владивосток,20,11,26
2006-07-19,TOWU2940273,TOWU2940273_cycle_3,Прибыл_свободным,Владивосток,Владивосток,40,12,0
2006-07-19,TOWU2940273,TOWU2940273_cycle_4,Передан_на_погрузку,Владивосток,Москва,40,0,44
2006-07-19,TOWU8381849,TOWU8381849_cycle_3,Прибыл_по_ЖД,Москва,Москва,20,17,23
2006-07-19,WEDU7707795,WEDU7707795_cycle_4,Передан_на_погрузку,Владивосток,Санкт-Петербург,40,0,45
2006-07-20,CRTU1167966,CRTU1167966_cycle_3,Прибыл_груженый,Москва,Санкт-Петербург,40,9,8
2006-07-20,CRTU8114609,CRTU8114609_cycle_4,Прибыл_свободным,Москва,Москва,20,6,0
2006-07-20,ERKU7945290,ERKU7945290_cycle_3,Прибыл_по_ЖД,Москва,Москва,20,1,16
2006-07-20,STNU5088417,STNU5088417_cycle_3,Прибыл_свободным,Владивосток,Владивосток,40,15,0
2006-07-20,TIMU5293271,TIMU5293271_cycle_4,Отправлен_по_ЖД,Санкт-Петербург,Владивосток,20,1,25
2006-07-20,TOWU8381849,TOWU8381849_cycle_3,Отправлен_грузополучателю,Москва,Москва,20,1,22
2006-07-20,WEDU2383938,WEDU2383938_cycle_3,Прибыл_по_ЖД,Санкт-Петербург,Санкт-Петербург,20,3,1
2006-07-21,CRTU6264170,CRTU6264170_cycle_4,Прибыл_свободным,Москва,Москва,40,29,0
2006-07-21,ERKU7945290,ERKU7945290_cycle_3,Отправлен_грузополучателю,Москва,Москва,20,1,15
2006-07-21,KNYU1773354,KNYU1773354_cycle_3,Отправлен_по_ЖД,Москва,Санкт-Петербург,20,4,28
2006-07-21,KNYU1773354,KNYU1773354_cycle_3,Прибыл_по_ЖД,Санкт-Петербург,Санкт-Петербург,20,0,28
2006-07-21,KNYU3021654,KNYU3021654_cycle_5,Отправлен_грузополучателю,Санкт-Петербург,Санкт-Петербург,40,3,0
2006-07-21,KNYU3021654,KNYU3021654_cycle_5,Прибыл_свободным,Санкт-Петербург,Санкт-Петербург,40,0,0
2006-07-21,KNYU5372067,KNYU5372067_cycle_5,Прибыл_груженый,Владивосток,Москва,40,9,21
2006-07-21,STNU3092282,STNU3092282_cycle_3,Прибыл_груженый,Москва,Санкт-Петербург,40,12,19
2006-07-21,TIMU3631350,TIMU3631350_cycle_3,Отправлен_грузополучателю,Санкт-Петербург,Санкт-Петербург,20,2,14
2006-07-21,TIMU8250428,TIMU8250428_cycle_2,Прибыл_свободным,Владивосток,Владивосток,20,37,0
2006-07-21,WEDU2383938,WEDU2383938_cycle_3,Отправлен_грузополучателю,Санкт-Петербург,Санкт-Петербург,20,1,0
2006-07-21,WEDU2383938,WEDU2383938_cycle_3,Прибыл_свободным,Санкт-Петербург,Санкт-Петербург,20,0,0
2006-07-21,WEDU4651205,WEDU4651205_cycle_5,Прибыл_по_ЖД,Санкт-Петербург,Санкт-Петербург,20,4,46
2006-07-21,WEDU6874585,WEDU6874585_cycle_3,Прибыл_груженый,Москва,Санкт-Петербург,20,19,21
2006-07-21,WEDU6876299,WEDU6876299_cycle_3,Прибыл_груженый,Москва,Санкт-Петербург,20,12,3
2006-07-21,WEDU7000544,WEDU7000544_cycle_3,Отправлен_грузополучателю,Москва,Москва,20,5,16
2006-07-22,CRTU1167966,CRTU1167966_cycle_3,Отправлен_по_ЖД,Москва,Санкт-Петербург,40,2,6
2006-07-22,ERKU3509749,ERKU3509749_cycle_3,Прибыл_свободным,Москва,Москва,20,14,0
2006-07-22,KNYU1773354,KNYU1773354_cycle_3,Отправлен_грузополучателю,Санкт-Петербург,Санкт-Петербург,20,1,27
2006-07-22,KNYU1824938,KNYU1824938_cycle_5,Прибыл_по_ЖД,Владивосток,Владивосток,20,12,17
2006-07-22,TIMU8887794,TIMU8887794_cycle_4,Передан_на_погрузку,Москва,Владивосток,20,0,40
2006-07-22,WEDU2383938,WEDU2383938_cycle_4,Передан_на_погрузку,Санкт-Петербург,Москва,20,0,38
2006-07-22,WEDU2383938,WEDU2383938_cycle_4,Прибыл_груженый,Санкт-Петербург,Москва,20,0,38
2006-07-22,WEDU6874585,WEDU6874585_cycle_3,Отправлен_по_ЖД,Москва,Санкт-Петербург,20,1,20
2006-07-22,WEDU6876299,WEDU6876299_cycle_3,Отправлен_по_ЖД,Москва,Санкт-Петербург,20,1,2
2006-07-22,WEDU6876299,WEDU6876299_cycle_3,Прибыл_по_ЖД,Санкт-Петербург,Санкт-Петербург,20,0,2
2006-07-23,BUTU7130462,BUTU7130462_cycle_3,Прибыл_по_ЖД,Москва,Москва,20,15,14
2006-07-23,CRTU1715325,CRTU1715325_cycle_5,Передан_на_погрузку,Москва,Владивосток,40,0,42
2006-07-23,KNYU1824938,KNYU1824938_cycle_5,Отправлен_грузополучателю,Владивосток,Владивосток,20,1,16
2006-07-23,KNYU5372067,KNYU5372067_cycle_5,Отправлен_по_ЖД,Владивосток,Москва,40,2,19
2006-07-23,STNU3092282,STNU3092282_cycle_3,Отправлен_по_ЖД,Москва,Санкт-Петербург,40,2,17
2006-07-23,STNU3092282,STNU3092282_cycle_3,Прибыл_по_ЖД,Санкт-Петербург,Санкт-Петербург,40,0,17
2006-07-23,STNU4919514,STNU4919514_cycle_4,Передан_на_погрузку,Санкт-Петербург,Владивосток,40,0,21
2006-07-23,STNU4919514,STNU4919514_cycle_4,Прибыл_груженый,Санкт-Петербург,Владивосток,40,0,21
2006-07-23,STNU6396019,STNU6396019_cycle_3,Передан_на_погрузку,Санкт-Петербург,Москва,40,0,35
2006-07-23,TIMU9543550,TIMU9543550_cycle_3,Прибыл_свободным,Санкт-Петербург,Санкт-Петербург,40,12,0
2006-07-23,TOWU9896330,TOWU9896330_cycle_4,Передан_на_погрузку,Владивосток,Москва,40,0,52
2006-07-23,WEDU4651205,WEDU4651205_cycle_5,Отправлен_грузополучателю,Санкт-Петербург,Санкт-Петербург,20,2,44
2006-07-24,BUTU7079823,BUTU7079823_cycle_4,Прибыл_свободным,Владивосток,Владивосток,20,18,0
2006-07-24,CRTU8128829,CRTU8128829_cycle_4,Прибыл_свободным,Владивосток,Владивосток,20,13,0
2006-07-24,ERKU8281105,ERKU8281105_cycle_4,Прибыл_по_ЖД,Владивосток,Владивосток,40,9,22
2006-07-24,ERKU8324044,ERKU8324044_cycle_3,Прибыл_по_ЖД,Москва,Москва,40,13,9
2006-07-24,STNU3092282,STNU3092282_cycle_3,Отправлен_грузополучателю,Санкт-Петербург,Санкт-Петербург,40,1,16
2006-07-24,STNU4919514,STNU4919514_cycle_4,Отправлен_по_ЖД,Санкт-Петербург,Владивосток,40,1,20
2006-07-24,WEDU2383938,WEDU2383938_cycle_4,Отправлен_по_ЖД,Санкт-Петербург,Москва,20,2,36
2006-07-24,WEDU2383938,WEDU2383938_cycle_4,Прибыл_по_ЖД,Москва,Москва,20,0,36
2006-07-24,WEDU6876299,WEDU6876299_cycle_3,Отправлен_грузополучателю,Санкт-Петербург,Санкт-Петербург,20,2,0
2006-07-24,WEDU6876299,WEDU6876299_cycle_3,Прибыл_свободным,Санкт-Петербург,Санкт-Петербург,20,0,0
2006-07-25,BUTU7130462,BUTU7130462_cycle_3,Отправлен_грузополучателю,Москва,Москва,20,2,12
2006-07-25,BUTU9513169,BUTU9513169_cycle_4,Передан_на_погрузку,Москва,Владивосток,40,0,29
2006-07-25,ERKU3112209,ERKU3112209_cycle_3,Прибыл_по_ЖД,Москва,Москва,20,8,13
2006-07-25,ERKU3112209,ERKU3112209_cycle_3,Отправлен_грузополучателю,Москва,Москва,20,0,13
2006-07-25,ERKU5797068,ERKU5797068_cycle_3,Прибыл_по_ЖД,Владивосток,Владивосток,40,13,10
2006-07-25,ERKU8281105,ERKU8281105_cycle_4,Отправлен_грузополучателю,Владивосток,Владивосток,40,1,21
2006-07-25,ERKU8324044,ERKU8324044_cycle_3,Отправлен_грузополучателю,Москва,Москва,40,1,8
2006-07-25,KNYU3537798,KNYU3537798_cycle_3,Прибыл_свободным,Санкт-Петербург,Санкт-Петербург,20,39,0
2006-07-25,STNU2794431,STNU2794431_cycle_4,Прибыл_по_ЖД,Владивосток,Владивосток,20,12,22
2006-07-25,TIMU8010374,TIMU8010374_cycle_3,Передан_на_погрузку,Санкт-Петербург,Москва,20,0,20
2006-07-25,TIMU8061928,TIMU8061928_cycle_4,Прибыл_груженый,Владивосток,Санкт-Петербург,20,16,50
2006-07-25,WEDU6874585,WEDU6874585_cycle_3,Прибыл_по_ЖД,Санкт-Петербург,Санкт-Петербург,20,3,17
2006-07-25,WEDU6874585,WEDU6874585_cycle_3,Отправлен_грузополучателю,Санкт-Петербург,Санкт-Петербург,20,0,17
2006-07-26,CRTU3557001,CRTU3557001_cycle_3,Передан_на_погрузку,Москва,Санкт-Петербург,20,0,15
2006-07-26,KNYU6970613,KNYU6970613_cycle_4,Прибыл_по_ЖД,Санкт-Петербург,Санкт-Петербург,20,12,13
2006-07-26,KNYU7944727,KNYU7944727_cycle_4,Прибыл_свободным,Санкт-Петербург,Санкт-Петербург,20,8,0
2006-07-26,TIMU3656871,TIMU3656871_cycle_4,Прибыл_по_ЖД,Владивосток,Владивосток,20,20,31
2006-07-26,TOWU2940273,TOWU2940273_cycle_4,Прибыл_груженый,Владивосток,Москва,40,7,37
2006-07-26,WEDU7707795,WEDU7707795_cycle_4,Прибыл_груженый,Владивосток,Санкт-Петербург,40,7,38
2006-07-26,WEDU8568487,WEDU8568487_cycle_5,Прибыл_груженый,Санкт-Петербург,Москва,40,11,30
2006-07-27,CRTU1167966,CRTU1167966_cycle_3,Прибыл_по_ЖД,Санкт-Петербург,Санкт-Петербург,40,5,1
2006-07-27,CRTU2183954,CRTU2183954_cycle_3,Прибыл_свободным,Санкт-Петербург,Санкт-Петербург,40,17,0
2006-07-27,CRTU3557936,CRTU3557936_cycle_5,Прибыл_груженый,Владивосток,Санкт-Петербург,20,11,23
2006-07-27,ERKU3123425,ERKU3123425_cycle_4,Передан_на_погрузку,Москва,Санкт-Петербург,20,0,17
2006-07-27,ERKU3123425,ERKU3123425_cycle_4,Прибыл_груженый,Москва,Санкт-Петербург,20,0,17
2006-07-27,ERKU5797068,ERKU5797068_cycle_3,Отправлен_грузополучателю,Владивосток,Владивосток,40,2,8
2006-07-27,KNYU6970613,KNYU6970613_cycle_4,Отправлен_грузополучателю,Санкт-Петербург,Санкт-Петербург,20,1,12
2006-07-27,STNU2794431,STNU2794431_cycle_4,Отправлен_грузополучателю,Владивосток,Владивосток,20,2,20
2006-07-27,STNU9487869,STNU9487869_cycle_5,Прибыл_груженый,Санкт-Петербург,Москва,40,19,18
2006-07-27,STNU9845862,STNU9845862_cycle_3,Прибыл_по_ЖД,Санкт-Петербург,Санкт-Петербург,40,18,5
2006-07-27,TIMU1636645,TIMU1636645_cycle_4,Прибыл_груженый,Владивосток,Москва,20,12,32
2006-07-27,TIMU8061928,TIMU8061928_cycle_4,Отправлен_по_ЖД,Владивосток,Санкт-Петербург,20,2,48
2006-07-27,TOWU2835826,TOWU2835826_cycle_3,Передан_на_погрузку,Владивосток,Москва,40,0,33
2006-07-27,TOWU2940273,TOWU2940273_cycle_4,Отправлен_по_ЖД,Владивосток,Москва,40,1,36
2006-07-27,TOWU7931879,TOWU7931879_cycle_3,Прибыл_свободным,Москва,Москва,40,15,0
2006-07-27,WEDU6654977,WEDU6654977_cycle_3,Передан_на_погрузку,Владивосток,Москва,20,0,35
2006-07-27,WEDU7707795,WEDU7707795_cycle_4,Отправлен_по_ЖД,Владивосток,Санкт-Петербург,40,1,37
2006-07-27,WEDU8568487,WEDU8568487_cycle_5,Отправлен_по_ЖД,Санкт-Петербург,Москва,40,1,29
2006-07-27,WEDU8568487,WEDU8568487_cycle_5,Прибыл_по_ЖД,Москва,Москва,40,0,29
2006-07-28,CRTU1167966,CRTU1167966_cycle_3,Отправлен_грузополучателю,Санкт-Петербург,Санкт-Петербург,40,1,0
2006-07-28,CRTU1167966,CRTU1167966_cycle_3,Прибыл_свободным,Санкт-Петербург,Санкт-Петербург,40,0,0
2006-07-28,CRTU1521773,CRTU1521773_cycle_3,Прибыл_по_ЖД,Санкт-Петербург,Санкт-Петербург,20,13,32
2006-07-28,CRTU3557936,CRTU3557936_cycle_5,Отправлен_по_ЖД,Владивосток,Санкт-Петербург,20,1,22
2006-07-28,ERKU3509749,ERKU3509749_cycle_4,Передан_на_погрузку,Москва,Владивосток,20,0,57
2006-07-28,KNYU8798891,KNYU8798891_cycle_3,Передан_на_погрузку,Москва,Санкт-Петербург,20,0,30
2006-07-28,STNU6396019,STNU6396019_cycle_3,Прибыл_груженый,Санкт-Петербург,Москва,40,5,30
2006-07-28,STNU9767317,STNU9767317_cycle_3,Прибыл_по_ЖД,Владивосток,Владивосток,20,18,1
2006-07-28,STNU9845862,STNU9845862_cycle_3,Отправлен_грузополучателю,Санкт-Петербург,Санкт-Петербург,40,1,4
2006-07-28,TIMU5165088,TIMU5165088_cycle_4,Прибыл_груженый,Санкт-Петербург,Владивосток,40,29,32
2006-07-28,TOWU5842316,TOWU5842316_cycle_4,Прибыл_свободным,Владивосток,Владивосток,40,17,0
2006-07-28,WEDU2383938,WEDU2383938_cycle_4,Отправлен_грузополучателю,Москва,Москва,20,4,32
2006-07-29,CRTU1521773,CRTU1521773_cycle_3,Отправлен_грузополучателю,Санкт-Петербург,Санкт-Петербург,20,1,31
2006-07-29,CRTU1937935,CRTU1937935_cycle_4,Прибыл_груженый,Москва,Владивосток,40,11,30
2006-07-29,CRTU1937935,CRTU1937935_cycle_4,Отправлен_по_ЖД,Москва,Владивосток,40,0,30
2006-07-29,ERKU3123425,ERKU3123425_cycle_4,Отправлен_по_ЖД,Москва,Санкт-Петербург,20,2,15
2006-07-29,ERKU5435191,ERKU5435191_cycle_3,Прибыл_свободным,Москва,Москва,20,27,0
2006-07-29,KNYU9630138,KNYU9630138_cycle_3,Прибыл_свободным,Санкт-Петербург,Санкт-Петербург,20,16,0
2006-07-29,STNU2356703,STNU2356703_cycle_3,Прибыл_свободным,Владивосток,Владивосток,40,13,0
2006-07-29,STNU6396019,STNU6396019_cycle_3,Отправлен_по_ЖД,Санкт-Петербург,Москва,40,1,29
2006-07-29,STNU9487869,STNU9487869_cycle_5,Отправлен_по_ЖД,Санкт-Петербург,Москва,40,2,16
2006-07-29,STNU9487869,STNU9487869_cycle_5,Прибыл_по_ЖД,Москва,Москва,40,0,16
2006-07-29,STNU9767317,STNU9767317_cycle_3,Отправлен_грузополучателю,Владивосток,Владивосток,20,1,0
2006-07-29,STNU9767317,STNU9767317_cycle_3,Прибыл_свободным,Владивосток,Владивосток,20,0,0
2006-07-29,TIMU1636645,TIMU1636645_cycle_4,Отправлен_по_ЖД,Владивосток,Москва,20,2,30
2006-07-29,TIMU3137493,TIMU3137493_cycle_3,Прибыл_по_ЖД,Владивосток,Владивосток,40,13,28
2006-07-29,TIMU5165088,TIMU5165088_cycle_4,Отправлен_по_ЖД,Санкт-Петербург,Владивосток,40,1,31
2006-07-29,TOWU8161314,TOWU8161314_cycle_4,Прибыл_груженый,Владивосток,Москва,20,13,20
2006-07-29,TOWU9892746,TOWU9892746_cycle_4,Прибыл_по_ЖД,Владивосток,Владивосток,40,12,18
2006-07-30,CRTU5834937,CRTU5834937_cycle_3,Прибыл_по_ЖД,Владивосток,Владивосток,20,20,23
2006-07-30,STNU1402586,STNU1402586_cycle_4,Прибыл_по_ЖД,Владивосток,Владивосток,20,14,21
2006-07-30,STNU6396019,STNU6396019_cycle_3,Прибыл_по_ЖД,Москва,Москва,40,1,28
2006-07-30,TIMU3656871,TIMU3656871_cycle_4,Отправлен_грузополучателю,Владивосток,Владивосток,20,4,27
2006-07-30,TIMU6180706,TIMU6180706_cycle_3,Прибыл_свободным,Санкт-Петербург,Санкт-Петербург,40,34,0
2006-07-30,TOWU8161314,TOWU8161314_cycle_4,Отправлен_по_ЖД,Владивосток,Москва,20,1,19
2006-07-30,WEDU6102098,WEDU6102098_cycle_3,Передан_на_погрузку,Санкт-Петербург,Владивосток,20,0,48
2006-07-30,WEDU9910122,WEDU9910122_cycle_4,Передан_на_погрузку,Санкт-Петербург,Владивосток,40,0,44
2006-07-31,BUTU8729025,BUTU8729025_cycle_3,Передан_на_погрузку,Москва,Санкт-Петербург,40,0,13
2006-07-31,BUTU9513169,BUTU9513169_cycle_4,Прибыл_груженый,Москва,Владивосток,40,6,23
2006-07-31,BUTU9513169,BUTU9513169_cycle_4,Отправлен_по_ЖД,Москва,Владивосток,40,0,23
2006-07-31,CRTU5834937,CRTU5834937_cycle_3,Отправлен_грузополучателю,Владивосток,Владивосток,20,1,22
2006-07-31,STNU6396019,STNU6396019_cycle_3,Отправлен_грузополучателю,Москва,Москва,40,1,27
2006-07-31,STNU9487869,STNU9487869_cycle_5,Отправлен_грузополучателю,Москва,Москва,40,2,14
2006-07-31,TIMU6310893,TIMU6310893_cycle_5,Прибыл_груженый,Владивосток,Москва,40,14,33
2006-07-31,TOWU5842316,TOWU5842316_cycle_5,Передан_на_погрузку,Владивосток,Санкт-Петербург,40,0,25
2006-07-31,TOWU9892746,TOWU9892746_cycle_4,Отправлен_грузополучателю,Владивосток,Владивосток,40,2,16
2006-07-31,WEDU8568487,WEDU8568487_cycle_5,Отправлен_грузополучателю,Москва,Москва,40,4,25
2006-08-01,BUTU7079823,BUTU7079823_cycle_5,Передан_на_погрузку,Владивосток,Санкт-Петербург,20,0,35
2006-08-01,KNYU8798891,KNYU8798891_cycle_3,Прибыл_груженый,Москва,Санкт-Петербург,20,4,26
2006-08-01,STNU9845862,STNU9845862_cycle_3,Прибыл_свободным,Санкт-Петербург,Санкт-Петербург,40,4,0
2006-08-01,TIMU3137493,TIMU3137493_cycle_3,Отправлен_грузополучателю,Владивосток,Владивосток,40,3,25
2006-08-01,TIMU6310893,TIMU6310893_cycle_5,Отправлен_по_ЖД,Владивосток,Москва,40,1,32
2006-08-02,BUTU8729025,BUTU8729025_cycle_3,Прибыл_груженый,Москва,Санкт-Петербург,40,2,11
2006-08-02,CRTU2093770,CRTU2093770_cycle_3,Передан_на_погрузку,Москва,Санкт-Петербург,40,0,29
2006-08-02,ERKU8324044,ERKU8324044_cycle_3,Прибыл_свободным,Москва,Москва,40,8,0
2006-08-02,ERKU8324044,ERKU8324044_cycle_4,Передан_на_погрузку,Москва,Владивосток,40,0,39
2006-08-02,KNYU4619290,KNYU4619290_cycle_4,Прибыл_свободным,Москва,Москва,40,15,0
2006-08-02,STNU1402586,STNU1402586_cycle_4,Отправлен_грузополучателю,Владивосток,Владивосток,20,3,18
2006-08-02,TIMU8010374,TIMU8010374_cycle_3,Прибыл_груженый,Санкт-Петербург,Москва,20,8,12
2006-08-02,TOWU5842316,TOWU5842316_cycle_5,Прибыл_груженый,Владивосток,Санкт-Петербург,40,2,23
2006-08-02,WEDU5817433,WEDU5817433_cycle_4,Прибыл_груженый,Москва,Владивосток,20,18,23
2006-08-03,BUTU8729025,BUTU8729025_cycle_3,Отправлен_по_ЖД,Москва,Санкт-Петербург,40,1,10
2006-08-03,CRTU6264170,CRTU6264170_cycle_5,Передан_на_погрузку,Москва,Санкт-Петербург,40,0,37
2006-08-03,KNYU8798891,KNYU8798891_cycle_3,Отправлен_по_ЖД,Москва,Санкт-Петербург,20,2,24
2006-08-03,TIMU5293271,TIMU5293271_cycle_4,Прибыл_по_ЖД,Владивосток,Владивосток,20,14,11
2006-08-03,WEDU5817433,WEDU5817433_cycle_4,Отправлен_по_ЖД,Москва,Владивосток,20,1,22
2006-08-03,WEDU7707795,WEDU7707795_cycle_4,Прибыл_по_ЖД,Санкт-Петербург,Санкт-Петербург,40,7,30
2006-08-04,BUTU8729025,BUTU8729025_cycle_3,Прибыл_по_ЖД,Санкт-Петербург,Санкт-Петербург,40,1,9
2006-08-04,CRTU3557001,CRTU3557001_cycle_3,Прибыл_груженый,Москва,Санкт-Петербург,20,9,6
2006-08-04,ERKU3123425,ERKU3123425_cycle_4,Прибыл_по_ЖД,Санкт-Петербург,Санкт-Петербург,20,6,9
2006-08-04,ERKU5797068,ERKU5797068_cycle_3,Прибыл_свободным,Владивосток,Владивосток,40,8,0
2006-08-04,KNYU5372067,KNYU5372067_cycle_5,Прибыл_по_ЖД,Москва,Москва,40,12,7
2006-08-04,KNYU8798891,KNYU8798891_cycle_3,Прибыл_по_ЖД,Санкт-Петербург,Санкт-Петербург,20,1,23
2006-08-04,STNU5088417,STNU5088417_cycle_4,Передан_на_погрузку,Владивосток,Москва,40,0,48
2006-08-04,STNU5088417,STNU5088417_cycle_4,Прибыл_груженый,Владивосток,Москва,40,0,48
2006-08-04,STNU5088417,STNU5088417_cycle_4,Отправлен_по_ЖД,Владивосток,Москва,40,0,48
2006-08-04,TIMU3631350,TIMU3631350_cycle_3,Прибыл_свободным,Санкт-Петербург,Санкт-Петербург,20,14,0
2006-08-04,TIMU7964806,TIMU7964806_cycle_3,Передан_на_погрузку,Санкт-Петербург,Владивосток,40,0,42
2006-08-04,TIMU8887794,TIMU8887794_cycle_4,Прибыл_груженый,Москва,Владивосток,20,13,27
2006-08-04,TOWU5842316,TOWU5842316_cycle_5,Отправлен_по_ЖД,Владивосток,Санкт-Петербург,40,2,21
2006-08-04,WEDU7707795,WEDU7707795_cycle_4,Отправлен_грузополучателю,Санкт-Петербург,Санкт-Петербург,40,1,29
2006-08-04,WEDU9910122,WEDU9910122_cycle_4,Прибыл_груженый,Санкт-Петербург,Владивосток,40,5,39
2006-08-05,BUTU8729025,BUTU8729025_cycle_3,Отправлен_грузополучателю,Санкт-Петербург,Санкт-Петербург,40,1,8
2006-08-05,ERKU3123425,ERKU3123425_cycle_4,Отправлен_грузополучателю,Санкт-Петербург,Санкт-Петербург,20,1,8
2006-08-05,ERKU4123975,ERKU4123975_cycle_3,Прибыл_свободным,Санкт-Петербург,Санкт-Петербург,40,17,0
2006-08-05,ERKU7945290,ERKU7945290_cycle_3,Прибыл_свободным,Москва,Москва,20,15,0
2006-08-05,KNYU5372067,KNYU5372067_cycle_5,Отправлен_грузополучателю,Москва,Москва,40,1,6
2006-08-05,TIMU5293271,TIMU5293271_cycle_4,Отправлен_грузополучателю,Владивосток,Владивосток,20,2,9
2006-08-05,TIMU7736033,TIMU7736033_cycle_3,Прибыл_свободным,Москва,Москва,20,32,0
2006-08-05,TIMU7736033,TIMU7736033_cycle_4,Передан_на_погрузку,Москва,Владивосток,20,0,27
2006-08-05,TIMU8887794,TIMU8887794_cycle_4,Отправлен_по_ЖД,Москва,Владивосток,20,1,26
2006-08-06,BUTU7130462,BUTU7130462_cycle_3,Прибыл_свободным,Москва,Москва,20,12,0
2006-08-06,TIMU8010374,TIMU8010374_cycle_3,Отправлен_по_ЖД,Санкт-Петербург,Москва,20,4,8
2006-08-06,TOWU6899546,TOWU6899546_cycle_4,Передан_на_погрузку,Санкт-Петербург,Владивосток,20,0,51
2006-08-06,WEDU7000544,WEDU7000544_cycle_3,Прибыл_свободным,Москва,Москва,20,16,0
2006-08-06,WEDU9910122,WEDU9910122_cycle_4,Отправлен_по_ЖД,Санкт-Петербург,Владивосток,40,2,37
2006-08-07,CRTU3557001,CRTU3557001_cycle_3,Отправлен_по_ЖД,Москва,Санкт-Петербург,20,3,3
2006-08-07,CRTU3557001,CRTU3557001_cycle_3,Прибыл_по_ЖД,Санкт-Петербург,Санкт-Петербург,20,0,3
2006-08-07,ERKU3112209,ERKU3112209_cycle_3,Прибыл_свободным,Москва,Москва,20,13,0
2006-08-07,KNYU6806102,KNYU6806102_cycle_4,Передан_на_погрузку,Владивосток,Москва,20,0,46
2006-08-07,TOWU2835826,TOWU2835826_cycle_3,Прибыл_груженый,Владивосток,Москва,40,11,22
2006-08-08,KNYU1824938,KNYU1824938_cycle_5,Прибыл_свободным,Владивосток,Владивосток,20,16,0
2006-08-08,KNYU6970613,KNYU6970613_cycle_4,Прибыл_свободным,Санкт-Петербург,Санкт-Петербург,20,12,0
2006-08-08,KNYU8798891,KNYU8798891_cycle_3,Отправлен_грузополучателю,Санкт-Петербург,Санкт-Петербург,20,4,19
2006-08-08,STNU4919514,STNU4919514_cycle_4,Прибыл_по_ЖД,Владивосток,Владивосток,40,15,5
2006-08-08,TIMU6180706,TIMU6180706_cycle_4,Передан_на_погрузку,Санкт-Петербург,Москва,40,0,22
2006-08-08,TIMU9543550,TIMU9543550_cycle_4,Передан_на_погрузку,Санкт-Петербург,Москва,40,0,11
2006-08-08,TOWU8161314,TOWU8161314_cycle_4,Прибыл_по_ЖД,Москва,Москва,20,9,10
2006-08-09,BUTU2391445,BUTU2391445_cycle_4,Передан_на_погрузку,Москва,Санкт-Петербург,20,0,36
2006-08-09,CRTU3557001,CRTU3557001_cycle_3,Отправлен_грузополучателю,Санкт-Петербург,Санкт-Петербург,20,2,1
2006-08-09,CRTU8128829,CRTU8128829_cycle_5,Передан_на_погрузку,Владивосток,Москва,20,0,39
2006-08-09,ERKU3509749,ERKU3509749_cycle_4,Прибыл_груженый,Москва,Владивосток,20,12,45
2006-08-09,KNYU1437543,KNYU1437543_cycle_4,Передан_на_погрузку,Владивосток,Санкт-Петербург,20,0,31
2006-08-09,STNU3092282,STNU3092282_cycle_3,Прибыл_свободным,Санкт-Петербург,Санкт-Петербург,40,16,0
2006-08-09,STNU4919514,STNU4919514_cycle_4,Отправлен_грузополучателю,Владивосток,Владивосток,40,1,4
2006-08-09,TOWU2835826,TOWU2835826_cycle_3,Отправлен_по_ЖД,Владивосток,Москва,40,2,20
2006-08-09,TOWU2984334,TOWU2984334_cycle_5,Передан_на_погрузку,Санкт-Петербург,Москва,40,0,29
2006-08-10,BUTU9513169,BUTU9513169_cycle_4,Прибыл_по_ЖД,Владивосток,Владивосток,40,10,13
2006-08-10,BUTU9513169,BUTU9513169_cycle_4,Отправлен_грузополучателю,Владивосток,Владивосток,40,0,13
2006-08-10,CRTU2093770,CRTU2093770_cycle_3,Прибыл_груженый,Москва,Санкт-Петербург,40,8,21
2006-08-10,CRTU3557001,CRTU3557001_cycle_3,Прибыл_свободным,Санкт-Петербург,Санкт-Петербург,20,1,0
2006-08-10,KNYU5786200,KNYU5786200_cycle_4,Передан_на_погрузку,Москва,Владивосток,20,0,32
2006-08-10,TOWU8161314,TOWU8161314_cycle_4,Отправлен_грузополучателю,Москва,Москва,20,2,8
2006-08-10,WEDU6654977,WEDU6654977_cycle_3,Прибыл_груженый,Владивосток,Москва,20,14,21
2006-08-10,WEDU6654977,WEDU6654977_cycle_3,Отправлен_по_ЖД,Владивосток,Москва,20,0,21
2006-08-11,CRTU8128829,CRTU8128829_cycle_5,Прибыл_груженый,Владивосток,Москва,20,2,37
2006-08-11,ERKU3509749,ERKU3509749_cycle_4,Отправлен_по_ЖД,Москва,Владивосток,20,2,43
2006-08-11,ERKU4123975,ERKU4123975_cycle_4,Передан_на_погрузку,Санкт-Петербург,Москва,40,0,14
2006-08-11,KNYU5372067,KNYU5372067_cycle_5,Прибыл_свободным,Москва,Москва,40,6,0
2006-08-11,TIMU8061928,TIMU8061928_cycle_4,Прибыл_по_ЖД,Санкт-Петербург,Санкт-Петербург,20,15,33
2006-08-11,TOWU2940273,TOWU2940273_cycle_4,Прибыл_по_ЖД,Москва,Москва,40,15,21
2006-08-11,TOWU5892461,TOWU5892461_cycle_3,Прибыл_свободным,Москва,Москва,40,25,0
2006-08-11,TOWU5892461,TOWU5892461_cycle_4,Передан_на_погрузку,Москва,Владивосток,40,0,55
2006-08-11,TOWU8381849,TOWU8381849_cycle_3,Прибыл_свободным,Москва,Москва,20,22,0
2006-08-11,WEDU6874585,WEDU6874585_cycle_3,Прибыл_свободным,Санкт-Петербург,Санкт-Петербург,20,17,0
2006-08-12,BUTU8954572,BUTU8954572_cycle_4,Передан_на_погрузку,Владивосток,Санкт-Петербург,40,0,35
2006-08-12,CRTU1167966,CRTU1167966_cycle_4,Передан_на_погрузку,Санкт-Петербург,Владивосток,40,0,54
2006-08-12,CRTU2093770,CRTU2093770_cycle_3,Отправлен_по_ЖД,Москва,Санкт-Петербург,40,2,19
2006-08-12,CRTU3557936,CRTU3557936_cycle_5,Прибыл_по_ЖД,Санкт-Петербург,Санкт-Петербург,20,15,7
2006-08-12,CRTU8128829,CRTU8128829_cycle_5,Отправлен_по_ЖД,Владивосток,Москва,20,1,36
2006-08-12,KNYU1824938,KNYU1824938_cycle_6,Передан_на_погрузку,Владивосток,Санкт-Петербург,20,0,34
2006-08-12,TIMU8061928,TIMU8061928_cycle_4,Отправлен_грузополучателю,Санкт-Петербург,Санкт-Петербург,20,1,32
2006-08-12,TIMU9543550,TIMU9543550_cycle_4,Прибыл_груженый,Санкт-Петербург,Москва,40,4,7
2006-08-12,TOWU2984334,TOWU2984334_cycle_5,Прибыл_груженый,Санкт-Петербург,Москва,40,3,26
2006-08-13,BUTU8729025,BUTU8729025_cycle_3,Прибыл_свободным,Санкт-Петербург,Санкт-Петербург,40,8,0
2006-08-13,CRTU1715325,CRTU1715325_cycle_5,Прибыл_груженый,Москва,Владивосток,40,21,21
2006-08-13,CRTU1937935,CRTU1937935_cycle_4,Прибыл_по_ЖД,Владивосток,Владивосток,40,15,15
2006-08-13,CRTU3557936,CRTU3557936_cycle_5,Отправлен_грузополучателю,Санкт-Петербург,Санкт-Петербург,20,1,6
2006-08-13,CRTU6264170,CRTU6264170_cycle_5,Прибыл_груженый,Москва,Санкт-Петербург,40,10,27
2006-08-13,ERKU3123425,ERKU3123425_cycle_4,Прибыл_свободным,Санкт-Петербург,Санкт-Петербург,20,8,0
2006-08-13,ERKU3123425,ERKU3123425_cycle_5,Передан_на_погрузку,Санкт-Петербург,Москва,20,0,18
2006-08-13,KNYU1033833,KNYU1033833_cycle_3,Прибыл_свободным,Санкт-Петербург,Санкт-Петербург,40,39,0
2006-08-13,KNYU5786200,KNYU5786200_cycle_4,Прибыл_груженый,Москва,Владивосток,20,3,29
2006-08-13,STNU4919514,STNU4919514_cycle_4,Прибыл_свободным,Владивосток,Владивосток,40,4,0
2006-08-13,TIMU1636645,TIMU1636645_cycle_4,Прибыл_по_ЖД,Москва,Москва,20,15,15
2006-08-13,TIMU1636645,TIMU1636645_cycle_4,Отправлен_грузополучателю,Москва,Москва,20,0,15
2006-08-13,TIMU8010374,TIMU8010374_cycle_3,Прибыл_по_ЖД,Москва,Москва,20,7,1
2006-08-13,TIMU8887794,TIMU8887794_cycle_4,Прибыл_по_ЖД,Владивосток,Владивосток,20,8,18
2006-08-13,TIMU9543550,TIMU9543550_cycle_4,Отправлен_по_ЖД,Санкт-Петербург,Москва,40,1,6
2006-08-13,TIMU9543550,TIMU9543550_cycle_4,Прибыл_по_ЖД,Москва,Москва,40,0,6
2006-08-13,TOWU2940273,TOWU2940273_cycle_4,Отправлен_грузополучателю,Москва,Москва,40,2,19
2006-08-13,TOWU2984334,TOWU2984334_cycle_5,Отправлен_по_ЖД,Санкт-Петербург,Москва,40,1,25
2006-08-13,TOWU2984334,TOWU2984334_cycle_5,Прибыл_по_ЖД,Москва,Москва,40,0,25
2006-08-13,TOWU9896330,TOWU9896330_cycle_4,Прибыл_груженый,Владивосток,Москва,40,21,31
2006-08-13,TOWU9896330,TOWU9896330_cycle_4,Отправлен_по_ЖД,Владивосток,Москва,40,0,31
2006-08-14,ERKU8324044,ERKU8324044_cycle_4,Прибыл_груженый,Москва,Владивосток,40,12,27
2006-08-14,KNYU6806102,KNYU6806102_cycle_4,Прибыл_груженый,Владивосток,Москва,20,7,39
2006-08-14,STNU2517447,STNU2517447_cycle_5,Передан_на_погрузку,Владивосток,Санкт-Петербург,40,0,59
2006-08-14,STNU9487869,STNU9487869_cycle_5,Прибыл_свободным,Москва,Москва,40,14,0
2006-08-14,TIMU5293271,TIMU5293271_cycle_4,Прибыл_свободным,Владивосток,Владивосток,20,9,0
2006-08-14,TIMU6310893,TIMU6310893_cycle_5,Прибыл_по_ЖД,Москва,Москва,40,13,19
2006-08-14,TIMU8010374,TIMU8010374_cycle_3,Отправлен_грузополучателю,Москва,Москва,20,1,0
2006-08-14,TIMU8010374,TIMU8010374_cycle_3,Прибыл_свободным,Москва,Москва,20,0,0
2006-08-14,TIMU8010374,TIMU8010374_cycle_4,Передан_на_погрузку,Москва,Санкт-Петербург,20,0,20
2006-08-14,TIMU9543550,TIMU9543550_cycle_4,Отправлен_грузополучателю,Москва,Москва,40,1,5
2006-08-14,TOWU2984334,TOWU2984334_cycle_5,Отправлен_грузополучателю,Москва,Москва,40,1,24
2006-08-14,WEDU5817433,WEDU5817433_cycle_4,Прибыл_по_ЖД,Владивосток,Владивосток,20,11,11
2006-08-14,WEDU6102098,WEDU6102098_cycle_3,Прибыл_груженый,Санкт-Петербург,Владивосток,20,15,33
2006-08-14,WEDU6102098,WEDU6102098_cycle_3,Отправлен_по_ЖД,Санкт-Петербург,Владивосток,20,0,33
2006-08-15,CRTU1715325,CRTU1715325_cycle_5,Отправлен_по_ЖД,Москва,Владивосток,40,2,19
2006-08-15,CRTU1937935,CRTU1937935_cycle_4,Отправлен_грузополучателю,Владивосток,Владивосток,40,2,13
2006-08-15,CRTU2093770,CRTU2093770_cycle_3,Прибыл_по_ЖД,Санкт-Петербург,Санкт-Петербург,40,3,16
2006-08-15,ERKU8281105,ERKU8281105_cycle_4,Прибыл_свободным,Владивосток,Владивосток,40,21,0
2006-08-15,ERKU8324044,ERKU8324044_cycle_4,Отправлен_по_ЖД,Москва,Владивосток,40,1,26
2006-08-15,KNYU5786200,KNYU5786200_cycle_4,Отправлен_по_ЖД,Москва,Владивосток,20,2,27
2006-08-15,TIMU6310893,TIMU6310893_cycle_5,Отправлен_грузополучателю,Москва,Москва,40,1,18
2006-08-15,TIMU8887794,TIMU8887794_cycle_4,Отправлен_грузополучателю,Владивосток,Владивосток,20,2,16
2006-08-15,WEDU5817433,WEDU5817433_cycle_4,Отправлен_грузополучателю,Владивосток,Владивосток,20,1,10
2006-08-16,BUTU1300953,BUTU1300953_cycle_3,Передан_на_погрузку,Санкт-Петербург,Владивосток,40,0,32
2006-08-16,BUTU1300953,BUTU1300953_cycle_3,Прибыл_груженый,Санкт-Петербург,Владивосток,40,0,32
2006-08-16,CRTU6264170,CRTU6264170_cycle_5,Отправлен_по_ЖД,Москва,Санкт-Петербург,40,3,24
2006-08-16,CRTU6264170,CRTU6264170_cycle_5,Прибыл_по_ЖД,Санкт-Петербург,Санкт-Петербург,40,0,24
2006-08-16,STNU2794431,STNU2794431_cycle_4,Прибыл_свободным,Владивосток,Владивосток,20,20,0
2006-08-16,TIMU5165088,TIMU5165088_cycle_4,Прибыл_по_ЖД,Владивосток,Владивосток,40,18,13
2006-08-16,TOWU9892746,TOWU9892746_cycle_4,Прибыл_свободным,Владивосток,Владивосток,40,16,0
2006-08-16,TOWU9892746,TOWU9892746_cycle_5,Передан_на_погрузку,Владивосток,Санкт-Петербург,40,0,55
2006-08-17,CRTU2093770,CRTU2093770_cycle_3,Отправлен_грузополучателю,Санкт-Петербург,Санкт-Петербург,40,2,14
2006-08-17,CRTU6264170,CRTU6264170_cycle_5,Отправлен_грузополучателю,Санкт-Петербург,Санкт-Петербург,40,1,23
2006-08-17,ERKU5797068,ERKU5797068_cycle_4,Передан_на_погрузку,Владивосток,Санкт-Петербург,40,0,37
2006-08-17,KNYU6806102,KNYU6806102_cycle_4,Отправлен_по_ЖД,Владивосток,Москва,20,3,36
2006-08-17,TIMU5165088,TIMU5165088_cycle_4,Отправлен_грузополучателю,Владивосток,Владивосток,40,1,12
2006-08-17,TIMU7736033,TIMU7736033_cycle_4,Прибыл_груженый,Москва,Владивосток,20,12,15
2006-08-17,TIMU7736033,TIMU7736033_cycle_4,Отправлен_по_ЖД,Москва,Владивосток,20,0,15
2006-08-17,TOWU5842316,TOWU5842316_cycle_5,Прибыл_по_ЖД,Санкт-Петербург,Санкт-Петербург,40,13,8
2006-08-17,TOWU5842316,TOWU5842316_cycle_5,Отправлен_грузополучателю,Санкт-Петербург,Санкт-Петербург,40,0,8
2006-08-17,TOWU7931879,TOWU7931879_cycle_4,Передан_на_погрузку,Москва,Санкт-Петербург,40,0,25
2006-08-17,TOWU8351331,TOWU8351331_cycle_3,Передан_на_погрузку,Санкт-Петербург,Владивосток,20,0,37
2006-08-17,TOWU8351331,TOWU8351331_cycle_3,Прибыл_груженый,Санкт-Петербург,Владивосток,20,0,37
2006-08-18,BUTU1300953,BUTU1300953_cycle_3,Отправлен_по_ЖД,Санкт-Петербург,Владивосток,40,2,30
2006-08-18,CRTU8114609,CRTU8114609_cycle_5,Передан_на_погрузку,Москва,Санкт-Петербург,20,0,22
2006-08-18,ERKU3123425,ERKU3123425_cycle_5,Прибыл_груженый,Санкт-Петербург,Москва,20,5,13
2006-08-18,ERKU3123425,ERKU3123425_cycle_5,Отправлен_по_ЖД,Санкт-Петербург,Москва,20,0,13
2006-08-18,ERKU3123425,ERKU3123425_cycle_5,Прибыл_по_ЖД,Москва,Москва,20,0,13
2006-08-18,KNYU1773354,KNYU1773354_cycle_3,Прибыл_свободным,Санкт-Петербург,Санкт-Петербург,20,27,0
2006-08-18,KNYU3537798,KNYU3537798_cycle_4,Передан_на_погрузку,Санкт-Петербург,Москва,20,0,32
2006-08-18,STNU5088417,STNU5088417_cycle_4,Прибыл_по_ЖД,Москва,Москва,40,14,34
2006-08-18,TOWU8161314,TOWU8161314_cycle_4,Прибыл_свободным,Москва,Москва,20,8,0
2006-08-18,TOWU8161314,TOWU8161314_cycle_5,Передан_на_погрузку,Москва,Владивосток,20,0,35
2006-08-19,BUTU4321000,BUTU4321000_cycle_5,Передан_на_погрузку,Владивосток,Санкт-Петербург,40,0,33
2006-08-19,BUTU7001309,BUTU7001309_cycle_5,Передан_на_погрузку,Москва,Санкт-Петербург,20,0,31
2006-08-19,CRTU3557936,CRTU3557936_cycle_5,Прибыл_свободным,Санкт-Петербург,Санкт-Петербург,20,6,0
2006-08-19,ERKU3123425,ERKU3123425_cycle_5,Отправлен_грузополучателю,Москва,Москва,20,1,12
2006-08-19,ERKU4123975,ERKU4123975_cycle_4,Прибыл_груженый,Санкт-Петербург,Москва,40,8,6
2006-08-19,TIMU8250428,TIMU8250428_cycle_3,Передан_на_погрузку,Владивосток,Москва,20,0,36
2006-08-19,TIMU9543550,TIMU9543550_cycle_4,Прибыл_свободным,Москва,Москва,40,5,0
2006-08-19,TOWU6899546,TOWU6899546_cycle_4,Прибыл_груженый,Санкт-Петербург,Владивосток,20,13,38
2006-08-19,TOWU8351331,TOWU8351331_cycle_3,Отправлен_по_ЖД,Санкт-Петербург,Владивосток,20,2,35
2006-08-19,WEDU9910122,WEDU9910122_cycle_4,Прибыл_по_ЖД,Владивосток,Владивосток,40,13,24
2006-08-19,WEDU9910122,WEDU9910122_cycle_4,Отправлен_грузополучателю,Владивосток,Владивосток,40,0,24
2006-08-20,BUTU7079823,BUTU7079823_cycle_5,Прибыл_груженый,Владивосток,Санкт-Петербург,20,19,16
2006-08-20,BUTU8954572,BUTU8954572_cycle_4,Прибыл_груженый,Владивосток,Санкт-Петербург,40,8,27
2006-08-20,ERKU4123975,ERKU4123975_cycle_4,Отправлен_по_ЖД,Санкт-Петербург,Москва,40,1,5
2006-08-20,ERKU4123975,ERKU4123975_cycle_4,Прибыл_по_ЖД,Москва,Москва,40,0,5
2006-08-20,STNU1402586,STNU1402586_cycle_4,Прибыл_свободным,Владивосток,Владивосток,20,18,0
2006-08-20,STNU5088417,STNU5088417_cycle_4,Отправлен_грузополучателю,Москва,Москва,40,2,32
2006-08-20,TOWU6899546,TOWU6899546_cycle_4,Отправлен_по_ЖД,Санкт-Петербург,Владивосток,20,1,37
2006-08-20,TOWU9892746,TOWU9892746_cycle_5,Прибыл_груженый,Владивосток,Санкт-Петербург,40,4,51
2006-08-21,ERKU4123975,ERKU4123975_cycle_4,Отправлен_грузополучателю,Москва,Москва,40,1,4
2006-08-21,KNYU8173059,KNYU8173059_cycle_5,Передан_на_погрузку,Москва,Владивосток,20,0,39
2006-08-22,BUTU7079823,BUTU7079823_cycle_5,Отправлен_по_ЖД,Владивосток,Санкт-Петербург,20,2,14
2006-08-22,CRTU5834937,CRTU5834937_cycle_3,Прибыл_свободным,Владивосток,Владивосток,20,22,0
2006-08-22,KNYU1437543,KNYU1437543_cycle_4,Прибыл_груженый,Владивосток,Санкт-Петербург,20,13,18
2006-08-22,KNYU3021654,KNYU3021654_cycle_6,Передан_на_погрузку,Санкт-Петербург,Москва,40,0,31
2006-08-22,KNYU7944727,KNYU7944727_cycle_5,Передан_на_погрузку,Санкт-Петербург,Москва,20,0,19
2006-08-22,KNYU9683883,KNYU9683883_cycle_4,Передан_на_погрузку,Владивосток,Москва,20,0,21
2006-08-22,STNU3092282,STNU3092282_cycle_4,Передан_на_погрузку,Санкт-Петербург,Москва,40,0,11
2006-08-22,TOWU7808384,TOWU7808384_cycle_3,Передан_на_погрузку,Москва,Санкт-Петербург,40,0,39
2006-08-22,TOWU9892746,TOWU9892746_cycle_5,Отправлен_по_ЖД,Владивосток,Санкт-Петербург,40,2,49
2006-08-22,WEDU6654977,WEDU6654977_cycle_3,Прибыл_по_ЖД,Москва,Москва,20,12,9
2006-08-22,WEDU7000544,WEDU7000544_cycle_4,Передан_на_погрузку,Москва,Владивосток,20,0,47
2006-08-23,BUTU8954572,BUTU8954572_cycle_4,Отправлен_по_ЖД,Владивосток,Санкт-Петербург,40,3,24
2006-08-23,BUTU9513169,BUTU9513169_cycle_4,Прибыл_свободным,Владивосток,Владивосток,40,13,0
2006-08-23,KNYU1437543,KNYU1437543_cycle_4,Отправлен_по_ЖД,Владивосток,Санкт-Петербург,20,1,17
2006-08-23,KNYU6970613,KNYU6970613_cycle_5,Передан_на_погрузку,Санкт-Петербург,Москва,20,0,31
2006-08-23,STNU4510100,STNU4510100_cycle_5,Передан_на_погрузку,Москва,Владивосток,20,0,38
2006-08-23,TIMU7964806,TIMU7964806_cycle_3,Прибыл_груженый,Санкт-Петербург,Владивосток,40,19,23
2006-08-23,WEDU6654977,WEDU6654977_cycle_3,Отправлен_грузополучателю,Москва,Москва,20,1,8
2006-08-24,CRTU8128829,CRTU8128829_cycle_5,Прибыл_по_ЖД,Москва,Москва,20,12,24
2006-08-24,ERKU3509749,ERKU3509749_cycle_4,Прибыл_по_ЖД,Владивосток,Владивосток,20,13,30
2006-08-24,ERKU3509749,ERKU3509749_cycle_4,Отправлен_грузополучателю,Владивосток,Владивосток,20,0,30
2006-08-24,ERKU5797068,ERKU5797068_cycle_4,Прибыл_груженый,Владивосток,Санкт-Петербург,40,7,30
2006-08-24,ERKU5797068,ERKU5797068_cycle_4,Отправлен_по_ЖД,Владивосток,Санкт-Петербург,40,0,30
2006-08-24,KNYU1824938,KNYU1824938_cycle_6,Прибыл_груженый,Владивосток,Санкт-Петербург,20,12,22
2006-08-24,KNYU9630138,KNYU9630138_cycle_4,Передан_на_погрузку,Санкт-Петербург,Владивосток,20,0,31
2006-08-24,STNU3092282,STNU3092282_cycle_4,Прибыл_груженый,Санкт-Петербург,Москва,40,2,9
2006-08-24,STNU3092282,STNU3092282_cycle_4,Отправлен_по_ЖД,Санкт-Петербург,Москва,40,0,9
2006-08-24,STNU3092282,STNU3092282_cycle_4,Прибыл_по_ЖД,Москва,Москва,40,0,9
2006-08-24,TIMU6180706,TIMU6180706_cycle_4,Прибыл_груженый,Санкт-Петербург,Москва,40,16,6
2006-08-24,TIMU7964806,TIMU7964806_cycle_3,Отправлен_по_ЖД,Санкт-Петербург,Владивосток,40,1,22
2006-08-24,TIMU8250428,TIMU8250428_cycle_3,Прибыл_груженый,Владивосток,Москва,20,5,31
2006-08-25,BUTU8729025,BUTU8729025_cycle_4,Передан_на_погрузку,Санкт-Петербург,Владивосток,40,0,61
2006-08-25,CRTU1167966,CRTU1167966_cycle_4,Прибыл_груженый,Санкт-Петербург,Владивосток,40,13,41
2006-08-25,CRTU1167966,CRTU1167966_cycle_4,Отправлен_по_ЖД,Санкт-Петербург,Владивосток,40,0,41
2006-08-25,CRTU8128829,CRTU8128829_cycle_5,Отправлен_грузополучателю,Москва,Москва,20,1,23
2006-08-25,ERKU4123975,ERKU4123975_cycle_4,Прибыл_свободным,Москва,Москва,40,4,0
2006-08-25,KNYU1033833,KNYU1033833_cycle_4,Передан_на_погрузку,Санкт-Петербург,Москва,40,0,5
2006-08-25,KNYU1033833,KNYU1033833_cycle_4,Прибыл_груженый,Санкт-Петербург,Москва,40,0,5
2006-08-25,KNYU3335859,KNYU3335859_cycle_4,Передан_на_погрузку,Владивосток,Москва,20,0,34
2006-08-25,STNU3092282,STNU3092282_cycle_4,Отправлен_грузополучателю,Москва,Москва,40,1,8
2006-08-25,STNU4919514,STNU4919514_cycle_5,Передан_на_погрузку,Владивосток,Москва,40,0,27
2006-08-25,TIMU8250428,TIMU8250428_cycle_3,Отправлен_по_ЖД,Владивосток,Москва,20,1,30
2006-08-25,TOWU2835826,TOWU2835826_cycle_3,Прибыл_по_ЖД,Москва,Москва,40,16,4
2006-08-25,TOWU3611630,TOWU3611630_cycle_5,Передан_на_погрузку,Москва,Санкт-Петербург,40,0,41
2006-08-25,TOWU5842316,TOWU5842316_cycle_5,Прибыл_свободным,Санкт-Петербург,Санкт-Петербург,40,8,0
2006-08-25,TOWU5842316,TOWU5842316_cycle_6,Передан_на_погрузку,Санкт-Петербург,Владивосток,40,0,57
2006-08-25,TOWU5892461,TOWU5892461_cycle_4,Прибыл_груженый,Москва,Владивосток,40,14,41
2006-08-25,TOWU5892461,TOWU5892461_cycle_4,Отправлен_по_ЖД,Москва,Владивосток,40,0,41
2006-08-25,WEDU5817433,WEDU5817433_cycle_4,Прибыл_свободным,Владивосток,Владивосток,20,10,0
2006-08-25,WEDU8568487,WEDU8568487_cycle_5,Прибыл_свободным,Москва,Москва,40,25,0
2006-08-26,BUTU2391445,BUTU2391445_cycle_4,Прибыл_груженый,Москва,Санкт-Петербург,20,17,19
2006-08-26,KNYU1824938,KNYU1824938_cycle_6,Отправлен_по_ЖД,Владивосток,Санкт-Петербург,20,2,20
2006-08-26,TIMU3137493,TIMU3137493_cycle_3,Прибыл_свободным,Владивосток,Владивосток,40,25,0
2006-08-26,TIMU3656871,TIMU3656871_cycle_4,Прибыл_свободным,Владивосток,Владивосток,20,27,0
2006-08-26,TIMU6180706,TIMU6180706_cycle_4,Отправлен_по_ЖД,Санкт-Петербург,Москва,40,2,4
2006-08-27,BUTU4321000,BUTU4321000_cycle_5,Прибыл_груженый,Владивосток,Санкт-Петербург,40,8,25
2006-08-27,BUTU4321000,BUTU4321000_cycle_5,Отправлен_по_ЖД,Владивосток,Санкт-Петербург,40,0,25
2006-08-27,ERKU8324044,ERKU8324044_cycle_4,Прибыл_по_ЖД,Владивосток,Владивосток,40,12,14
2006-08-27,KNYU6806102,KNYU6806102_cycle_4,Прибыл_по_ЖД,Москва,Москва,20,10,26
2006-08-27,KNYU8798891,KNYU8798891_cycle_3,Прибыл_свободным,Санкт-Петербург,Санкт-Петербург,20,19,0
2006-08-27,STNU6396019,STNU6396019_cycle_3,Прибыл_свободным,Москва,Москва,40,27,0
2006-08-27,TIMU6180706,TIMU6180706_cycle_4,Прибыл_по_ЖД,Москва,Москва,40,1,3
2006-08-27,WEDU5817433,WEDU5817433_cycle_5,Передан_на_погрузку,Владивосток,Санкт-Петербург,20,0,57
2006-08-28,BUTU2391445,BUTU2391445_cycle_4,Отправлен_по_ЖД,Москва,Санкт-Петербург,20,2,17
2006-08-28,CRTU1937935,CRTU1937935_cycle_4,Прибыл_свободным,Владивосток,Владивосток,40,13,0
2006-08-28,CRTU8114609,CRTU8114609_cycle_5,Прибыл_груженый,Москва,Санкт-Петербург,20,10,12
2006-08-28,ERKU8324044,ERKU8324044_cycle_4,Отправлен_грузополучателю,Владивосток,Владивосток,40,1,13
2006-08-28,KNYU1033833,KNYU1033833_cycle_4,Отправлен_по_ЖД,Санкт-Петербург,Москва,40,3,2
2006-08-28,KNYU1033833,KNYU1033833_cycle_4,Прибыл_по_ЖД,Москва,Москва,40,0,2
2006-08-28,KNYU9683883,KNYU9683883_cycle_4,Прибыл_груженый,Владивосток,Москва,20,6,15
2006-08-28,TIMU1636645,TIMU1636645_cycle_4,Прибыл_свободным,Москва,Москва,20,15,0
2006-08-28,TOWU2835826,TOWU2835826_cycle_3,Отправлен_грузополучателю,Москва,Москва,40,3,1
2006-08-28,WEDU6876299,WEDU6876299_cycle_4,Передан_на_погрузку,Санкт-Петербург,Владивосток,20,0,23
2006-08-29,CRTU1521773,CRTU1521773_cycle_3,Прибыл_свободным,Санкт-Петербург,Санкт-Петербург,20,31,0
2006-08-29,CRTU2183954,CRTU2183954_cycle_4,Передан_на_погрузку,Санкт-Петербург,Владивосток,40,0,31
2006-08-29,STNU1402586,STNU1402586_cycle_5,Передан_на_погрузку,Владивосток,Москва,20,0,44
2006-08-29,STNU9845862,STNU9845862_cycle_4,Передан_на_погрузку,Санкт-Петербург,Москва,40,0,56
2006-08-29,TIMU5165088,TIMU5165088_cycle_4,Прибыл_свободным,Владивосток,Владивосток,40,12,0
2006-08-29,TIMU8010374,TIMU8010374_cycle_4,Прибыл_груженый,Москва,Санкт-Петербург,20,15,5
2006-08-29,TOWU2835826,TOWU2835826_cycle_3,Прибыл_свободным,Москва,Москва,40,1,0
2006-08-29,TOWU7808384,TOWU7808384_cycle_3,Прибыл_груженый,Москва,Санкт-Петербург,40,7,32
2006-08-29,TOWU8161314,TOWU8161314_cycle_5,Прибыл_груженый,Москва,Владивосток,20,11,24
2006-08-29,WEDU2383938,WEDU2383938_cycle_4,Прибыл_свободным,Москва,Москва,20,32,0
2006-08-30,BUTU1300953,BUTU1300953_cycle_3,Прибыл_по_ЖД,Владивосток,Владивосток,40,12,18
2006-08-30,BUTU1300953,BUTU1300953_cycle_3,Отправлен_грузополучателю,Владивосток,Владивосток,40,0,18
2006-08-30,BUTU2391445,BUTU2391445_cycle_4,Прибыл_по_ЖД,Санкт-Петербург,Санкт-Петербург,20,2,15
2006-08-30,KNYU1033833,KNYU1033833_cycle_4,Отправлен_грузополучателю,Москва,Москва,40,2,0
2006-08-30,KNYU1033833,KNYU1033833_cycle_4,Прибыл_свободным,Москва,Москва,40,0,0
2006-08-30,KNYU3335859,KNYU3335859_cycle_4,Прибыл_груженый,Владивосток,Москва,20,5,29
2006-08-30,KNYU3335859,KNYU3335859_cycle_4,Отправлен_по_ЖД,Владивосток,Москва,20,0,29
2006-08-30,KNYU3537798,KNYU3537798_cycle_4,Прибыл_груженый,Санкт-Петербург,Москва,20,12,20
2006-08-30,KNYU5786200,KNYU5786200_cycle_4,Прибыл_по_ЖД,Владивосток,Владивосток,20,15,12
2006-08-30,KNYU5786200,KNYU5786200_cycle_4,Отправлен_грузополучателю,Владивосток,Владивосток,20,0,12
2006-08-30,KNYU7944727,KNYU7944727_cycle_5,Прибыл_груженый,Санкт-Петербург,Москва,20,8,11
2006-08-30,KNYU9683883,KNYU9683883_cycle_4,Отправлен_по_ЖД,Владивосток,Москва,20,2,13
2006-08-30,TIMU6180706,TIMU6180706_cycle_4,Отправлен_грузополучателю,Москва,Москва,40,3,0
2006-08-30,TIMU6180706,TIMU6180706_cycle_4,Прибыл_свободным,Москва,Москва,40,0,0
2006-08-30,TIMU7736033,TIMU7736033_cycle_4,Прибыл_по_ЖД,Владивосток,Владивосток,20,13,2
2006-08-30,TIMU8010374,TIMU8010374_cycle_4,Отправлен_по_ЖД,Москва,Санкт-Петербург,20,1,4
2006-08-30,TIMU8010374,TIMU8010374_cycle_4,Прибыл_по_ЖД,Санкт-Петербург,Санкт-Петербург,20,0,4
2006-08-30,TOWU7931879,TOWU7931879_cycle_4,Прибыл_груженый,Москва,Санкт-Петербург,40,13,12
2006-08-30,TOWU9896330,TOWU9896330_cycle_4,Прибыл_по_ЖД,Москва,Москва,40,17,14
2006-08-30,TOWU9896330,TOWU9896330_cycle_4,Отправлен_грузополучателю,Москва,Москва,40,0,14
2006-08-30,WEDU6874585,WEDU6874585_cycle_4,Передан_на_погрузку,Санкт-Петербург,Москва,20,0,51
2006-08-31,BUTU2391445,BUTU2391445_cycle_4,Отправлен_грузополучателю,Санкт-Петербург,Санкт-Петербург,20,1,14
2006-08-31,CRTU1715325,CRTU1715325_cycle_5,Прибыл_по_ЖД,Владивосток,Владивосток,40,16,3
2006-08-31,CRTU2093770,CRTU2093770_cycle_3,Прибыл_свободным,Санкт-Петербург,Санкт-Петербург,40,14,0
2006-08-31,CRTU8114609,CRTU8114609_cycle_5,Отправлен_по_ЖД,Москва,Санкт-Петербург,20,3,9
2006-08-31,CRTU8114609,CRTU8114609_cycle_5,Прибыл_по_ЖД,Санкт-Петербург,Санкт-Петербург,20,0,9
2006-08-31,ERKU3123425,ERKU3123425_cycle_5,Прибыл_свободным,Москва,Москва,20,12,0
2006-08-31,KNYU6806102,KNYU6806102_cycle_4,Отправлен_грузополучателю,Москва,Москва,20,4,22
2006-08-31,KNYU9630138,KNYU9630138_cycle_4,Прибыл_груженый,Санкт-Петербург,Владивосток,20,7,24
2006-08-31,TIMU8887794,TIMU8887794_cycle_4,Прибыл_свободным,Владивосток,Владивосток,20,16,0
2006-08-31,TOWU7808384,TOWU7808384_cycle_3,Отправлен_по_ЖД,Москва,Санкт-Петербург,40,2,30
2006-08-31,TOWU7808384,TOWU7808384_cycle_3,Прибыл_по_ЖД,Санкт-Петербург,Санкт-Петербург,40,0,30
2006-08-31,TOWU8161314,TOWU8161314_cycle_5,Отправлен_по_ЖД,Москва,Владивосток,20,2,22
2006-08-31,WEDU6102098,WEDU6102098_cycle_3,Прибыл_по_ЖД,Владивосток,Владивосток,20,17,16
2006-08-31,WEDU6102098,WEDU6102098_cycle_3,Отправлен_грузополучателю,Владивосток,Владивосток,20,0,16
2006-08-31,WEDU6654977,WEDU6654977_cycle_3,Прибыл_свободным,Москва,Москва,20,8,0
2006-08-31,WEDU7000544,WEDU7000544_cycle_4,Прибыл_груженый,Москва,Владивосток,20,9,38
2006-09-01,CRTU8114609,CRTU8114609_cycle_5,Отправлен_грузополучателю,Санкт-Петербург,Санкт-Петербург,20,1,8
2006-09-01,KNYU3537798,KNYU3537798_cycle_4,Отправлен_по_ЖД,Санкт-Петербург,Москва,20,2,18
2006-09-01,KNYU7944727,KNYU7944727_cycle_5,Отправлен_по_ЖД,Санкт-Петербург,Москва,20,2,9
2006-09-01,KNYU9630138,KNYU9630138_cycle_4,Отправлен_по_ЖД,Санкт-Петербург,Владивосток,20,1,23
2006-09-01,TIMU7736033,TIMU7736033_cycle_4,Отправлен_грузополучателю,Владивосток,Владивосток,20,2,0
2006-09-01,TIMU7736033,TIMU7736033_cycle_4,Прибыл_свободным,Владивосток,Владивосток,20,0,0
2006-09-01,TIMU8010374,TIMU8010374_cycle_4,Отправлен_грузополучателю,Санкт-Петербург,Санкт-Петербург,20,2,2
2006-09-01,TOWU2940273,TOWU2940273_cycle_4,Прибыл_свободным,Москва,Москва,40,19,0
2006-09-01,TOWU5892461,TOWU5892461_cycle_4,Прибыл_по_ЖД,Владивосток,Владивосток,40,7,34
2006-09-02,BUTU8729025,BUTU8729025_cycle_4,Прибыл_груженый,Санкт-Петербург,Владивосток,40,8,53
2006-09-02,BUTU9513169,BUTU9513169_cycle_5,Передан_на_погрузку,Владивосток,Санкт-Петербург,40,0,13
2006-09-02,ERKU7945290,ERKU7945290_cycle_4,Передан_на_погрузку,Москва,Санкт-Петербург,20,0,10
2006-09-02,KNYU7944727,KNYU7944727_cycle_5,Прибыл_по_ЖД,Москва,Москва,20,1,8
2006-09-02,KNYU7944727,KNYU7944727_cycle_5,Отправлен_грузополучателю,Москва,Москва,20,0,8
2006-09-02,STNU3092282,STNU3092282_cycle_4,Прибыл_свободным,Москва,Москва,40,8,0
2006-09-02,STNU9767317,STNU9767317_cycle_4,Передан_на_погрузку,Владивосток,Москва,20,0,51
2006-09-02,TIMU6310893,TIMU6310893_cycle_5,Прибыл_свободным,Москва,Москва,40,18,0
2006-09-02,TOWU5842316,TOWU5842316_cycle_6,Прибыл_груженый,Санкт-Петербург,Владивосток,40,8,49
2006-09-02,TOWU5892461,TOWU5892461_cycle_4,Отправлен_грузополучателю,Владивосток,Владивосток,40,1,33
2006-09-02,TOWU6899546,TOWU6899546_cycle_4,Прибыл_по_ЖД,Владивосток,Владивосток,20,13,24
2006-09-02,TOWU6899546,TOWU6899546_cycle_4,Отправлен_грузополучателю,Владивосток,Владивосток,20,0,24
2006-09-02,TOWU7808384,TOWU7808384_cycle_3,Отправлен_грузополучателю,Санкт-Петербург,Санкт-Петербург,40,2,28
2006-09-02,TOWU8351331,TOWU8351331_cycle_3,Прибыл_по_ЖД,Владивосток,Владивосток,20,14,21
2006-09-02,WEDU6876299,WEDU6876299_cycle_4,Прибыл_груженый,Санкт-Петербург,Владивосток,20,5,18
2006-09-02,WEDU7000544,WEDU7000544_cycle_4,Отправлен_по_ЖД,Москва,Владивосток,20,2,36
2006-09-02,WEDU7707795,WEDU7707795_cycle_4,Прибыл_свободным,Санкт-Петербург,Санкт-Петербург,40,29,0
2006-09-03,BUTU7079823,BUTU7079823_cycle_5,Прибыл_по_ЖД,Санкт-Петербург,Санкт-Петербург,20,12,2
2006-09-03,BUTU7079823,BUTU7079823_cycle_5,Отправлен_грузополучателю,Санкт-Петербург,Санкт-Петербург,20,0,2
2006-09-03,BUTU8729025,BUTU8729025_cycle_4,Отправлен_по_ЖД,Санкт-Петербург,Владивосток,40,1,52
2006-09-03,CRTU1715325,CRTU1715325_cycle_5,Отправлен_грузополучателю,Владивосток,Владивосток,40,3,0
2006-09-03,CRTU1715325,CRTU1715325_cycle_5,Прибыл_свободным,Владивосток,Владивосток,40,0,0
2006-09-03,KNYU6970613,KNYU6970613_cycle_5,Прибыл_груженый,Санкт-Петербург,Москва,20,11,20
2006-09-03,KNYU6970613,KNYU6970613_cycle_5,Отправлен_по_ЖД,Санкт-Петербург,Москва,20,0,20
2006-09-03,STNU2517447,STNU2517447_cycle_5,Прибыл_груженый,Владивосток,Санкт-Петербург,40,20,39
2006-09-03,STNU6396019,STNU6396019_cycle_4,Передан_на_погрузку,Москва,Владивосток,40,0,39
2006-09-03,TIMU8010374,TIMU8010374_cycle_4,Прибыл_свободным,Санкт-Петербург,Санкт-Петербург,20,2,0
2006-09-03,TOWU2940273,TOWU2940273_cycle_5,Передан_на_погрузку,Москва,Владивосток,40,0,48
2006-09-03,TOWU7931879,TOWU7931879_cycle_4,Отправлен_по_ЖД,Москва,Санкт-Петербург,40,4,8
2006-09-03,TOWU8351331,TOWU8351331_cycle_3,Отправлен_грузополучателю,Владивосток,Владивосток,20,1,20
2006-09-04,BUTU9513169,BUTU9513169_cycle_5,Прибыл_груженый,Владивосток,Санкт-Петербург,40,2,11
2006-09-04,BUTU9513169,BUTU9513169_cycle_5,Отправлен_по_ЖД,Владивосток,Санкт-Петербург,40,0,11
2006-09-04,ERKU5797068,ERKU5797068_cycle_4,Прибыл_по_ЖД,Санкт-Петербург,Санкт-Петербург,40,11,19
2006-09-04,ERKU7945290,ERKU7945290_cycle_4,Прибыл_груженый,Москва,Санкт-Петербург,20,2,8
2006-09-04,KNYU1773354,KNYU1773354_cycle_4,Передан_на_погрузку,Санкт-Петербург,Владивосток,20,0,31
2006-09-04,KNYU3537798,KNYU3537798_cycle_4,Прибыл_по_ЖД,Москва,Москва,20,3,15
2006-09-04,TIMU8250428,TIMU8250428_cycle_3,Прибыл_по_ЖД,Москва,Москва,20,10,20
2006-09-04,TOWU7931879,TOWU7931879_cycle_4,Прибыл_по_ЖД,Санкт-Петербург,Санкт-Петербург,40,1,7
2006-09-04,WEDU6876299,WEDU6876299_cycle_4,Отправлен_по_ЖД,Санкт-Петербург,Владивосток,20,2,16
2006-09-05,BUTU7079823,BUTU7079823_cycle_5,Прибыл_свободным,Санкт-Петербург,Санкт-Петербург,20,2,0
2006-09-05,CRTU2093770,CRTU2093770_cycle_4,Передан_на_погрузку,Санкт-Петербург,Москва,40,0,15
2006-09-05,CRTU2093770,CRTU2093770_cycle_4,Прибыл_груженый,Санкт-Петербург,Москва,40,0,15
2006-09-05,CRTU5834937,CRTU5834937_cycle_4,Передан_на_погрузку,Владивосток,Санкт-Петербург,20,0,73
2006-09-05,STNU4919514,STNU4919514_cycle_5,Прибыл_груженый,Владивосток,Москва,40,11,16
2006-09-05,TIMU9543550,TIMU9543550_cycle_5,Передан_на_погрузку,Москва,Владивосток,40,0,33
2006-09-05,TOWU5842316,TOWU5842316_cycle_6,Отправлен_по_ЖД,Санкт-Петербург,Владивосток,40,3,46
2006-09-05,TOWU7931879,TOWU7931879_cycle_4,Отправлен_грузополучателю,Санкт-Петербург,Санкт-Петербург,40,1,6
2006-09-05,WEDU2249581,WEDU2249581_cycle_5,Передан_на_погрузку,Москва,Владивосток,20,0,28
2006-09-05,WEDU2249581,WEDU2249581_cycle_5,Прибыл_груженый,Москва,Владивосток,20,0,28
2006-09-05,WEDU2249581,WEDU2249581_cycle_5,Отправлен_по_ЖД,Москва,Владивосток,20,0,28
2006-09-05,WEDU4651205,WEDU4651205_cycle_5,Прибыл_свободным,Санкт-Петербург,Санкт-Петербург,20,44,0
2006-09-06,ERKU7945290,ERKU7945290_cycle_4,Отправлен_по_ЖД,Москва,Санкт-Петербург,20,2,6
2006-09-06,KNYU3537798,KNYU3537798_cycle_4,Отправлен_грузополучателю,Москва,Москва,20,2,13
2006-09-06,KNYU6970613,KNYU6970613_cycle_5,Прибыл_по_ЖД,Москва,Москва,20,3,17
2006-09-06,STNU2356703,STNU2356703_cycle_4,Передан_на_погрузку,Владивосток,Санкт-Петербург,40,0,40
2006-09-06,STNU4510100,STNU4510100_cycle_5,Прибыл_груженый,Москва,Владивосток,20,14,24
2006-09-06,STNU4919514,STNU4919514_cycle_5,Отправлен_по_ЖД,Владивосток,Москва,40,1,15
2006-09-06,TIMU8250428,TIMU8250428_cycle_3,Отправлен_грузополучателю,Москва,Москва,20,2,18
2006-09-07,BUTU8954572,BUTU8954572_cycle_4,Прибыл_по_ЖД,Санкт-Петербург,Санкт-Петербург,40,15,9
2006-09-07,CRTU2093770,CRTU2093770_cycle_4,Отправлен_по_ЖД,Санкт-Петербург,Москва,40,2,13
2006-09-07,ERKU5797068,ERKU5797068_cycle_4,Отправлен_грузополучателю,Санкт-Петербург,Санкт-Петербург,40,3,16
2006-09-07,KNYU1437543,KNYU1437543_cycle_4,Прибыл_по_ЖД,Санкт-Петербург,Санкт-Петербург,20,15,2
2006-09-07,STNU2517447,STNU2517447_cycle_5,Отправлен_по_ЖД,Владивосток,Санкт-Петербург,40,4,35
2006-09-07,TOWU2984334,TOWU2984334_cycle_5,Прибыл_свободным,Москва,Москва,40,24,0
2006-09-08,BUTU8954572,BUTU8954572_cycle_4,Отправлен_грузополучателю,Санкт-Петербург,Санкт-Петербург,40,1,8
2006-09-08,CRTU1167966,CRTU1167966_cycle_4,Прибыл_по_ЖД,Владивосток,Владивосток,40,14,27
2006-09-08,CRTU1167966,CRTU1167966_cycle_4,Отправлен_грузополучателю,Владивосток,Владивосток,40,0,27
2006-09-08,CRTU2093770,CRTU2093770_cycle_4,Прибыл_по_ЖД,Москва,Москва,40,1,12
2006-09-08,KNYU6970613,KNYU6970613_cycle_5,Отправлен_грузополучателю,Москва,Москва,20,2,15
2006-09-08,STNU2356703,STNU2356703_cycle_4,Прибыл_груженый,Владивосток,Санкт-Петербург,40,2,38
2006-09-08,STNU2356703,STNU2356703_cycle_4,Отправлен_по_ЖД,Владивосток,Санкт-Петербург,40,0,38
2006-09-08,STNU4510100,STNU4510100_cycle_5,Отправлен_по_ЖД,Москва,Владивосток,20,2,22
2006-09-08,TIMU3631350,TIMU3631350_cycle_4,Передан_на_погрузку,Санкт-Петербург,Москва,20,0,44
2006-09-08,TIMU6310893,TIMU6310893_cycle_6,Передан_на_погрузку,Москва,Владивосток,40,0,31
2006-09-08,TOWU9892746,TOWU9892746_cycle_5,Прибыл_по_ЖД,Санкт-Петербург,Санкт-Петербург,40,17,32
2006-09-09,CRTU2093770,CRTU2093770_cycle_4,Отправлен_грузополучателю,Москва,Москва,40,1,11
2006-09-09,CRTU6264170,CRTU6264170_cycle_5,Прибыл_свободным,Санкт-Петербург,Санкт-Петербург,40,23,0
2006-09-09,CRTU6264170,CRTU6264170_cycle_6,Передан_на_погрузку,Санкт-Петербург,Владивосток,40,0,55
2006-09-09,CRTU8114609,CRTU8114609_cycle_5,Прибыл_свободным,Санкт-Петербург,Санкт-Петербург,20,8,0
2006-09-09,KNYU1437543,KNYU1437543_cycle_4,Отправлен_грузополучателю,Санкт-Петербург,Санкт-Петербург,20,2,0
2006-09-09,KNYU1437543,KNYU1437543_cycle_4,Прибыл_свободным,Санкт-Петербург,Санкт-Петербург,20,0,0
2006-09-10,BUTU7001309,BUTU7001309_cycle_5,Прибыл_груженый,Москва,Санкт-Петербург,20,22,9
2006-09-10,BUTU7001309,BUTU7001309_cycle_5,Отправлен_по_ЖД,Москва,Санкт-Петербург,20,0,9
2006-09-10,CRTU6264170,CRTU6264170_cycle_6,Прибыл_груженый,Санкт-Петербург,Владивосток,40,1,54
2006-09-10,ERKU7945290,ERKU7945290_cycle_4,Прибыл_по_ЖД,Санкт-Петербург,Санкт-Петербург,20,4,2
2006-09-10,ERKU8324044,ERKU8324044_cycle_4,Прибыл_свободным,Владивосток,Владивосток,40,13,0
2006-09-10,KNYU3335859,KNYU3335859_cycle_4,Прибыл_по_ЖД,Москва,Москва,20,11,18
2006-09-10,KNYU7944727,KNYU7944727_cycle_5,Прибыл_свободным,Москва,Москва,20,8,0
2006-09-10,KNYU8173059,KNYU8173059_cycle_5,Прибыл_груженый,Москва,Владивосток,20,20,19
2006-09-10,KNYU8173059,KNYU8173059_cycle_5,Отправлен_по_ЖД,Москва,Владивосток,20,0,19
2006-09-10,TOWU9892746,TOWU9892746_cycle_5,Отправлен_грузополучателю,Санкт-Петербург,Санкт-Петербург,40,2,30
2006-09-11,BUTU4321000,BUTU4321000_cycle_5,Прибыл_по_ЖД,Санкт-Петербург,Санкт-Петербург,40,15,10
2006-09-11,BUTU7001309,BUTU7001309_cycle_5,Прибыл_по_ЖД,Санкт-Петербург,Санкт-Петербург,20,1,8
2006-09-11,KNYU5786200,KNYU5786200_cycle_4,Прибыл_свободным,Владивосток,Владивосток,20,12,0
2006-09-11,STNU2794431,STNU2794431_cycle_5,Передан_на_погрузку,Владивосток,Санкт-Петербург,20,0,16
2006-09-11,STNU2794431,STNU2794431_cycle_5,Прибыл_груженый,Владивосток,Санкт-Петербург,20,0,16
2006-09-11,TOWU7931879,TOWU7931879_cycle_4,Прибыл_свободным,Санкт-Петербург,Санкт-Петербург,40,6,0
2006-09-12,BUTU4321000,BUTU4321000_cycle_5,Отправлен_грузополучателю,Санкт-Петербург,Санкт-Петербург,40,1,9
2006-09-12,BUTU7001309,BUTU7001309_cycle_5,Отправлен_грузополучателю,Санкт-Петербург,Санкт-Петербург,20,1,7
2006-09-12,CRTU2183954,CRTU2183954_cycle_4,Прибыл_груженый,Санкт-Петербург,Владивосток,40,14,17
2006-09-12,CRTU3557936,CRTU3557936_cycle_6,Передан_на_погрузку,Санкт-Петербург,Владивосток,20,0,54
2006-09-12,CRTU6264170,CRTU6264170_cycle_6,Отправлен_по_ЖД,Санкт-Петербург,Владивосток,40,2,52
2006-09-12,ERKU7945290,ERKU7945290_cycle_4,Отправлен_грузополучателю,Санкт-Петербург,Санкт-Петербург,20,2,0
2006-09-12,ERKU7945290,ERKU7945290_cycle_4,Прибыл_свободным,Санкт-Петербург,Санкт-Петербург,20,0,0
2006-09-12,ERKU7945290,ERKU7945290_cycle_5,Передан_на_погрузку,Санкт-Петербург,Москва,20,0,18
2006-09-12,ERKU7945290,ERKU7945290_cycle_5,Прибыл_груженый,Санкт-Петербург,Москва,20,0,18
2006-09-12,KNYU1773354,KNYU1773354_cycle_4,Прибыл_груженый,Санкт-Петербург,Владивосток,20,8,23
2006-09-12,KNYU1773354,KNYU1773354_cycle_4,Отправлен_по_ЖД,Санкт-Петербург,Владивосток,20,0,23
2006-09-12,KNYU3021654,KNYU3021654_cycle_6,Прибыл_груженый,Санкт-Петербург,Москва,40,21,10
2006-09-12,KNYU9683883,KNYU9683883_cycle_4,Прибыл_по_ЖД,Москва,Москва,20,13,0
2006-09-12,KNYU9683883,KNYU9683883_cycle_4,Отправлен_грузополучателю,Москва,Москва,20,0,0
2006-09-12,KNYU9683883,KNYU9683883_cycle_4,Прибыл_свободным,Москва,Москва,20,0,0
2006-09-12,KNYU9683883,KNYU9683883_cycle_5,Передан_на_погрузку,Москва,Санкт-Петербург,20,0,11
2006-09-12,WEDU9910122,WEDU9910122_cycle_4,Прибыл_свободным,Владивосток,Владивосток,40,24,0
2006-09-12,WEDU9910122,WEDU9910122_cycle_5,Передан_на_погрузку,Владивосток,Санкт-Петербург,40,0,69
2006-09-13,CRTU2183954,CRTU2183954_cycle_4,Отправлен_по_ЖД,Санкт-Петербург,Владивосток,40,1,16
2006-09-13,CRTU3557001,CRTU3557001_cycle_4,Передан_на_погрузку,Санкт-Петербург,Владивосток,20,0,39
2006-09-13,ERKU7945290,ERKU7945290_cycle_5,Отправлен_по_ЖД,Санкт-Петербург,Москва,20,1,17
2006-09-13,KNYU1824938,KNYU1824938_cycle_6,Прибыл_по_ЖД,Санкт-Петербург,Санкт-Петербург,20,18,2
2006-09-13,KNYU3021654,KNYU3021654_cycle_6,Отправлен_по_ЖД,Санкт-Петербург,Москва,40,1,9
2006-09-13,KNYU3335859,KNYU3335859_cycle_4,Отправлен_грузополучателю,Москва,Москва,20,3,15
2006-09-13,KNYU8798891,KNYU8798891_cycle_4,Передан_на_погрузку,Санкт-Петербург,Владивосток,20,0,37
2006-09-13,TIMU8061928,TIMU8061928_cycle_4,Прибыл_свободным,Санкт-Петербург,Санкт-Петербург,20,32,0
2006-09-13,TOWU9896330,TOWU9896330_cycle_4,Прибыл_свободным,Москва,Москва,40,14,0
2006-09-14,BUTU2391445,BUTU2391445_cycle_4,Прибыл_свободным,Санкт-Петербург,Санкт-Петербург,20,14,0
2006-09-14,BUTU2391445,BUTU2391445_cycle_5,Передан_на_погрузку,Санкт-Петербург,Владивосток,20,0,21
2006-09-14,BUTU9513169,BUTU9513169_cycle_5,Прибыл_по_ЖД,Санкт-Петербург,Санкт-Петербург,40,10,1
2006-09-14,ERKU3112209,ERKU3112209_cycle_4,Передан_на_погрузку,Москва,Владивосток,20,0,42
2006-09-14,KNYU1824938,KNYU1824938_cycle_6,Отправлен_грузополучателю,Санкт-Петербург,Санкт-Петербург,20,1,1
2006-09-14,STNU1402586,STNU1402586_cycle_5,Прибыл_груженый,Владивосток,Москва,20,16,28
2006-09-14,STNU2794431,STNU2794431_cycle_5,Отправлен_по_ЖД,Владивосток,Санкт-Петербург,20,3,13
2006-09-14,STNU6396019,STNU6396019_cycle_4,Прибыл_груженый,Москва,Владивосток,40,11,28
2006-09-14,STNU9845862,STNU9845862_cycle_4,Прибыл_груженый,Санкт-Петербург,Москва,40,16,40
2006-09-14,TIMU7964806,TIMU7964806_cycle_3,Прибыл_по_ЖД,Владивосток,Владивосток,40,21,1
2006-09-14,TOWU8161314,TOWU8161314_cycle_5,Прибыл_по_ЖД,Владивосток,Владивосток,20,14,8
2006-09-14,WEDU7000544,WEDU7000544_cycle_4,Прибыл_по_ЖД,Владивосток,Владивосток,20,12,24
2006-09-15,BUTU9513169,BUTU9513169_cycle_5,Отправлен_грузополучателю,Санкт-Петербург,Санкт-Петербург,40,1,0
2006-09-15,BUTU9513169,BUTU9513169_cycle_5,Прибыл_свободным,Санкт-Петербург,Санкт-Петербург,40,0,0
2006-09-15,ERKU7945290,ERKU7945290_cycle_5,Прибыл_по_ЖД,Москва,Москва,20,2,15
2006-09-15,ERKU7945290,ERKU7945290_cycle_5,Отправлен_грузополучателю,Москва,Москва,20,0,15
2006-09-15,KNYU1824938,KNYU1824938_cycle_6,Прибыл_свободным,Санкт-Петербург,Санкт-Петербург,20,1,0
2006-09-15,KNYU4619290,KNYU4619290_cycle_5,Передан_на_погрузку,Москва,Санкт-Петербург,40,0,32
2006-09-15,KNYU9630138,KNYU9630138_cycle_4,Прибыл_по_ЖД,Владивосток,Владивосток,20,14,9
2006-09-15,TIMU7964806,TIMU7964806_cycle_3,Отправлен_грузополучателю,Владивосток,Владивосток,40,1,0
2006-09-15,TIMU7964806,TIMU7964806_cycle_3,Прибыл_свободным,Владивосток,Владивосток,40,0,0
2006-09-15,TOWU5842316,TOWU5842316_cycle_6,Прибыл_по_ЖД,Владивосток,Владивосток,40,10,36
2006-09-15,TOWU8161314,TOWU8161314_cycle_5,Отправлен_грузополучателю,Владивосток,Владивосток,20,1,7
2006-09-15,WEDU8568487,WEDU8568487_cycle_6,Передан_на_погрузку,Москва,Санкт-Петербург,40,0,35
2006-09-16,BUTU8954572,BUTU8954572_cycle_4,Прибыл_свободным,Санкт-Петербург,Санкт-Петербург,40,8,0
2006-09-16,KNYU7944727,KNYU7944727_cycle_6,Передан_на_погрузку,Москва,Санкт-Петербург,20,0,46
2006-09-16,KNYU9630138,KNYU9630138_cycle_4,Отправлен_грузополучателю,Владивосток,Владивосток,20,1,8
2006-09-16,STNU6396019,STNU6396019_cycle_4,Отправлен_по_ЖД,Москва,Владивосток,40,2,26
2006-09-16,TIMU1636645,TIMU1636645_cycle_5,Передан_на_погрузку,Москва,Владивосток,20,0,35
2006-09-16,TIMU3631350,TIMU3631350_cycle_4,Прибыл_груженый,Санкт-Петербург,Москва,20,8,36
2006-09-16,TIMU9543550,TIMU9543550_cycle_5,Прибыл_груженый,Москва,Владивосток,40,11,22
2006-09-16,TIMU9543550,TIMU9543550_cycle_5,Отправлен_по_ЖД,Москва,Владивосток,40,0,22
2006-09-16,WEDU6102098,WEDU6102098_cycle_3,Прибыл_свободным,Владивосток,Владивосток,20,16,0
2006-09-16,WEDU6102098,WEDU6102098_cycle_4,Передан_на_погрузку,Владивосток,Санкт-Петербург,20,0,36
2006-09-16,WEDU7000544,WEDU7000544_cycle_4,Отправлен_грузополучателю,Владивосток,Владивосток,20,2,22
2006-09-17,BUTU1300953,BUTU1300953_cycle_3,Прибыл_свободным,Владивосток,Владивосток,40,18,0
2006-09-17,BUTU2391445,BUTU2391445_cycle_5,Прибыл_груженый,Санкт-Петербург,Владивосток,20,3,18
2006-09-17,CRTU8128829,CRTU8128829_cycle_5,Прибыл_свободным,Москва,Москва,20,23,0
2006-09-17,ERKU8324044,ERKU8324044_cycle_5,Передан_на_погрузку,Владивосток,Санкт-Петербург,40,0,31
2006-09-17,KNYU3021654,KNYU3021654_cycle_6,Прибыл_по_ЖД,Москва,Москва,40,4,5
2006-09-17,STNU1402586,STNU1402586_cycle_5,Отправлен_по_ЖД,Владивосток,Москва,20,3,25
2006-09-17,STNU9845862,STNU9845862_cycle_4,Отправлен_по_ЖД,Санкт-Петербург,Москва,40,3,37
2006-09-17,WEDU5817433,WEDU5817433_cycle_5,Прибыл_груженый,Владивосток,Санкт-Петербург,20,21,36
2006-09-18,KNYU8798891,KNYU8798891_cycle_4,Прибыл_груженый,Санкт-Петербург,Владивосток,20,5,32
2006-09-18,STNU4510100,STNU4510100_cycle_5,Прибыл_по_ЖД,Владивосток,Владивосток,20,10,12
2006-09-18,TIMU3631350,TIMU3631350_cycle_4,Отправлен_по_ЖД,Санкт-Петербург,Москва,20,2,34
2006-09-18,TIMU6310893,TIMU6310893_cycle_6,Прибыл_груженый,Москва,Владивосток,40,10,21
2006-09-18,WEDU6876299,WEDU6876299_cycle_4,Прибыл_по_ЖД,Владивосток,Владивосток,20,14,2
2006-09-19,BUTU2391445,BUTU2391445_cycle_5,Отправлен_по_ЖД,Санкт-Петербург,Владивосток,20,2,16
2006-09-19,BUTU7001309,BUTU7001309_cycle_5,Прибыл_свободным,Санкт-Петербург,Санкт-Петербург,20,7,0
2006-09-19,ERKU5435191,ERKU5435191_cycle_4,Передан_на_погрузку,Москва,Санкт-Петербург,20,0,25
2006-09-19,KNYU3021654,KNYU3021654_cycle_6,Отправлен_грузополучателю,Москва,Москва,40,2,3
2006-09-19,KNYU3537798,KNYU3537798_cycle_4,Прибыл_свободным,Москва,Москва,20,13,0
2006-09-19,KNYU8798891,KNYU8798891_cycle_4,Отправлен_по_ЖД,Санкт-Петербург,Владивосток,20,1,31
2006-09-19,STNU9487869,STNU9487869_cycle_6,Передан_на_погрузку,Москва,Владивосток,40,0,33
2006-09-19,STNU9845862,STNU9845862_cycle_4,Прибыл_по_ЖД,Москва,Москва,40,2,35
2006-09-19,TIMU5293271,TIMU5293271_cycle_5,Передан_на_погрузку,Владивосток,Санкт-Петербург,20,0,54
2006-09-19,TOWU3611630,TOWU3611630_cycle_5,Прибыл_груженый,Москва,Санкт-Петербург,40,25,16
2006-09-19,TOWU5842316,TOWU5842316_cycle_6,Отправлен_грузополучателю,Владивосток,Владивосток,40,4,32
2006-09-19,TOWU8381849,TOWU8381849_cycle_4,Передан_на_погрузку,Москва,Санкт-Петербург,20,0,30
2006-09-19,WEDU2249581,WEDU2249581_cycle_5,Прибыл_по_ЖД,Владивосток,Владивосток,20,14,14
2006-09-19,WEDU5817433,WEDU5817433_cycle_5,Отправлен_по_ЖД,Владивосток,Санкт-Петербург,20,2,34
2006-09-19,WEDU7707795,WEDU7707795_cycle_5,Передан_на_погрузку,Санкт-Петербург,Москва,40,0,16
2006-09-20,CRTU2093770,CRTU2093770_cycle_4,Прибыл_свободным,Москва,Москва,40,11,0
2006-09-20,ERKU4123975,ERKU4123975_cycle_5,Передан_на_погрузку,Москва,Владивосток,40,0,24
2006-09-20,KNYU9683883,KNYU9683883_cycle_5,Прибыл_груженый,Москва,Санкт-Петербург,20,8,3
2006-09-20,KNYU9683883,KNYU9683883_cycle_5,Отправлен_по_ЖД,Москва,Санкт-Петербург,20,0,3
2006-09-20,STNU4510100,STNU4510100_cycle_5,Отправлен_грузополучателю,Владивосток,Владивосток,20,2,10
2006-09-20,STNU9767317,STNU9767317_cycle_4,Прибыл_груженый,Владивосток,Москва,20,18,33
2006-09-20,STNU9767317,STNU9767317_cycle_4,Отправлен_по_ЖД,Владивосток,Москва,20,0,33
2006-09-20,TIMU5165088,TIMU5165088_cycle_5,Передан_на_погрузку,Владивосток,Москва,40,0,44
2006-09-20,TIMU6310893,TIMU6310893_cycle_6,Отправлен_по_ЖД,Москва,Владивосток,40,2,19
2006-09-20,TIMU8887794,TIMU8887794_cycle_5,Передан_на_погрузку,Владивосток,Санкт-Петербург,20,0,60
2006-09-20,TOWU2940273,TOWU2940273_cycle_5,Прибыл_груженый,Москва,Владивосток,40,17,31
2006-09-20,WEDU6654977,WEDU6654977_cycle_4,Передан_на_погрузку,Москва,Санкт-Петербург,20,0,20
2006-09-20,WEDU6874585,WEDU6874585_cycle_4,Прибыл_груженый,Санкт-Петербург,Москва,20,21,30
2006-09-20,WEDU6876299,WEDU6876299_cycle_4,Отправлен_грузополучателю,Владивосток,Владивосток,20,2,0
2006-09-20,WEDU6876299,WEDU6876299_cycle_4,Прибыл_свободным,Владивосток,Владивосток,20,0,0
2006-09-21,BUTU4321000,BUTU4321000_cycle_5,Прибыл_свободным,Санкт-Петербург,Санкт-Петербург,40,9,0
2006-09-21,BUTU7130462,BUTU7130462_cycle_4,Передан_на_погрузку,Москва,Владивосток,20,0,23
2006-09-21,CRTU8114609,CRTU8114609_cycle_6,Передан_на_погрузку,Санкт-Петербург,Владивосток,20,0,43
2006-09-21,KNYU9683883,KNYU9683883_cycle_5,Прибыл_по_ЖД,Санкт-Петербург,Санкт-Петербург,20,1,2
2006-09-21,STNU2517447,STNU2517447_cycle_5,Прибыл_по_ЖД,Санкт-Петербург,Санкт-Петербург,40,14,21
2006-09-21,STNU4919514,STNU4919514_cycle_5,Прибыл_по_ЖД,Москва,Москва,40,15,0
2006-09-21,STNU4919514,STNU4919514_cycle_5,Отправлен_грузополучателю,Москва,Москва,40,0,0
2006-09-21,STNU4919514,STNU4919514_cycle_5,Прибыл_свободным,Москва,Москва,40,0,0
2006-09-21,STNU5088417,STNU5088417_cycle_4,Прибыл_свободным,Москва,Москва,40,32,0
2006-09-21,STNU9845862,STNU9845862_cycle_4,Отправлен_грузополучателю,Москва,Москва,40,2,33
2006-09-21,TOWU3611630,TOWU3611630_cycle_5,Отправлен_по_ЖД,Москва,Санкт-Петербург,40,2,14
2006-09-21,WEDU2249581,WEDU2249581_cycle_5,Отправлен_грузополучателю,Владивосток,Владивосток,20,2,12
2006-09-21,WEDU6874585,WEDU6874585_cycle_4,Отправлен_по_ЖД,Санкт-Петербург,Москва,20,1,29
2006-09-22,BUTU8729025,BUTU8729025_cycle_4,Прибыл_по_ЖД,Владивосток,Владивосток,40,19,33
2006-09-22,ERKU3123425,ERKU3123425_cycle_6,Передан_на_погрузку,Москва,Санкт-Петербург,20,0,48
2006-09-22,ERKU5435191,ERKU5435191_cycle_4,Прибыл_груженый,Москва,Санкт-Петербург,20,3,22
2006-09-22,KNYU3021654,KNYU3021654_cycle_6,Прибыл_свободным,Москва,Москва,40,3,0
2006-09-22,KNYU6806102,KNYU6806102_cycle_4,Прибыл_свободным,Москва,Москва,20,22,0
2006-09-22,STNU2517447,STNU2517447_cycle_5,Отправлен_грузополучателю,Санкт-Петербург,Санкт-Петербург,40,1,20
2006-09-22,TIMU1636645,TIMU1636645_cycle_5,Прибыл_груженый,Москва,Владивосток,20,6,29
2006-09-22,TIMU3631350,TIMU3631350_cycle_4,Прибыл_по_ЖД,Москва,Москва,20,4,30
2006-09-22,TOWU2940273,TOWU2940273_cycle_5,Отправлен_по_ЖД,Москва,Владивосток,40,2,29
2006-09-22,TOWU8161314,TOWU8161314_cycle_5,Прибыл_свободным,Владивосток,Владивосток,20,7,0
2006-09-23,BUTU8729025,BUTU8729025_cycle_4,Отправлен_грузополучателю,Владивосток,Владивосток,40,1,32
2006-09-23,ERKU3509749,ERKU3509749_cycle_4,Прибыл_свободным,Владивосток,Владивосток,20,30,0
2006-09-23,ERKU5435191,ERKU5435191_cycle_4,Отправлен_по_ЖД,Москва,Санкт-Петербург,20,1,21
2006-09-23,ERKU5435191,ERKU5435191_cycle_4,Прибыл_по_ЖД,Санкт-Петербург,Санкт-Петербург,20,0,21
2006-09-23,ERKU5797068,ERKU5797068_cycle_4,Прибыл_свободным,Санкт-Петербург,Санкт-Петербург,40,16,0
2006-09-23,ERKU5797068,ERKU5797068_cycle_5,Передан_на_погрузку,Санкт-Петербург,Москва,40,0,41
2006-09-23,ERKU8324044,ERKU8324044_cycle_5,Прибыл_груженый,Владивосток,Санкт-Петербург,40,6,25
2006-09-23,KNYU6970613,KNYU6970613_cycle_5,Прибыл_свободным,Москва,Москва,20,15,0
2006-09-23,KNYU6970613,KNYU6970613_cycle_6,Передан_на_погрузку,Москва,Владивосток,20,0,39
2006-09-23,KNYU9683883,KNYU9683883_cycle_5,Отправлен_грузополучателю,Санкт-Петербург,Санкт-Петербург,20,2,0
2006-09-23,KNYU9683883,KNYU9683883_cycle_5,Прибыл_свободным,Санкт-Петербург,Санкт-Петербург,20,0,0
2006-09-23,STNU1402586,STNU1402586_cycle_5,Прибыл_по_ЖД,Москва,Москва,20,6,19
2006-09-23,TIMU1636645,TIMU1636645_cycle_5,Отправлен_по_ЖД,Москва,Владивосток,20,1,28
2006-09-23,TIMU6180706,TIMU6180706_cycle_5,Передан_на_погрузку,Москва,Владивосток,40,0,24
2006-09-23,TOWU8351331,TOWU8351331_cycle_3,Прибыл_свободным,Владивосток,Владивосток,20,20,0
2006-09-24,ERKU8324044,ERKU8324044_cycle_5,Отправлен_по_ЖД,Владивосток,Санкт-Петербург,40,1,24
2006-09-24,KNYU9630138,KNYU9630138_cycle_4,Прибыл_свободным,Владивосток,Владивосток,20,8,0
2006-09-24,KNYU9630138,KNYU9630138_cycle_5,Передан_на_погрузку,Владивосток,Санкт-Петербург,20,0,69
2006-09-24,STNU2794431,STNU2794431_cycle_5,Прибыл_по_ЖД,Санкт-Петербург,Санкт-Петербург,20,10,3
2006-09-24,TIMU3631350,TIMU3631350_cycle_4,Отправлен_грузополучателю,Москва,Москва,20,2,28
2006-09-24,TIMU3656871,TIMU3656871_cycle_5,Передан_на_погрузку,Владивосток,Санкт-Петербург,20,0,30
2006-09-24,TIMU8250428,TIMU8250428_cycle_3,Прибыл_свободным,Москва,Москва,20,18,0
2006-09-24,TIMU8250428,TIMU8250428_cycle_4,Передан_на_погрузку,Москва,Санкт-Петербург,20,0,24
2006-09-24,WEDU6102098,WEDU6102098_cycle_4,Прибыл_груженый,Владивосток,Санкт-Петербург,20,8,28
2006-09-24,WEDU6102098,WEDU6102098_cycle_4,Отправлен_по_ЖД,Владивосток,Санкт-Петербург,20,0,28
2006-09-25,ERKU5435191,ERKU5435191_cycle_4,Отправлен_грузополучателю,Санкт-Петербург,Санкт-Петербург,20,2,19
2006-09-25,KNYU6970613,KNYU6970613_cycle_6,Прибыл_груженый,Москва,Владивосток,20,2,37
2006-09-25,STNU1402586,STNU1402586_cycle_5,Отправлен_грузополучателю,Москва,Москва,20,2,17
2006-09-25,STNU2356703,STNU2356703_cycle_4,Прибыл_по_ЖД,Санкт-Петербург,Санкт-Петербург,40,17,21
2006-09-25,WEDU6874585,WEDU6874585_cycle_4,Прибыл_по_ЖД,Москва,Москва,20,4,25
2006-09-26,BUTU7130462,BUTU7130462_cycle_4,Прибыл_груженый,Москва,Владивосток,20,5,18
2006-09-26,ERKU3112209,ERKU3112209_cycle_4,Прибыл_груженый,Москва,Владивосток,20,12,30
2006-09-26,KNYU1773354,KNYU1773354_cycle_4,Прибыл_по_ЖД,Владивосток,Владивосток,20,14,9
2006-09-26,KNYU1773354,KNYU1773354_cycle_4,Отправлен_грузополучателю,Владивосток,Владивосток,20,0,9
2006-09-26,STNU2794431,STNU2794431_cycle_5,Отправлен_грузополучателю,Санкт-Петербург,Санкт-Петербург,20,2,1
2006-09-26,STNU3092282,STNU3092282_cycle_5,Передан_на_погрузку,Москва,Санкт-Петербург,40,0,12
2006-09-26,STNU3092282,STNU3092282_cycle_5,Прибыл_груженый,Москва,Санкт-Петербург,40,0,12
2006-09-26,STNU9487869,STNU9487869_cycle_6,Прибыл_груженый,Москва,Владивосток,40,7,26
2006-09-26,TIMU3656871,TIMU3656871_cycle_5,Прибыл_груженый,Владивосток,Санкт-Петербург,20,2,28
2006-09-26,TIMU6180706,TIMU6180706_cycle_5,Прибыл_груженый,Москва,Владивосток,40,3,21
2006-09-26,TIMU6180706,TIMU6180706_cycle_5,Отправлен_по_ЖД,Москва,Владивосток,40,0,21
2006-09-26,TOWU2835826,TOWU2835826_cycle_4,Передан_на_погрузку,Москва,Санкт-Петербург,40,0,57
2006-09-26,TOWU6899546,TOWU6899546_cycle_4,Прибыл_свободным,Владивосток,Владивосток,20,24,0
2006-09-26,TOWU6899546,TOWU6899546_cycle_5,Передан_на_погрузку,Владивосток,Москва,20,0,38
2006-09-26,WEDU6874585,WEDU6874585_cycle_4,Отправлен_грузополучателю,Москва,Москва,20,1,24
2006-09-27,CRTU2093770,CRTU2093770_cycle_5,Передан_на_погрузку,Москва,Владивосток,40,0,47
2006-09-27,CRTU3557001,CRTU3557001_cycle_4,Прибыл_груженый,Санкт-Петербург,Владивосток,20,14,25
2006-09-27,ERKU8281105,ERKU8281105_cycle_5,Передан_на_погрузку,Владивосток,Санкт-Петербург,40,0,50
2006-09-27,KNYU6806102,KNYU6806102_cycle_5,Передан_на_погрузку,Москва,Владивосток,20,0,36
2006-09-27,KNYU6970613,KNYU6970613_cycle_6,Отправлен_по_ЖД,Москва,Владивосток,20,2,35
2006-09-27,STNU2356703,STNU2356703_cycle_4,Отправлен_грузополучателю,Санкт-Петербург,Санкт-Петербург,40,2,19
2006-09-27,STNU2794431,STNU2794431_cycle_5,Прибыл_свободным,Санкт-Петербург,Санкт-Петербург,20,1,0
2006-09-27,STNU6396019,STNU6396019_cycle_4,Прибыл_по_ЖД,Владивосток,Владивосток,40,11,15
2006-09-27,TIMU3656871,TIMU3656871_cycle_5,Отправлен_по_ЖД,Владивосток,Санкт-Петербург,20,1,27
2006-09-27,TIMU5165088,TIMU5165088_cycle_5,Прибыл_груженый,Владивосток,Москва,40,7,37
2006-09-27,WEDU8568487,WEDU8568487_cycle_6,Прибыл_груженый,Москва,Санкт-Петербург,40,12,23
2006-09-28,BUTU7130462,BUTU7130462_cycle_4,Отправлен_по_ЖД,Москва,Владивосток,20,2,16
2006-09-28,CRTU5834937,CRTU5834937_cycle_4,Прибыл_груженый,Владивосток,Санкт-Петербург,20,23,50
2006-09-28,CRTU8114609,CRTU8114609_cycle_6,Прибыл_груженый,Санкт-Петербург,Владивосток,20,7,36
2006-09-28,ERKU3112209,ERKU3112209_cycle_4,Отправлен_по_ЖД,Москва,Владивосток,20,2,28
2006-09-28,KNYU3335859,KNYU3335859_cycle_4,Прибыл_свободным,Москва,Москва,20,15,0
2006-09-28,KNYU3335859,KNYU3335859_cycle_5,Передан_на_погрузку,Москва,Владивосток,20,0,45
2006-09-28,KNYU5372067,KNYU5372067_cycle_6,Передан_на_погрузку,Москва,Санкт-Петербург,40,0,10
2006-09-28,STNU3092282,STNU3092282_cycle_5,Отправлен_по_ЖД,Москва,Санкт-Петербург,40,2,10
2006-09-28,STNU6396019,STNU6396019_cycle_4,Отправлен_грузополучателю,Владивосток,Владивосток,40,1,14
2006-09-28,STNU9487869,STNU9487869_cycle_6,Отправлен_по_ЖД,Москва,Владивосток,40,2,24
2006-09-28,TIMU3137493,TIMU3137493_cycle_4,Передан_на_погрузку,Владивосток,Санкт-Петербург,40,0,59
2006-09-28,TIMU5165088,TIMU5165088_cycle_5,Отправлен_по_ЖД,Владивосток,Москва,40,1,36
2006-09-28,TIMU8250428,TIMU8250428_cycle_4,Прибыл_груженый,Москва,Санкт-Петербург,20,4,20
2006-09-28,TOWU3611630,TOWU3611630_cycle_5,Прибыл_по_ЖД,Санкт-Петербург,Санкт-Петербург,40,7,7
2006-09-28,WEDU2383938,WEDU2383938_cycle_5,Передан_на_погрузку,Москва,Владивосток,20,0,25
2006-09-28,WEDU6654977,WEDU6654977_cycle_4,Прибыл_груженый,Москва,Санкт-Петербург,20,8,12
2006-09-28,WEDU9910122,WEDU9910122_cycle_5,Прибыл_груженый,Владивосток,Санкт-Петербург,40,16,53
2006-09-28,WEDU9910122,WEDU9910122_cycle_5,Отправлен_по_ЖД,Владивосток,Санкт-Петербург,40,0,53
2006-09-29,CRTU2183954,CRTU2183954_cycle_4,Прибыл_по_ЖД,Владивосток,Владивосток,40,16,0
2006-09-29,CRTU2183954,CRTU2183954_cycle_4,Отправлен_грузополучателю,Владивосток,Владивосток,40,0,0
2006-09-29,CRTU2183954,CRTU2183954_cycle_4,Прибыл_свободным,Владивосток,Владивосток,40,0,0
2006-09-29,KNYU4619290,KNYU4619290_cycle_5,Прибыл_груженый,Москва,Санкт-Петербург,40,14,18
2006-09-29,KNYU5786200,KNYU5786200_cycle_5,Передан_на_погрузку,Владивосток,Санкт-Петербург,20,0,44
2006-09-29,KNYU8173059,KNYU8173059_cycle_5,Прибыл_по_ЖД,Владивосток,Владивосток,20,19,0
2006-09-29,KNYU8173059,KNYU8173059_cycle_5,Отправлен_грузополучателю,Владивосток,Владивосток,20,0,0
2006-09-29,KNYU8173059,KNYU8173059_cycle_5,Прибыл_свободным,Владивосток,Владивосток,20,0,0
2006-09-29,TIMU9543550,TIMU9543550_cycle_5,Прибыл_по_ЖД,Владивосток,Владивосток,40,13,9
2006-09-29,TOWU2984334,TOWU2984334_cycle_6,Передан_на_погрузку,Москва,Санкт-Петербург,40,0,12
2006-09-29,WEDU2383938,WEDU2383938_cycle_5,Прибыл_груженый,Москва,Владивосток,20,1,24
2006-09-30,BUTU7001309,BUTU7001309_cycle_6,Передан_на_погрузку,Санкт-Петербург,Владивосток,20,0,44
2006-09-30,CRTU3557001,CRTU3557001_cycle_4,Отправлен_по_ЖД,Санкт-Петербург,Владивосток,20,3,22
2006-09-30,CRTU8114609,CRTU8114609_cycle_6,Отправлен_по_ЖД,Санкт-Петербург,Владивосток,20,2,34
2006-09-30,ERKU7945290,ERKU7945290_cycle_5,Прибыл_свободным,Москва,Москва,20,15,0
2006-09-30,ERKU7945290,ERKU7945290_cycle_6,Передан_на_погрузку,Москва,Владивосток,20,0,27
2006-09-30,STNU3092282,STNU3092282_cycle_5,Прибыл_по_ЖД,Санкт-Петербург,Санкт-Петербург,40,2,8
2006-09-30,STNU4510100,STNU4510100_cycle_5,Прибыл_свободным,Владивосток,Владивосток,20,10,0
2006-09-30,TIMU5293271,TIMU5293271_cycle_5,Прибыл_груженый,Владивосток,Санкт-Петербург,20,11,43
2006-09-30,TIMU8250428,TIMU8250428_cycle_4,Отправлен_по_ЖД,Москва,Санкт-Петербург,20,2,18
2006-09-30,TIMU9543550,TIMU9543550_cycle_5,Отправлен_грузополучателю,Владивосток,Владивосток,40,1,8
2006-09-30,TOWU3611630,TOWU3611630_cycle_5,Отправлен_грузополучателю,Санкт-Петербург,Санкт-Петербург,40,2,5
2006-09-30,TOWU7808384,TOWU7808384_cycle_3,Прибыл_свободным,Санкт-Петербург,Санкт-Петербург,40,28,0
2006-09-30,WEDU2383938,WEDU2383938_cycle_5,Отправлен_по_ЖД,Москва,Владивосток,20,1,23
2006-09-30,WEDU5817433,WEDU5817433_cycle_5,Прибыл_по_ЖД,Санкт-Петербург,Санкт-Петербург,20,11,23
2006-09-30,WEDU8568487,WEDU8568487_cycle_6,Отправлен_по_ЖД,Москва,Санкт-Петербург,40,3,20
2006-10-01,CRTU5834937,CRTU5834937_cycle_4,Отправлен_по_ЖД,Владивосток,Санкт-Петербург,20,3,47
2006-10-01,ERKU3123425,ERKU3123425_cycle_6,Прибыл_груженый,Москва,Санкт-Петербург,20,9,39
2006-10-01,KNYU4619290,KNYU4619290_cycle_5,Отправлен_по_ЖД,Москва,Санкт-Петербург,40,2,16
2006-10-01,KNYU7944727,KNYU7944727_cycle_6,Прибыл_груженый,Москва,Санкт-Петербург,20,15,31
2006-10-01,KNYU9683883,KNYU9683883_cycle_6,Передан_на_погрузку,Санкт-Петербург,Москва,20,0,19
2006-10-01,STNU3092282,STNU3092282_cycle_5,Отправлен_грузополучателю,Санкт-Петербург,Санкт-Петербург,40,1,7
2006-10-01,STNU9767317,STNU9767317_cycle_4,Прибыл_по_ЖД,Москва,Москва,20,11,22
2006-10-01,STNU9767317,STNU9767317_cycle_4,Отправлен_грузополучателю,Москва,Москва,20,0,22
2006-10-01,WEDU5817433,WEDU5817433_cycle_5,Отправлен_грузополучателю,Санкт-Петербург,Санкт-Петербург,20,1,22
2006-10-01,WEDU6654977,WEDU6654977_cycle_4,Отправлен_по_ЖД,Москва,Санкт-Петербург,20,3,9
2006-10-01,WEDU6654977,WEDU6654977_cycle_4,Прибыл_по_ЖД,Санкт-Петербург,Санкт-Петербург,20,0,9
2006-10-02,CRTU2093770,CRTU2093770_cycle_5,Прибыл_груженый,Москва,Владивосток,40,5,42
2006-10-02,CRTU2093770,CRTU2093770_cycle_5,Отправлен_по_ЖД,Москва,Владивосток,40,0,42
2006-10-02,CRTU6264170,CRTU6264170_cycle_6,Прибыл_по_ЖД,Владивосток,Владивосток,40,20,32
2006-10-02,ERKU3123425,ERKU3123425_cycle_6,Отправлен_по_ЖД,Москва,Санкт-Петербург,20,1,38
2006-10-02,ERKU3123425,ERKU3123425_cycle_6,Прибыл_по_ЖД,Санкт-Петербург,Санкт-Петербург,20,0,38
2006-10-02,TIMU5293271,TIMU5293271_cycle_5,Отправлен_по_ЖД,Владивосток,Санкт-Петербург,20,2,41
2006-10-02,TIMU8250428,TIMU8250428_cycle_4,Прибыл_по_ЖД,Санкт-Петербург,Санкт-Петербург,20,2,16
2006-10-02,WEDU7707795,WEDU7707795_cycle_5,Прибыл_груженый,Санкт-Петербург,Москва,40,13,3
2006-10-03,BUTU2391445,BUTU2391445_cycle_5,Прибыл_по_ЖД,Владивосток,Владивосток,20,14,2
2006-10-03,CRTU1715325,CRTU1715325_cycle_6,Передан_на_погрузку,Владивосток,Москва,40,0,55
2006-10-03,ERKU4123975,ERKU4123975_cycle_5,Прибыл_груженый,Москва,Владивосток,40,13,11
2006-10-03,TIMU6310893,TIMU6310893_cycle_6,Прибыл_по_ЖД,Владивосток,Владивосток,40,13,6
2006-10-03,WEDU2249581,WEDU2249581_cycle_5,Прибыл_свободным,Владивосток,Владивосток,20,12,0
2006-10-03,WEDU2383938,WEDU2383938_cycle_5,Прибыл_по_ЖД,Владивосток,Владивосток,20,3,20
2006-10-03,WEDU6654977,WEDU6654977_cycle_4,Отправлен_грузополучателю,Санкт-Петербург,Санкт-Петербург,20,2,7
2006-10-03,WEDU7707795,WEDU7707795_cycle_5,Отправлен_по_ЖД,Санкт-Петербург,Москва,40,1,2
2006-10-03,WEDU7707795,WEDU7707795_cycle_5,Прибыл_по_ЖД,Москва,Москва,40,0,2
2006-10-04,CRTU3557936,CRTU3557936_cycle_6,Прибыл_груженый,Санкт-Петербург,Владивосток,20,22,32
2006-10-04,CRTU6264170,CRTU6264170_cycle_6,Отправлен_грузополучателю,Владивосток,Владивосток,40,2,30
2006-10-04,ERKU3123425,ERKU3123425_cycle_6,Отправлен_грузополучателю,Санкт-Петербург,Санкт-Петербург,20,2,36
2006-10-04,ERKU4123975,ERKU4123975_cycle_5,Отправлен_по_ЖД,Москва,Владивосток,40,1,10
2006-10-04,KNYU4619290,KNYU4619290_cycle_5,Прибыл_по_ЖД,Санкт-Петербург,Санкт-Петербург,40,3,13
2006-10-04,KNYU5372067,KNYU5372067_cycle_6,Прибыл_груженый,Москва,Санкт-Петербург,40,6,4
2006-10-04,KNYU7944727,KNYU7944727_cycle_6,Отправлен_по_ЖД,Москва,Санкт-Петербург,20,3,28
2006-10-04,KNYU8798891,KNYU8798891_cycle_4,Прибыл_по_ЖД,Владивосток,Владивосток,20,15,16
2006-10-04,KNYU9683883,KNYU9683883_cycle_6,Прибыл_груженый,Санкт-Петербург,Москва,20,3,16
2006-10-04,TIMU8250428,TIMU8250428_cycle_4,Отправлен_грузополучателю,Санкт-Петербург,Санкт-Петербург,20,2,14
2006-10-05,BUTU1300953,BUTU1300953_cycle_4,Передан_на_погрузку,Владивосток,Москва,40,0,35
2006-10-05,BUTU2391445,BUTU2391445_cycle_5,Отправлен_грузополучателю,Владивосток,Владивосток,20,2,0
2006-10-05,BUTU2391445,BUTU2391445_cycle_5,Прибыл_свободным,Владивосток,Владивосток,20,0,0
2006-10-05,BUTU7130462,BUTU7130462_cycle_4,Прибыл_по_ЖД,Владивосток,Владивосток,20,7,9
2006-10-05,CRTU1167966,CRTU1167966_cycle_4,Прибыл_свободным,Владивосток,Владивосток,40,27,0
2006-10-05,CRTU3557936,CRTU3557936_cycle_6,Отправлен_по_ЖД,Санкт-Петербург,Владивосток,20,1,31
2006-10-05,KNYU1773354,KNYU1773354_cycle_4,Прибыл_свободным,Владивосток,Владивосток,20,9,0
2006-10-05,KNYU7944727,KNYU7944727_cycle_6,Прибыл_по_ЖД,Санкт-Петербург,Санкт-Петербург,20,1,27
2006-10-05,KNYU8798891,KNYU8798891_cycle_4,Отправлен_грузополучателю,Владивосток,Владивосток,20,1,15
2006-10-05,KNYU9630138,KNYU9630138_cycle_5,Прибыл_груженый,Владивосток,Санкт-Петербург,20,11,58
2006-10-05,TIMU6310893,TIMU6310893_cycle_6,Отправлен_грузополучателю,Владивосток,Владивосток,40,2,4
2006-10-05,TOWU2940273,TOWU2940273_cycle_5,Прибыл_по_ЖД,Владивосток,Владивосток,40,13,16
2006-10-05,TOWU3611630,TOWU3611630_cycle_5,Прибыл_свободным,Санкт-Петербург,Санкт-Петербург,40,5,0
2006-10-05,TOWU5892461,TOWU5892461_cycle_4,Прибыл_свободным,Владивосток,Владивосток,40,33,0
2006-10-05,TOWU6899546,TOWU6899546_cycle_5,Прибыл_груженый,Владивосток,Москва,20,9,29
2006-10-05,WEDU2383938,WEDU2383938_cycle_5,Отправлен_грузополучателю,Владивосток,Владивосток,20,2,18
2006-10-05,WEDU7707795,WEDU7707795_cycle_5,Отправлен_грузополучателю,Москва,Москва,40,2,0
2006-10-05,WEDU7707795,WEDU7707795_cycle_5,Прибыл_свободным,Москва,Москва,40,0,0
2006-10-05,WEDU8568487,WEDU8568487_cycle_6,Прибыл_по_ЖД,Санкт-Петербург,Санкт-Петербург,40,5,15
2006-10-06,KNYU1824938,KNYU1824938_cycle_7,Передан_на_погрузку,Санкт-Петербург,Владивосток,20,0,36
2006-10-06,KNYU4619290,KNYU4619290_cycle_5,Отправлен_грузополучателю,Санкт-Петербург,Санкт-Петербург,40,2,11
2006-10-06,KNYU5372067,KNYU5372067_cycle_6,Отправлен_по_ЖД,Москва,Санкт-Петербург,40,2,2
2006-10-06,KNYU5372067,KNYU5372067_cycle_6,Прибыл_по_ЖД,Санкт-Петербург,Санкт-Петербург,40,0,2
2006-10-06,KNYU5372067,KNYU5372067_cycle_6,Отправлен_грузополучателю,Санкт-Петербург,Санкт-Петербург,40,0,2
2006-10-06,KNYU9683883,KNYU9683883_cycle_6,Отправлен_по_ЖД,Санкт-Петербург,Москва,20,2,14
2006-10-06,KNYU9683883,KNYU9683883_cycle_6,Прибыл_по_ЖД,Москва,Москва,20,0,14
2006-10-06,KNYU9683883,KNYU9683883_cycle_6,Отправлен_грузополучателю,Москва,Москва,20,0,14
2006-10-06,TIMU1636645,TIMU1636645_cycle_5,Прибыл_по_ЖД,Владивосток,Владивосток,20,13,15
2006-10-06,TOWU2940273,TOWU2940273_cycle_5,Отправлен_грузополучателю,Владивосток,Владивосток,40,1,15
2006-10-06,TOWU2984334,TOWU2984334_cycle_6,Прибыл_груженый,Москва,Санкт-Петербург,40,7,5
2006-10-06,WEDU6876299,WEDU6876299_cycle_5,Передан_на_погрузку,Владивосток,Санкт-Петербург,20,0,35
2006-10-07,BUTU7130462,BUTU7130462_cycle_4,Отправлен_грузополучателю,Владивосток,Владивосток,20,2,7
2006-10-07,CRTU8114609,CRTU8114609_cycle_6,Прибыл_по_ЖД,Владивосток,Владивосток,20,7,27
2006-10-07,KNYU9630138,KNYU9630138_cycle_5,Отправлен_по_ЖД,Владивосток,Санкт-Петербург,20,2,56
2006-10-07,TOWU2984334,TOWU2984334_cycle_6,Отправлен_по_ЖД,Москва,Санкт-Петербург,40,1,4
2006-10-07,TOWU2984334,TOWU2984334_cycle_6,Прибыл_по_ЖД,Санкт-Петербург,Санкт-Петербург,40,0,4
2006-10-07,TOWU2984334,TOWU2984334_cycle_6,Отправлен_грузополучателю,Санкт-Петербург,Санкт-Петербург,40,0,4
2006-10-07,WEDU6102098,WEDU6102098_cycle_4,Прибыл_по_ЖД,Санкт-Петербург,Санкт-Петербург,20,13,15
2006-10-08,ERKU3112209,ERKU3112209_cycle_4,Прибыл_по_ЖД,Владивосток,Владивосток,20,10,18
2006-10-08,ERKU8324044,ERKU8324044_cycle_5,Прибыл_по_ЖД,Санкт-Петербург,Санкт-Петербург,40,14,10
2006-10-08,KNYU5372067,KNYU5372067_cycle_6,Прибыл_свободным,Санкт-Петербург,Санкт-Петербург,40,2,0
2006-10-08,KNYU7944727,KNYU7944727_cycle_6,Отправлен_грузополучателю,Санкт-Петербург,Санкт-Петербург,20,3,24
2006-10-08,KNYU8173059,KNYU8173059_cycle_6,Передан_на_погрузку,Владивосток,Москва,20,0,26
2006-10-08,STNU3092282,STNU3092282_cycle_5,Прибыл_свободным,Санкт-Петербург,Санкт-Петербург,40,7,0
2006-10-08,STNU9487869,STNU9487869_cycle_6,Прибыл_по_ЖД,Владивосток,Владивосток,40,10,14
2006-10-08,TIMU1636645,TIMU1636645_cycle_5,Отправлен_грузополучателю,Владивосток,Владивосток,20,2,13
2006-10-08,TIMU6180706,TIMU6180706_cycle_5,Прибыл_по_ЖД,Владивосток,Владивосток,40,12,9
2006-10-08,TIMU9543550,TIMU9543550_cycle_5,Прибыл_свободным,Владивосток,Владивосток,40,8,0
2006-10-08,TOWU6899546,TOWU6899546_cycle_5,Отправлен_по_ЖД,Владивосток,Москва,20,3,26
2006-10-08,TOWU9896330,TOWU9896330_cycle_5,Передан_на_погрузку,Москва,Владивосток,40,0,48
2006-10-08,WEDU6102098,WEDU6102098_cycle_4,Отправлен_грузополучателю,Санкт-Петербург,Санкт-Петербург,20,1,14
2006-10-08,WEDU7000544,WEDU7000544_cycle_4,Прибыл_свободным,Владивосток,Владивосток,20,22,0
2006-10-08,WEDU8568487,WEDU8568487_cycle_6,Отправлен_грузополучателю,Санкт-Петербург,Санкт-Петербург,40,3,12
2006-10-09,CRTU8128829,CRTU8128829_cycle_6,Передан_на_погрузку,Москва,Владивосток,20,0,26
2006-10-09,KNYU6970613,KNYU6970613_cycle_6,Прибыл_по_ЖД,Владивосток,Владивосток,20,12,23
2006-10-09,STNU9487869,STNU9487869_cycle_6,Отправлен_грузополучателю,Владивосток,Владивосток,40,1,13
2006-10-09,TIMU3137493,TIMU3137493_cycle_4,Прибыл_груженый,Владивосток,Санкт-Петербург,40,11,48
2006-10-09,TIMU6180706,TIMU6180706_cycle_5,Отправлен_грузополучателю,Владивосток,Владивосток,40,1,8
2006-10-09,TIMU6310893,TIMU6310893_cycle_6,Прибыл_свободным,Владивосток,Владивосток,40,4,0
2006-10-10,CRTU8114609,CRTU8114609_cycle_6,Отправлен_грузополучателю,Владивосток,Владивосток,20,3,24
2006-10-10,ERKU3112209,ERKU3112209_cycle_4,Отправлен_грузополучателю,Владивосток,Владивосток,20,2,16
2006-10-10,ERKU7945290,ERKU7945290_cycle_6,Прибыл_груженый,Москва,Владивосток,20,10,17
2006-10-10,ERKU8324044,ERKU8324044_cycle_5,Отправлен_грузополучателю,Санкт-Петербург,Санкт-Петербург,40,2,8
2006-10-10,TIMU3137493,TIMU3137493_cycle_4,Отправлен_по_ЖД,Владивосток,Санкт-Петербург,40,1,47
2006-10-10,TOWU8381849,TOWU8381849_cycle_4,Прибыл_груженый,Москва,Санкт-Петербург,20,21,9
2006-10-10,TOWU9892746,TOWU9892746_cycle_5,Прибыл_свободным,Санкт-Петербург,Санкт-Петербург,40,30,0
2006-10-10,TOWU9892746,TOWU9892746_cycle_6,Передан_на_погрузку,Санкт-Петербург,Владивосток,40,0,36
2006-10-10,WEDU6654977,WEDU6654977_cycle_4,Прибыл_свободным,Санкт-Петербург,Санкт-Петербург,20,7,0
2006-10-11,CRTU8128829,CRTU8128829_cycle_6,Прибыл_груженый,Москва,Владивосток,20,2,24
2006-10-11,KNYU5786200,KNYU5786200_cycle_5,Прибыл_груженый,Владивосток,Санкт-Петербург,20,12,32
2006-10-11,KNYU6806102,KNYU6806102_cycle_5,Прибыл_груженый,Москва,Владивосток,20,14,22
2006-10-11,KNYU6970613,KNYU6970613_cycle_6,Отправлен_грузополучателю,Владивосток,Владивосток,20,2,21
2006-10-11,TIMU8010374,TIMU8010374_cycle_5,Передан_на_погрузку,Санкт-Петербург,Владивосток,20,0,64
2006-10-11,TOWU2984334,TOWU2984334_cycle_6,Прибыл_свободным,Санкт-Петербург,Санкт-Петербург,40,4,0
2006-10-11,TOWU8381849,TOWU8381849_cycle_4,Отправлен_по_ЖД,Москва,Санкт-Петербург,20,1,8
2006-10-12,ERKU4123975,ERKU4123975_cycle_5,Прибыл_по_ЖД,Владивосток,Владивосток,40,8,2
2006-10-12,KNYU3335859,KNYU3335859_cycle_5,Прибыл_груженый,Москва,Владивосток,20,14,31
2006-10-12,KNYU5786200,KNYU5786200_cycle_5,Отправлен_по_ЖД,Владивосток,Санкт-Петербург,20,1,31
2006-10-12,STNU1402586,STNU1402586_cycle_5,Прибыл_свободным,Москва,Москва,20,17,0
2006-10-12,STNU2517447,STNU2517447_cycle_5,Прибыл_свободным,Санкт-Петербург,Санкт-Петербург,40,20,0
2006-10-12,STNU2517447,STNU2517447_cycle_6,Передан_на_погрузку,Санкт-Петербург,Владивосток,40,0,47
2006-10-12,STNU6396019,STNU6396019_cycle_4,Прибыл_свободным,Владивосток,Владивосток,40,14,0
2006-10-12,TIMU3656871,TIMU3656871_cycle_5,Прибыл_по_ЖД,Санкт-Петербург,Санкт-Петербург,20,15,12
2006-10-12,TIMU8887794,TIMU8887794_cycle_5,Прибыл_груженый,Владивосток,Санкт-Петербург,20,22,38
2006-10-12,TOWU8381849,TOWU8381849_cycle_4,Прибыл_по_ЖД,Санкт-Петербург,Санкт-Петербург,20,1,7
2006-10-13,CRTU8128829,CRTU8128829_cycle_6,Отправлен_по_ЖД,Москва,Владивосток,20,2,22
2006-10-13,KNYU3335859,KNYU3335859_cycle_5,Отправлен_по_ЖД,Москва,Владивосток,20,1,30
2006-10-13,KNYU6806102,KNYU6806102_cycle_5,Отправлен_по_ЖД,Москва,Владивосток,20,2,20
2006-10-13,TIMU3656871,TIMU3656871_cycle_5,Отправлен_грузополучателю,Санкт-Петербург,Санкт-Петербург,20,1,11
2006-10-13,TIMU8887794,TIMU8887794_cycle_5,Отправлен_по_ЖД,Владивосток,Санкт-Петербург,20,1,37
2006-10-13,TOWU8381849,TOWU8381849_cycle_4,Отправлен_грузополучателю,Санкт-Петербург,Санкт-Петербург,20,1,6
2006-10-13,WEDU6876299,WEDU6876299_cycle_5,Прибыл_груженый,Владивосток,Санкт-Петербург,20,7,28
2006-10-14,BUTU7130462,BUTU7130462_cycle_4,Прибыл_свободным,Владивосток,Владивосток,20,7,0
2006-10-14,BUTU9513169,BUTU9513169_cycle_6,Передан_на_погрузку,Санкт-Петербург,Владивосток,40,0,40
2006-10-14,CRTU1715325,CRTU1715325_cycle_6,Прибыл_груженый,Владивосток,Москва,40,11,44
2006-10-14,ERKU3509749,ERKU3509749_cycle_5,Передан_на_погрузку,Владивосток,Санкт-Петербург,20,0,31
2006-10-14,ERKU4123975,ERKU4123975_cycle_5,Отправлен_грузополучателю,Владивосток,Владивосток,40,2,0
2006-10-14,ERKU4123975,ERKU4123975_cycle_5,Прибыл_свободным,Владивосток,Владивосток,40,0,0
2006-10-14,ERKU5435191,ERKU5435191_cycle_4,Прибыл_свободным,Санкт-Петербург,Санкт-Петербург,20,19,0
2006-10-14,ERKU7945290,ERKU7945290_cycle_6,Отправлен_по_ЖД,Москва,Владивосток,20,4,13
2006-10-14,STNU6396019,STNU6396019_cycle_5,Передан_на_погрузку,Владивосток,Москва,40,0,52
2006-10-14,TIMU5165088,TIMU5165088_cycle_5,Прибыл_по_ЖД,Москва,Москва,40,16,20
2006-10-14,TIMU5165088,TIMU5165088_cycle_5,Отправлен_грузополучателю,Москва,Москва,40,0,20
2006-10-15,CRTU1715325,CRTU1715325_cycle_6,Отправлен_по_ЖД,Владивосток,Москва,40,1,43
2006-10-15,CRTU3557936,CRTU3557936_cycle_6,Прибыл_по_ЖД,Владивосток,Владивосток,20,10,21
2006-10-15,ERKU5797068,ERKU5797068_cycle_5,Прибыл_груженый,Санкт-Петербург,Москва,40,22,19
2006-10-15,STNU5088417,STNU5088417_cycle_5,Передан_на_погрузку,Москва,Владивосток,40,0,31
2006-10-15,TIMU9543550,TIMU9543550_cycle_6,Передан_на_погрузку,Владивосток,Санкт-Петербург,40,0,30
2006-10-15,WEDU6876299,WEDU6876299_cycle_5,Отправлен_по_ЖД,Владивосток,Санкт-Петербург,20,2,26
2006-10-16,BUTU1300953,BUTU1300953_cycle_4,Прибыл_груженый,Владивосток,Москва,40,11,24
2006-10-16,BUTU1300953,BUTU1300953_cycle_4,Отправлен_по_ЖД,Владивосток,Москва,40,0,24
2006-10-16,BUTU7001309,BUTU7001309_cycle_6,Прибыл_груженый,Санкт-Петербург,Владивосток,20,16,28
2006-10-16,ERKU5797068,ERKU5797068_cycle_5,Отправлен_по_ЖД,Санкт-Петербург,Москва,40,1,18
2006-10-16,ERKU8281105,ERKU8281105_cycle_5,Прибыл_груженый,Владивосток,Санкт-Петербург,40,19,31
2006-10-16,KNYU8173059,KNYU8173059_cycle_6,Прибыл_груженый,Владивосток,Москва,20,8,18
2006-10-16,STNU2356703,STNU2356703_cycle_4,Прибыл_свободным,Санкт-Петербург,Санкт-Петербург,40,19,0
2006-10-16,TOWU6899546,TOWU6899546_cycle_5,Прибыл_по_ЖД,Москва,Москва,20,8,18
2006-10-16,TOWU9892746,TOWU9892746_cycle_6,Прибыл_груженый,Санкт-Петербург,Владивосток,40,6,30
2006-10-17,CRTU3557001,CRTU3557001_cycle_4,Прибыл_по_ЖД,Владивосток,Владивосток,20,17,5
2006-10-17,CRTU3557936,CRTU3557936_cycle_6,Отправлен_грузополучателю,Владивосток,Владивосток,20,2,19
2006-10-17,KNYU4619290,KNYU4619290_cycle_5,Прибыл_свободным,Санкт-Петербург,Санкт-Петербург,40,11,0
2006-10-17,TIMU6180706,TIMU6180706_cycle_5,Прибыл_свободным,Владивосток,Владивосток,40,8,0
2006-10-17,TOWU2835826,TOWU2835826_cycle_4,Прибыл_груженый,Москва,Санкт-Петербург,40,21,36
2006-10-17,TOWU6899546,TOWU6899546_cycle_5,Отправлен_грузополучателю,Москва,Москва,20,1,17
2006-10-17,TOWU9892746,TOWU9892746_cycle_6,Отправлен_по_ЖД,Санкт-Петербург,Владивосток,40,1,29
2006-10-17,WEDU2249581,WEDU2249581_cycle_6,Передан_на_погрузку,Владивосток,Санкт-Петербург,20,0,47
2006-10-18,BUTU7001309,BUTU7001309_cycle_6,Отправлен_по_ЖД,Санкт-Петербург,Владивосток,20,2,26
2006-10-18,CRTU2093770,CRTU2093770_cycle_5,Прибыл_по_ЖД,Владивосток,Владивосток,40,16,26
2006-10-18,CRTU5834937,CRTU5834937_cycle_4,Прибыл_по_ЖД,Санкт-Петербург,Санкт-Петербург,20,17,30
2006-10-18,ERKU5797068,ERKU5797068_cycle_5,Прибыл_по_ЖД,Москва,Москва,40,2,16
2006-10-18,ERKU8281105,ERKU8281105_cycle_5,Отправлен_по_ЖД,Владивосток,Санкт-Петербург,40,2,29
2006-10-18,ERKU8324044,ERKU8324044_cycle_5,Прибыл_свободным,Санкт-Петербург,Санкт-Петербург,40,8,0
2006-10-18,KNYU8173059,KNYU8173059_cycle_6,Отправлен_по_ЖД,Владивосток,Москва,20,2,16
2006-10-18,TIMU5293271,TIMU5293271_cycle_5,Прибыл_по_ЖД,Санкт-Петербург,Санкт-Петербург,20,16,25
2006-10-18,TIMU8250428,TIMU8250428_cycle_4,Прибыл_свободным,Санкт-Петербург,Санкт-Петербург,20,14,0
2006-10-18,TOWU2835826,TOWU2835826_cycle_4,Отправлен_по_ЖД,Москва,Санкт-Петербург,40,1,35
2006-10-18,TOWU9896330,TOWU9896330_cycle_5,Прибыл_груженый,Москва,Владивосток,40,10,38
2006-10-19,CRTU3557001,CRTU3557001_cycle_4,Отправлен_грузополучателю,Владивосток,Владивосток,20,2,3
2006-10-19,CRTU5834937,CRTU5834937_cycle_4,Отправлен_грузополучателю,Санкт-Петербург,Санкт-Петербург,20,1,29
2006-10-19,KNYU1033833,KNYU1033833_cycle_5,Передан_на_погрузку,Москва,Владивосток,40,0,27
2006-10-19,KNYU1437543,KNYU1437543_cycle_5,Передан_на_погрузку,Санкт-Петербург,Москва,20,0,16
2006-10-19,TOWU3611630,TOWU3611630_cycle_6,Передан_на_погрузку,Санкт-Петербург,Владивосток,40,0,43
2006-10-19,TOWU8381849,TOWU8381849_cycle_4,Прибыл_свободным,Санкт-Петербург,Санкт-Петербург,20,6,0
2006-10-19,TOWU8381849,TOWU8381849_cycle_5,Передан_на_погрузку,Санкт-Петербург,Владивосток,20,0,56
2006-10-19,WEDU4651205,WEDU4651205_cycle_6,Передан_на_погрузку,Санкт-Петербург,Москва,20,0,12
2006-10-20,CRTU2093770,CRTU2093770_cycle_5,Отправлен_грузополучателю,Владивосток,Владивосток,40,2,24
2006-10-20,KNYU3021654,KNYU3021654_cycle_7,Передан_на_погрузку,Москва,Санкт-Петербург,40,0,20
2006-10-20,KNYU8798891,KNYU8798891_cycle_4,Прибыл_свободным,Владивосток,Владивосток,20,15,0
2006-10-20,KNYU8798891,KNYU8798891_cycle_5,Передан_на_погрузку,Владивосток,Москва,20,0,31
2006-10-20,KNYU9683883,KNYU9683883_cycle_6,Прибыл_свободным,Москва,Москва,20,14,0
2006-10-20,TIMU8061928,TIMU8061928_cycle_5,Передан_на_погрузку,Санкт-Петербург,Москва,20,0,44
2006-10-20,TOWU2835826,TOWU2835826_cycle_4,Прибыл_по_ЖД,Санкт-Петербург,Санкт-Петербург,40,2,33
2006-10-20,WEDU6874585,WEDU6874585_cycle_4,Прибыл_свободным,Москва,Москва,20,24,0
2006-10-20,WEDU8568487,WEDU8568487_cycle_6,Прибыл_свободным,Санкт-Петербург,Санкт-Петербург,40,12,0
2006-10-20,WEDU8568487,WEDU8568487_cycle_7,Передан_на_погрузку,Санкт-Петербург,Москва,40,0,17
2006-10-20,WEDU9910122,WEDU9910122_cycle_5,Прибыл_по_ЖД,Санкт-Петербург,Санкт-Петербург,40,22,31
2006-10-20,WEDU9910122,WEDU9910122_cycle_5,Отправлен_грузополучателю,Санкт-Петербург,Санкт-Петербург,40,0,31
2006-10-21,KNYU4619290,KNYU4619290_cycle_6,Передан_на_погрузку,Санкт-Петербург,Москва,40,0,26
2006-10-21,TIMU1636645,TIMU1636645_cycle_5,Прибыл_свободным,Владивосток,Владивосток,20,13,0
2006-10-21,TIMU5293271,TIMU5293271_cycle_5,Отправлен_грузополучателю,Санкт-Петербург,Санкт-Петербург,20,3,22
2006-10-21,TOWU2940273,TOWU2940273_cycle_5,Прибыл_свободным,Владивосток,Владивосток,40,15,0
2006-10-21,TOWU2940273,TOWU2940273_cycle_6,Передан_на_погрузку,Владивосток,Санкт-Петербург,40,0,63
2006-10-21,TOWU5842316,TOWU5842316_cycle_6,Прибыл_свободным,Владивосток,Владивосток,40,32,0
2006-10-21,TOWU7931879,TOWU7931879_cycle_5,Передан_на_погрузку,Санкт-Петербург,Москва,40,0,30
2006-10-21,TOWU9896330,TOWU9896330_cycle_5,Отправлен_по_ЖД,Москва,Владивосток,40,3,35
2006-10-21,WEDU8568487,WEDU8568487_cycle_7,Прибыл_груженый,Санкт-Петербург,Москва,40,1,16
2006-10-22,CRTU3557001,CRTU3557001_cycle_4,Прибыл_свободным,Владивосток,Владивосток,20,3,0
2006-10-22,CRTU8128829,CRTU8128829_cycle_6,Прибыл_по_ЖД,Владивосток,Владивосток,20,9,13
2006-10-22,ERKU5797068,ERKU5797068_cycle_5,Отправлен_грузополучателю,Москва,Москва,40,4,12
2006-10-22,KNYU1437543,KNYU1437543_cycle_5,Прибыл_груженый,Санкт-Петербург,Москва,20,3,13
2006-10-22,KNYU1824938,KNYU1824938_cycle_7,Прибыл_груженый,Санкт-Петербург,Владивосток,20,16,20
2006-10-22,KNYU3335859,KNYU3335859_cycle_5,Прибыл_по_ЖД,Владивосток,Владивосток,20,9,21
2006-10-22,KNYU3335859,KNYU3335859_cycle_5,Отправлен_грузополучателю,Владивосток,Владивосток,20,0,21
2006-10-22,STNU3092282,STNU3092282_cycle_6,Передан_на_погрузку,Санкт-Петербург,Владивосток,40,0,32
2006-10-22,STNU3092282,STNU3092282_cycle_6,Прибыл_груженый,Санкт-Петербург,Владивосток,40,0,32
2006-10-22,STNU9487869,STNU9487869_cycle_6,Прибыл_свободным,Владивосток,Владивосток,40,13,0
2006-10-22,STNU9487869,STNU9487869_cycle_7,Передан_на_погрузку,Владивосток,Санкт-Петербург,40,0,30
2006-10-22,TIMU3631350,TIMU3631350_cycle_4,Прибыл_свободным,Москва,Москва,20,28,0
2006-10-22,WEDU6102098,WEDU6102098_cycle_4,Прибыл_свободным,Санкт-Петербург,Санкт-Петербург,20,14,0
2006-10-22,WEDU8568487,WEDU8568487_cycle_7,Отправлен_по_ЖД,Санкт-Петербург,Москва,40,1,15
2006-10-22,WEDU8568487,WEDU8568487_cycle_7,Прибыл_по_ЖД,Москва,Москва,40,0,15
2006-10-22,WEDU8568487,WEDU8568487_cycle_7,Отправлен_грузополучателю,Москва,Москва,40,0,15
2006-10-23,CRTU1167966,CRTU1167966_cycle_5,Передан_на_погрузку,Владивосток,Санкт-Петербург,40,0,27
2006-10-23,CRTU1937935,CRTU1937935_cycle_5,Передан_на_погрузку,Владивосток,Москва,40,0,53
2006-10-23,KNYU1437543,KNYU1437543_cycle_5,Отправлен_по_ЖД,Санкт-Петербург,Москва,20,1,12
2006-10-23,KNYU1437543,KNYU1437543_cycle_5,Прибыл_по_ЖД,Москва,Москва,20,0,12
2006-10-23,STNU2356703,STNU2356703_cycle_5,Передан_на_погрузку,Санкт-Петербург,Москва,40,0,25
2006-10-23,STNU3092282,STNU3092282_cycle_6,Отправлен_по_ЖД,Санкт-Петербург,Владивосток,40,1,31
2006-10-23,STNU4510100,STNU4510100_cycle_6,Передан_на_погрузку,Владивосток,Санкт-Петербург,20,0,44
2006-10-23,STNU9767317,STNU9767317_cycle_4,Прибыл_свободным,Москва,Москва,20,22,0
2006-10-23,TOWU2835826,TOWU2835826_cycle_4,Отправлен_грузополучателю,Санкт-Петербург,Санкт-Петербург,40,3,30
2006-10-23,WEDU2383938,WEDU2383938_cycle_5,Прибыл_свободным,Владивосток,Владивосток,20,18,0
2006-10-23,WEDU2383938,WEDU2383938_cycle_6,Передан_на_погрузку,Владивосток,Санкт-Петербург,20,0,50
2006-10-23,WEDU5817433,WEDU5817433_cycle_5,Прибыл_свободным,Санкт-Петербург,Санкт-Петербург,20,22,0
2006-10-24,BUTU1300953,BUTU1300953_cycle_4,Прибыл_по_ЖД,Москва,Москва,40,8,16
2006-10-24,CRTU1521773,CRTU1521773_cycle_4,Передан_на_погрузку,Санкт-Петербург,Владивосток,20,0,59
2006-10-24,CRTU8128829,CRTU8128829_cycle_6,Отправлен_грузополучателю,Владивосток,Владивосток,20,2,11
2006-10-24,ERKU3509749,ERKU3509749_cycle_5,Прибыл_груженый,Владивосток,Санкт-Петербург,20,10,21
2006-10-24,KNYU1437543,KNYU1437543_cycle_5,Отправлен_грузополучателю,Москва,Москва,20,1,11
2006-10-24,KNYU1824938,KNYU1824938_cycle_7,Отправлен_по_ЖД,Санкт-Петербург,Владивосток,20,2,18
2006-10-24,STNU9845862,STNU9845862_cycle_4,Прибыл_свободным,Москва,Москва,40,33,0
2006-10-24,TIMU3656871,TIMU3656871_cycle_5,Прибыл_свободным,Санкт-Петербург,Санкт-Петербург,20,11,0
2006-10-25,BUTU8729025,BUTU8729025_cycle_4,Прибыл_свободным,Владивосток,Владивосток,40,32,0
2006-10-25,BUTU8729025,BUTU8729025_cycle_5,Передан_на_погрузку,Владивосток,Москва,40,0,40
2006-10-25,BUTU8954572,BUTU8954572_cycle_5,Передан_на_погрузку,Санкт-Петербург,Москва,40,0,20
2006-10-25,KNYU9630138,KNYU9630138_cycle_5,Прибыл_по_ЖД,Санкт-Петербург,Санкт-Петербург,20,18,38
2006-10-25,TIMU6310893,TIMU6310893_cycle_7,Передан_на_погрузку,Владивосток,Москва,40,0,42
2006-10-25,TIMU6310893,TIMU6310893_cycle_7,Прибыл_груженый,Владивосток,Москва,40,0,42
2006-10-25,TOWU5892461,TOWU5892461_cycle_5,Передан_на_погрузку,Владивосток,Санкт-Петербург,40,0,43
2006-10-26,BUTU1300953,BUTU1300953_cycle_4,Отправлен_грузополучателю,Москва,Москва,40,2,14
2006-10-26,BUTU9513169,BUTU9513169_cycle_6,Прибыл_груженый,Санкт-Петербург,Владивосток,40,12,28
2006-10-26,CRTU3557001,CRTU3557001_cycle_5,Передан_на_погрузку,Владивосток,Москва,20,0,48
2006-10-26,ERKU3112209,ERKU3112209_cycle_4,Прибыл_свободным,Владивосток,Владивосток,20,16,0
2006-10-26,ERKU4123975,ERKU4123975_cycle_6,Передан_на_погрузку,Владивосток,Москва,40,0,22
2006-10-26,ERKU4123975,ERKU4123975_cycle_6,Прибыл_груженый,Владивосток,Москва,40,0,22
2006-10-26,ERKU5435191,ERKU5435191_cycle_5,Передан_на_погрузку,Санкт-Петербург,Москва,20,0,44
2006-10-26,ERKU7945290,ERKU7945290_cycle_6,Прибыл_по_ЖД,Владивосток,Владивосток,20,12,1
2006-10-26,KNYU5786200,KNYU5786200_cycle_5,Прибыл_по_ЖД,Санкт-Петербург,Санкт-Петербург,20,14,17
2006-10-26,KNYU9630138,KNYU9630138_cycle_5,Отправлен_грузополучателю,Санкт-Петербург,Санкт-Петербург,20,1,37
2006-10-26,TIMU8250428,TIMU8250428_cycle_5,Передан_на_погрузку,Санкт-Петербург,Москва,20,0,23
2006-10-27,BUTU9513169,BUTU9513169_cycle_6,Отправлен_по_ЖД,Санкт-Петербург,Владивосток,40,1,27
2006-10-27,ERKU3509749,ERKU3509749_cycle_5,Отправлен_по_ЖД,Владивосток,Санкт-Петербург,20,3,18
2006-10-27,ERKU7945290,ERKU7945290_cycle_6,Отправлен_грузополучателю,Владивосток,Владивосток,20,1,0
2006-10-27,ERKU7945290,ERKU7945290_cycle_6,Прибыл_свободным,Владивосток,Владивосток,20,0,0
2006-10-27,KNYU6806102,KNYU6806102_cycle_5,Прибыл_по_ЖД,Владивосток,Владивосток,20,14,6
2006-10-27,STNU5088417,STNU5088417_cycle_5,Прибыл_груженый,Москва,Владивосток,40,12,19
2006-10-27,STNU9487869,STNU9487869_cycle_7,Прибыл_груженый,Владивосток,Санкт-Петербург,40,5,25
2006-10-27,TIMU9543550,TIMU9543550_cycle_6,Прибыл_груженый,Владивосток,Санкт-Петербург,40,12,18
2006-10-27,TIMU9543550,TIMU9543550_cycle_6,Отправлен_по_ЖД,Владивосток,Санкт-Петербург,40,0,18
2006-10-27,TOWU7931879,TOWU7931879_cycle_5,Прибыл_груженый,Санкт-Петербург,Москва,40,6,24
2006-10-27,WEDU2249581,WEDU2249581_cycle_6,Прибыл_груженый,Владивосток,Санкт-Петербург,20,10,37
2006-10-27,WEDU4651205,WEDU4651205_cycle_6,Прибыл_груженый,Санкт-Петербург,Москва,20,8,4
2006-10-27,WEDU6102098,WEDU6102098_cycle_5,Передан_на_погрузку,Санкт-Петербург,Москва,20,0,27
2006-10-28,ERKU4123975,ERKU4123975_cycle_6,Отправлен_по_ЖД,Владивосток,Москва,40,2,20
2006-10-28,KNYU8798891,KNYU8798891_cycle_5,Прибыл_груженый,Владивосток,Москва,20,8,23
2006-10-28,STNU4919514,STNU4919514_cycle_6,Передан_на_погрузку,Москва,Санкт-Петербург,40,0,12
2006-10-28,STNU6396019,STNU6396019_cycle_5,Прибыл_груженый,Владивосток,Москва,40,14,38
2006-10-28,TIMU6310893,TIMU6310893_cycle_7,Отправлен_по_ЖД,Владивосток,Москва,40,3,39
2006-10-28,TIMU8887794,TIMU8887794_cycle_5,Прибыл_по_ЖД,Санкт-Петербург,Санкт-Петербург,20,15,22
2006-10-28,TOWU7931879,TOWU7931879_cycle_5,Отправлен_по_ЖД,Санкт-Петербург,Москва,40,1,23
2006-10-28,TOWU7931879,TOWU7931879_cycle_5,Прибыл_по_ЖД,Москва,Москва,40,0,23
2006-10-28,WEDU4651205,WEDU4651205_cycle_6,Отправлен_по_ЖД,Санкт-Петербург,Москва,20,1,3
2006-10-28,WEDU4651205,WEDU4651205_cycle_6,Прибыл_по_ЖД,Москва,Москва,20,0,3
2006-10-29,KNYU4619290,KNYU4619290_cycle_6,Прибыл_груженый,Санкт-Петербург,Москва,40,8,18
2006-10-29,KNYU4619290,KNYU4619290_cycle_6,Отправлен_по_ЖД,Санкт-Петербург,Москва,40,0,18
2006-10-29,STNU5088417,STNU5088417_cycle_5,Отправлен_по_ЖД,Москва,Владивосток,40,2,17
2006-10-29,TOWU9892746,TOWU9892746_cycle_6,Прибыл_по_ЖД,Владивосток,Владивосток,40,12,17
2006-10-30,BUTU7001309,BUTU7001309_cycle_6,Прибыл_по_ЖД,Владивосток,Владивосток,20,12,14
2006-10-30,CRTU1715325,CRTU1715325_cycle_6,Прибыл_по_ЖД,Москва,Москва,40,15,28
2006-10-30,CRTU1715325,CRTU1715325_cycle_6,Отправлен_грузополучателю,Москва,Москва,40,0,28
2006-10-30,KNYU5786200,KNYU5786200_cycle_5,Отправлен_грузополучателю,Санкт-Петербург,Санкт-Петербург,20,4,13
2006-10-30,KNYU6806102,KNYU6806102_cycle_5,Отправлен_грузополучателю,Владивосток,Владивосток,20,3,3
2006-10-30,KNYU8798891,KNYU8798891_cycle_5,Отправлен_по_ЖД,Владивосток,Москва,20,2,21
2006-10-30,STNU2356703,STNU2356703_cycle_5,Прибыл_груженый,Санкт-Петербург,Москва,40,7,18
2006-10-30,STNU2794431,STNU2794431_cycle_6,Передан_на_погрузку,Санкт-Петербург,Владивосток,20,0,42
2006-10-30,STNU6396019,STNU6396019_cycle_5,Отправлен_по_ЖД,Владивосток,Москва,40,2,36
2006-10-30,STNU9487869,STNU9487869_cycle_7,Отправлен_по_ЖД,Владивосток,Санкт-Петербург,40,3,22
2006-10-30,TIMU7736033,TIMU7736033_cycle_5,Передан_на_погрузку,Владивосток,Санкт-Петербург,20,0,61
2006-10-30,TOWU7931879,TOWU7931879_cycle_5,Отправлен_грузополучателю,Москва,Москва,40,2,21
2006-10-30,TOWU8161314,TOWU8161314_cycle_6,Передан_на_погрузку,Владивосток,Москва,20,0,50
2006-10-30,TOWU9892746,TOWU9892746_cycle_6,Отправлен_грузополучателю,Владивосток,Владивосток,40,1,16
2006-10-30,WEDU2249581,WEDU2249581_cycle_6,Отправлен_по_ЖД,Владивосток,Санкт-Петербург,20,3,34
2006-10-31,BUTU8954572,BUTU8954572_cycle_5,Прибыл_груженый,Санкт-Петербург,Москва,40,6,14
2006-10-31,KNYU1033833,KNYU1033833_cycle_5,Прибыл_груженый,Москва,Владивосток,40,12,15
2006-10-31,KNYU1033833,KNYU1033833_cycle_5,Отправлен_по_ЖД,Москва,Владивосток,40,0,15
2006-10-31,STNU2356703,STNU2356703_cycle_5,Отправлен_по_ЖД,Санкт-Петербург,Москва,40,1,17
2006-10-31,STNU2794431,STNU2794431_cycle_6,Прибыл_груженый,Санкт-Петербург,Владивосток,20,1,41
2006-10-31,STNU2794431,STNU2794431_cycle_6,Отправлен_по_ЖД,Санкт-Петербург,Владивосток,20,0,41
2006-10-31,TIMU3137493,TIMU3137493_cycle_4,Прибыл_по_ЖД,Санкт-Петербург,Санкт-Петербург,40,21,26
2006-10-31,TIMU8887794,TIMU8887794_cycle_5,Отправлен_грузополучателю,Санкт-Петербург,Санкт-Петербург,20,3,19
2006-10-31,WEDU4651205,WEDU4651205_cycle_6,Отправлен_грузополучателю,Москва,Москва,20,3,0
2006-10-31,WEDU4651205,WEDU4651205_cycle_6,Прибыл_свободным,Москва,Москва,20,0,0
2006-11-01,BUTU7001309,BUTU7001309_cycle_6,Отправлен_грузополучателю,Владивосток,Владивосток,20,2,12
2006-11-01,CRTU1167966,CRTU1167966_cycle_5,Прибыл_груженый,Владивосток,Санкт-Петербург,40,9,18
2006-11-01,KNYU6970613,KNYU6970613_cycle_6,Прибыл_свободным,Владивосток,Владивосток,20,21,0
2006-11-01,KNYU7944727,KNYU7944727_cycle_6,Прибыл_свободным,Санкт-Петербург,Санкт-Петербург,20,24,0
2006-11-01,KNYU7944727,KNYU7944727_cycle_7,Передан_на_погрузку,Санкт-Петербург,Москва,20,0,38
2006-11-01,WEDU6876299,WEDU6876299_cycle_5,Прибыл_по_ЖД,Санкт-Петербург,Санкт-Петербург,20,17,9
2006-11-02,BUTU7079823,BUTU7079823_cycle_6,Передан_на_погрузку,Санкт-Петербург,Владивосток,20,0,56
2006-11-02,BUTU8729025,BUTU8729025_cycle_5,Прибыл_груженый,Владивосток,Москва,40,8,32
2006-11-02,KNYU3021654,KNYU3021654_cycle_7,Прибыл_груженый,Москва,Санкт-Петербург,40,13,7
2006-11-02,KNYU6806102,KNYU6806102_cycle_5,Прибыл_свободным,Владивосток,Владивосток,20,3,0
2006-11-02,KNYU8173059,KNYU8173059_cycle_6,Прибыл_по_ЖД,Москва,Москва,20,15,1
2006-11-02,STNU2356703,STNU2356703_cycle_5,Прибыл_по_ЖД,Москва,Москва,40,2,15
2006-11-02,STNU2517447,STNU2517447_cycle_6,Прибыл_груженый,Санкт-Петербург,Владивосток,40,21,26
2006-11-02,TIMU1636645,TIMU1636645_cycle_6,Передан_на_погрузку,Владивосток,Санкт-Петербург,20,0,57
2006-11-02,TIMU8010374,TIMU8010374_cycle_5,Прибыл_груженый,Санкт-Петербург,Владивосток,20,22,42
2006-11-02,TOWU7808384,TOWU7808384_cycle_4,Передан_на_погрузку,Санкт-Петербург,Владивосток,40,0,42
2006-11-02,TOWU8351331,TOWU8351331_cycle_4,Передан_на_погрузку,Владивосток,Санкт-Петербург,20,0,42
2006-11-03,BUTU8954572,BUTU8954572_cycle_5,Отправлен_по_ЖД,Санкт-Петербург,Москва,40,3,11
2006-11-03,BUTU8954572,BUTU8954572_cycle_5,Прибыл_по_ЖД,Москва,Москва,40,0,11
2006-11-03,CRTU1167966,CRTU1167966_cycle_5,Отправлен_по_ЖД,Владивосток,Санкт-Петербург,40,2,16
2006-11-03,CRTU1937935,CRTU1937935_cycle_5,Прибыл_груженый,Владивосток,Москва,40,11,42
2006-11-03,CRTU1937935,CRTU1937935_cycle_5,Отправлен_по_ЖД,Владивосток,Москва,40,0,42
2006-11-03,CRTU6264170,CRTU6264170_cycle_6,Прибыл_свободным,Владивосток,Владивосток,40,30,0
2006-11-03,CRTU8114609,CRTU8114609_cycle_6,Прибыл_свободным,Владивосток,Владивосток,20,24,0
2006-11-03,ERKU5797068,ERKU5797068_cycle_5,Прибыл_свободным,Москва,Москва,40,12,0
2006-11-03,ERKU8281105,ERKU8281105_cycle_5,Прибыл_по_ЖД,Санкт-Петербург,Санкт-Петербург,40,16,13
2006-11-03,ERKU8281105,ERKU8281105_cycle_5,Отправлен_грузополучателю,Санкт-Петербург,Санкт-Петербург,40,0,13
2006-11-03,KNYU3021654,KNYU3021654_cycle_7,Отправлен_по_ЖД,Москва,Санкт-Петербург,40,1,6
2006-11-03,KNYU8173059,KNYU8173059_cycle_6,Отправлен_грузополучателю,Москва,Москва,20,1,0
2006-11-03,KNYU8173059,KNYU8173059_cycle_6,Прибыл_свободным,Москва,Москва,20,0,0
2006-11-03,KNYU8173059,KNYU8173059_cycle_7,Передан_на_погрузку,Москва,Владивосток,20,0,29
2006-11-03,STNU2517447,STNU2517447_cycle_6,Отправлен_по_ЖД,Санкт-Петербург,Владивосток,40,1,25
2006-11-03,TIMU3137493,TIMU3137493_cycle_4,Отправлен_грузополучателю,Санкт-Петербург,Санкт-Петербург,40,3,23
2006-11-03,TIMU5165088,TIMU5165088_cycle_5,Прибыл_свободным,Москва,Москва,40,20,0
2006-11-03,TOWU6899546,TOWU6899546_cycle_5,Прибыл_свободным,Москва,Москва,20,17,0
2006-11-03,TOWU9896330,TOWU9896330_cycle_5,Прибыл_по_ЖД,Владивосток,Владивосток,40,13,22
2006-11-03,WEDU6876299,WEDU6876299_cycle_5,Отправлен_грузополучателю,Санкт-Петербург,Санкт-Петербург,20,2,7
2006-11-04,BUTU4321000,BUTU4321000_cycle_6,Передан_на_погрузку,Санкт-Петербург,Владивосток,40,0,32
2006-11-04,BUTU8729025,BUTU8729025_cycle_5,Отправлен_по_ЖД,Владивосток,Москва,40,2,30
2006-11-04,BUTU9513169,BUTU9513169_cycle_6,Прибыл_по_ЖД,Владивосток,Владивосток,40,8,19
2006-11-04,CRTU8128829,CRTU8128829_cycle_6,Прибыл_свободным,Владивосток,Владивосток,20,11,0
2006-11-04,KNYU1437543,KNYU1437543_cycle_5,Прибыл_свободным,Москва,Москва,20,11,0
2006-11-04,STNU2356703,STNU2356703_cycle_5,Отправлен_грузополучателю,Москва,Москва,40,2,13
2006-11-04,STNU4919514,STNU4919514_cycle_6,Прибыл_груженый,Москва,Санкт-Петербург,40,7,5
2006-11-04,TIMU8010374,TIMU8010374_cycle_5,Отправлен_по_ЖД,Санкт-Петербург,Владивосток,20,2,40
2006-11-04,TOWU3611630,TOWU3611630_cycle_6,Прибыл_груженый,Санкт-Петербург,Владивосток,40,16,27
2006-11-05,BUTU9513169,BUTU9513169_cycle_6,Отправлен_грузополучателю,Владивосток,Владивосток,40,1,18
2006-11-05,CRTU1521773,CRTU1521773_cycle_4,Прибыл_груженый,Санкт-Петербург,Владивосток,20,12,47
2006-11-05,CRTU3557936,CRTU3557936_cycle_6,Прибыл_свободным,Владивосток,Владивосток,20,19,0
2006-11-05,KNYU1773354,KNYU1773354_cycle_5,Передан_на_погрузку,Владивосток,Москва,20,0,35
2006-11-05,KNYU1824938,KNYU1824938_cycle_7,Прибыл_по_ЖД,Владивосток,Владивосток,20,12,6
2006-11-05,KNYU4619290,KNYU4619290_cycle_6,Прибыл_по_ЖД,Москва,Москва,40,7,11
2006-11-05,TIMU6180706,TIMU6180706_cycle_6,Передан_на_погрузку,Владивосток,Санкт-Петербург,40,0,49
2006-11-05,TOWU3611630,TOWU3611630_cycle_6,Отправлен_по_ЖД,Санкт-Петербург,Владивосток,40,1,26
2006-11-05,TOWU8381849,TOWU8381849_cycle_5,Прибыл_груженый,Санкт-Петербург,Владивосток,20,17,39
2006-11-05,TOWU9896330,TOWU9896330_cycle_5,Отправлен_грузополучателю,Владивосток,Владивосток,40,2,20
2006-11-06,BUTU8954572,BUTU8954572_cycle_5,Отправлен_грузополучателю,Москва,Москва,40,3,8
2006-11-06,CRTU3557001,CRTU3557001_cycle_5,Прибыл_груженый,Владивосток,Москва,20,11,37
2006-11-06,KNYU1824938,KNYU1824938_cycle_7,Отправлен_грузополучателю,Владивосток,Владивосток,20,1,5
2006-11-06,KNYU4619290,KNYU4619290_cycle_6,Отправлен_грузополучателю,Москва,Москва,40,1,10
2006-11-06,TIMU8250428,TIMU8250428_cycle_5,Прибыл_груженый,Санкт-Петербург,Москва,20,11,12
2006-11-06,TIMU8250428,TIMU8250428_cycle_5,Отправлен_по_ЖД,Санкт-Петербург,Москва,20,0,12
2006-11-06,TOWU2940273,TOWU2940273_cycle_6,Прибыл_груженый,Владивосток,Санкт-Петербург,40,16,47
2006-11-06,WEDU2383938,WEDU2383938_cycle_6,Прибыл_груженый,Владивосток,Санкт-Петербург,20,14,36
2006-11-06,WEDU8568487,WEDU8568487_cycle_7,Прибыл_свободным,Москва,Москва,40,15,0
2006-11-07,KNYU3021654,KNYU3021654_cycle_7,Прибыл_по_ЖД,Санкт-Петербург,Санкт-Петербург,40,4,2
2006-11-07,KNYU3021654,KNYU3021654_cycle_7,Отправлен_грузополучателю,Санкт-Петербург,Санкт-Петербург,40,0,2
2006-11-07,KNYU9683883,KNYU9683883_cycle_7,Передан_на_погрузку,Москва,Санкт-Петербург,20,0,11
2006-11-07,TIMU8250428,TIMU8250428_cycle_5,Прибыл_по_ЖД,Москва,Москва,20,1,11
2006-11-08,CRTU1521773,CRTU1521773_cycle_4,Отправлен_по_ЖД,Санкт-Петербург,Владивосток,20,3,44
2006-11-08,CRTU3557001,CRTU3557001_cycle_5,Отправлен_по_ЖД,Владивосток,Москва,20,2,35
2006-11-08,ERKU5435191,ERKU5435191_cycle_5,Прибыл_груженый,Санкт-Петербург,Москва,20,13,31
2006-11-08,KNYU8798891,KNYU8798891_cycle_5,Прибыл_по_ЖД,Москва,Москва,20,9,12
2006-11-08,KNYU9683883,KNYU9683883_cycle_7,Прибыл_груженый,Москва,Санкт-Петербург,20,1,10
2006-11-08,STNU4919514,STNU4919514_cycle_6,Отправлен_по_ЖД,Москва,Санкт-Петербург,40,4,1
2006-11-08,STNU4919514,STNU4919514_cycle_6,Прибыл_по_ЖД,Санкт-Петербург,Санкт-Петербург,40,0,1
2006-11-08,TOWU2940273,TOWU2940273_cycle_6,Отправлен_по_ЖД,Владивосток,Санкт-Петербург,40,2,45
2006-11-08,TOWU8161314,TOWU8161314_cycle_6,Прибыл_груженый,Владивосток,Москва,20,9,41
2006-11-08,TOWU8381849,TOWU8381849_cycle_5,Отправлен_по_ЖД,Санкт-Петербург,Владивосток,20,3,36
2006-11-08,WEDU2383938,WEDU2383938_cycle_6,Отправлен_по_ЖД,Владивосток,Санкт-Петербург,20,2,34
2006-11-09,BUTU1300953,BUTU1300953_cycle_4,Прибыл_свободным,Москва,Москва,40,14,0
2006-11-09,ERKU3123425,ERKU3123425_cycle_6,Прибыл_свободным,Санкт-Петербург,Санкт-Петербург,20,36,0
2006-11-09,ERKU3509749,ERKU3509749_cycle_5,Прибыл_по_ЖД,Санкт-Петербург,Санкт-Петербург,20,13,5
2006-11-09,KNYU3021654,KNYU3021654_cycle_7,Прибыл_свободным,Санкт-Петербург,Санкт-Петербург,40,2,0
2006-11-09,KNYU9683883,KNYU9683883_cycle_7,Отправлен_по_ЖД,Москва,Санкт-Петербург,20,1,9
2006-11-09,KNYU9683883,KNYU9683883_cycle_7,Прибыл_по_ЖД,Санкт-Петербург,Санкт-Петербург,20,0,9
2006-11-09,STNU4919514,STNU4919514_cycle_6,Отправлен_грузополучателю,Санкт-Петербург,Санкт-Петербург,40,1,0
2006-11-09,STNU4919514,STNU4919514_cycle_6,Прибыл_свободным,Санкт-Петербург,Санкт-Петербург,40,0,0
2006-11-09,STNU5088417,STNU5088417_cycle_5,Прибыл_по_ЖД,Владивосток,Владивосток,40,11,6
2006-11-09,STNU6396019,STNU6396019_cycle_5,Прибыл_по_ЖД,Москва,Москва,40,10,26
2006-11-09,STNU6396019,STNU6396019_cycle_5,Отправлен_грузополучателю,Москва,Москва,40,0,26
2006-11-09,STNU9767317,STNU9767317_cycle_5,Передан_на_погрузку,Москва,Санкт-Петербург,20,0,41
2006-11-09,TIMU8250428,TIMU8250428_cycle_5,Отправлен_грузополучателю,Москва,Москва,20,2,9
2006-11-09,TOWU5892461,TOWU5892461_cycle_5,Прибыл_груженый,Владивосток,Санкт-Петербург,40,15,28
2006-11-10,ERKU3509749,ERKU3509749_cycle_5,Отправлен_грузополучателю,Санкт-Петербург,Санкт-Петербург,20,1,4
2006-11-10,KNYU8798891,KNYU8798891_cycle_5,Отправлен_грузополучателю,Москва,Москва,20,2,10
2006-11-10,STNU3092282,STNU3092282_cycle_6,Прибыл_по_ЖД,Владивосток,Владивосток,40,18,13
2006-11-10,STNU5088417,STNU5088417_cycle_5,Отправлен_грузополучателю,Владивосток,Владивосток,40,1,5
2006-11-10,TIMU3656871,TIMU3656871_cycle_6,Передан_на_погрузку,Санкт-Петербург,Владивосток,20,0,47
2006-11-10,TIMU6310893,TIMU6310893_cycle_7,Прибыл_по_ЖД,Москва,Москва,40,13,26
2006-11-10,TIMU7736033,TIMU7736033_cycle_5,Прибыл_груженый,Владивосток,Санкт-Петербург,20,11,50
2006-11-10,TIMU7964806,TIMU7964806_cycle_4,Передан_на_погрузку,Владивосток,Москва,40,0,30
2006-11-10,TOWU5892461,TOWU5892461_cycle_5,Отправлен_по_ЖД,Владивосток,Санкт-Петербург,40,1,27
2006-11-10,WEDU6876299,WEDU6876299_cycle_5,Прибыл_свободным,Санкт-Петербург,Санкт-Петербург,20,7,0
2006-11-11,KNYU1773354,KNYU1773354_cycle_5,Прибыл_груженый,Владивосток,Москва,20,6,29
2006-11-11,KNYU1824938,KNYU1824938_cycle_7,Прибыл_свободным,Владивосток,Владивосток,20,5,0
2006-11-11,KNYU7944727,KNYU7944727_cycle_7,Прибыл_груженый,Санкт-Петербург,Москва,20,10,28
2006-11-11,KNYU9683883,KNYU9683883_cycle_7,Отправлен_грузополучателю,Санкт-Петербург,Санкт-Петербург,20,2,7
2006-11-11,STNU3092282,STNU3092282_cycle_6,Отправлен_грузополучателю,Владивосток,Владивосток,40,1,12
2006-11-11,TOWU8161314,TOWU8161314_cycle_6,Отправлен_по_ЖД,Владивосток,Москва,20,3,38
2006-11-11,WEDU4651205,WEDU4651205_cycle_7,Передан_на_погрузку,Москва,Владивосток,20,0,39
2006-11-12,BUTU2391445,BUTU2391445_cycle_6,Передан_на_погрузку,Владивосток,Санкт-Петербург,20,0,49
2006-11-12,BUTU7130462,BUTU7130462_cycle_5,Передан_на_погрузку,Владивосток,Москва,20,0,29
2006-11-12,ERKU5435191,ERKU5435191_cycle_5,Отправлен_по_ЖД,Санкт-Петербург,Москва,20,4,27
2006-11-12,KNYU3335859,KNYU3335859_cycle_5,Прибыл_свободным,Владивосток,Владивосток,20,21,0
2006-11-12,KNYU5786200,KNYU5786200_cycle_5,Прибыл_свободным,Санкт-Петербург,Санкт-Петербург,20,13,0
2006-11-12,KNYU5786200,KNYU5786200_cycle_6,Передан_на_погрузку,Санкт-Петербург,Москва,20,0,36
2006-11-12,KNYU7944727,KNYU7944727_cycle_7,Отправлен_по_ЖД,Санкт-Петербург,Москва,20,1,27
2006-11-12,KNYU7944727,KNYU7944727_cycle_7,Прибыл_по_ЖД,Москва,Москва,20,0,27
2006-11-12,TIMU5293271,TIMU5293271_cycle_5,Прибыл_свободным,Санкт-Петербург,Санкт-Петербург,20,22,0
2006-11-12,TIMU5293271,TIMU5293271_cycle_6,Передан_на_погрузку,Санкт-Петербург,Владивосток,20,0,46
2006-11-12,TIMU6310893,TIMU6310893_cycle_7,Отправлен_грузополучателю,Москва,Москва,40,2,24
2006-11-12,TIMU7736033,TIMU7736033_cycle_5,Отправлен_по_ЖД,Владивосток,Санкт-Петербург,20,2,48
2006-11-12,TIMU9543550,TIMU9543550_cycle_6,Прибыл_по_ЖД,Санкт-Петербург,Санкт-Петербург,40,16,2
2006-11-12,TOWU7808384,TOWU7808384_cycle_4,Прибыл_груженый,Санкт-Петербург,Владивосток,40,10,32
2006-11-12,WEDU6654977,WEDU6654977_cycle_5,Передан_на_погрузку,Санкт-Петербург,Владивосток,20,0,39
2006-11-13,BUTU7001309,BUTU7001309_cycle_6,Прибыл_свободным,Владивосток,Владивосток,20,12,0
2006-11-13,BUTU7001309,BUTU7001309_cycle_7,Передан_на_погрузку,Владивосток,Москва,20,0,32
2006-11-13,CRTU2093770,CRTU2093770_cycle_5,Прибыл_свободным,Владивосток,Владивосток,40,24,0
2006-11-13,CRTU2093770,CRTU2093770_cycle_6,Передан_на_погрузку,Владивосток,Санкт-Петербург,40,0,27
2006-11-13,ERKU4123975,ERKU4123975_cycle_6,Прибыл_по_ЖД,Москва,Москва,40,16,4
2006-11-13,KNYU1033833,KNYU1033833_cycle_5,Прибыл_по_ЖД,Владивосток,Владивосток,40,13,2
2006-11-13,KNYU1773354,KNYU1773354_cycle_5,Отправлен_по_ЖД,Владивосток,Москва,20,2,27
2006-11-13,KNYU7944727,KNYU7944727_cycle_7,Отправлен_грузополучателю,Москва,Москва,20,1,26
2006-11-13,STNU4510100,STNU4510100_cycle_6,Прибыл_груженый,Владивосток,Санкт-Петербург,20,21,23
2006-11-13,WEDU6102098,WEDU6102098_cycle_5,Прибыл_груженый,Санкт-Петербург,Москва,20,17,10
2006-11-14,BUTU4321000,BUTU4321000_cycle_6,Прибыл_груженый,Санкт-Петербург,Владивосток,40,10,22
2006-11-14,BUTU8954572,BUTU8954572_cycle_5,Прибыл_свободным,Москва,Москва,40,8,0
2006-11-14,ERKU3509749,ERKU3509749_cycle_5,Прибыл_свободным,Санкт-Петербург,Санкт-Петербург,20,4,0
2006-11-14,STNU2794431,STNU2794431_cycle_6,Прибыл_по_ЖД,Владивосток,Владивосток,20,14,27
2006-11-14,STNU2794431,STNU2794431_cycle_6,Отправлен_грузополучателю,Владивосток,Владивосток,20,0,27
2006-11-14,STNU4510100,STNU4510100_cycle_6,Отправлен_по_ЖД,Владивосток,Санкт-Петербург,20,1,22
2006-11-14,TIMU8061928,TIMU8061928_cycle_5,Прибыл_груженый,Санкт-Петербург,Москва,20,25,19
2006-11-14,TIMU9543550,TIMU9543550_cycle_6,Отправлен_грузополучателю,Санкт-Петербург,Санкт-Петербург,40,2,0
2006-11-14,TIMU9543550,TIMU9543550_cycle_6,Прибыл_свободным,Санкт-Петербург,Санкт-Петербург,40,0,0
2006-11-14,TOWU2984334,TOWU2984334_cycle_7,Передан_на_погрузку,Санкт-Петербург,Москва,40,0,36
2006-11-14,TOWU7808384,TOWU7808384_cycle_4,Отправлен_по_ЖД,Санкт-Петербург,Владивосток,40,2,30
2006-11-14,WEDU2249581,WEDU2249581_cycle_6,Прибыл_по_ЖД,Санкт-Петербург,Санкт-Петербург,20,15,19
2006-11-14,WEDU6102098,WEDU6102098_cycle_5,Отправлен_по_ЖД,Санкт-Петербург,Москва,20,1,9
2006-11-14,WEDU6102098,WEDU6102098_cycle_5,Прибыл_по_ЖД,Москва,Москва,20,0,9
2006-11-15,BUTU4321000,BUTU4321000_cycle_6,Отправлен_по_ЖД,Санкт-Петербург,Владивосток,40,1,21
2006-11-15,CRTU1167966,CRTU1167966_cycle_5,Прибыл_по_ЖД,Санкт-Петербург,Санкт-Петербург,40,12,4
2006-11-15,ERKU4123975,ERKU4123975_cycle_6,Отправлен_грузополучателю,Москва,Москва,40,2,2
2006-11-15,KNYU1033833,KNYU1033833_cycle_5,Отправлен_грузополучателю,Владивосток,Владивосток,40,2,0
2006-11-15,KNYU1033833,KNYU1033833_cycle_5,Прибыл_свободным,Владивосток,Владивосток,40,0,0
2006-11-15,KNYU3021654,KNYU3021654_cycle_8,Передан_на_погрузку,Санкт-Петербург,Владивосток,40,0,47
2006-11-15,STNU5088417,STNU5088417_cycle_5,Прибыл_свободным,Владивосток,Владивосток,40,5,0
2006-11-15,TIMU3631350,TIMU3631350_cycle_5,Передан_на_погрузку,Москва,Санкт-Петербург,20,0,52
2006-11-15,TOWU9892746,TOWU9892746_cycle_6,Прибыл_свободным,Владивосток,Владивосток,40,16,0
2006-11-15,WEDU2249581,WEDU2249581_cycle_6,Отправлен_грузополучателю,Санкт-Петербург,Санкт-Петербург,20,1,18
2006-11-16,BUTU7079823,BUTU7079823_cycle_6,Прибыл_груженый,Санкт-Петербург,Владивосток,20,14,42
2006-11-16,ERKU5435191,ERKU5435191_cycle_5,Прибыл_по_ЖД,Москва,Москва,20,4,23
2006-11-16,ERKU8281105,ERKU8281105_cycle_5,Прибыл_свободным,Санкт-Петербург,Санкт-Петербург,40,13,0
2006-11-16,KNYU4619290,KNYU4619290_cycle_6,Прибыл_свободным,Москва,Москва,40,10,0
2006-11-16,KNYU8173059,KNYU8173059_cycle_7,Прибыл_груженый,Москва,Владивосток,20,13,16
2006-11-16,KNYU8173059,KNYU8173059_cycle_7,Отправлен_по_ЖД,Москва,Владивосток,20,0,16
2006-11-16,TIMU3656871,TIMU3656871_cycle_6,Прибыл_груженый,Санкт-Петербург,Владивосток,20,6,41
2006-11-16,TIMU7964806,TIMU7964806_cycle_4,Прибыл_груженый,Владивосток,Москва,40,6,24
2006-11-16,TIMU8061928,TIMU8061928_cycle_5,Отправлен_по_ЖД,Санкт-Петербург,Москва,20,2,17
2006-11-16,WEDU6102098,WEDU6102098_cycle_5,Отправлен_грузополучателю,Москва,Москва,20,2,7
2006-11-17,BUTU7001309,BUTU7001309_cycle_7,Прибыл_груженый,Владивосток,Москва,20,4,28
2006-11-17,CRTU1167966,CRTU1167966_cycle_5,Отправлен_грузополучателю,Санкт-Петербург,Санкт-Петербург,40,2,2
2006-11-17,CRTU1937935,CRTU1937935_cycle_5,Прибыл_по_ЖД,Москва,Москва,40,14,28
2006-11-17,CRTU5834937,CRTU5834937_cycle_4,Прибыл_свободным,Санкт-Петербург,Санкт-Петербург,20,29,0
2006-11-17,ERKU4123975,ERKU4123975_cycle_6,Прибыл_свободным,Москва,Москва,40,2,0
2006-11-17,ERKU5435191,ERKU5435191_cycle_5,Отправлен_грузополучателю,Москва,Москва,20,1,22
2006-11-17,STNU2356703,STNU2356703_cycle_5,Прибыл_свободным,Москва,Москва,40,13,0
2006-11-17,TIMU1636645,TIMU1636645_cycle_6,Прибыл_груженый,Владивосток,Санкт-Петербург,20,15,42
2006-11-17,TIMU6180706,TIMU6180706_cycle_6,Прибыл_груженый,Владивосток,Санкт-Петербург,40,12,37
2006-11-17,TIMU6180706,TIMU6180706_cycle_6,Отправлен_по_ЖД,Владивосток,Санкт-Петербург,40,0,37
2006-11-18,BUTU7001309,BUTU7001309_cycle_7,Отправлен_по_ЖД,Владивосток,Москва,20,1,27
2006-11-18,BUTU7079823,BUTU7079823_cycle_6,Отправлен_по_ЖД,Санкт-Петербург,Владивосток,20,2,40
2006-11-18,BUTU8729025,BUTU8729025_cycle_5,Прибыл_по_ЖД,Москва,Москва,40,14,16
2006-11-18,CRTU1937935,CRTU1937935_cycle_5,Отправлен_грузополучателю,Москва,Москва,40,1,27
2006-11-18,ERKU3112209,ERKU3112209_cycle_5,Передан_на_погрузку,Владивосток,Санкт-Петербург,20,0,62
2006-11-18,KNYU9683883,KNYU9683883_cycle_7,Прибыл_свободным,Санкт-Петербург,Санкт-Петербург,20,7,0
2006-11-18,STNU2517447,STNU2517447_cycle_6,Прибыл_по_ЖД,Владивосток,Владивосток,40,15,10
2006-11-18,STNU9487869,STNU9487869_cycle_7,Прибыл_по_ЖД,Санкт-Петербург,Санкт-Петербург,40,19,3
2006-11-18,TIMU1636645,TIMU1636645_cycle_6,Отправлен_по_ЖД,Владивосток,Санкт-Петербург,20,1,41
2006-11-18,TIMU3656871,TIMU3656871_cycle_6,Отправлен_по_ЖД,Санкт-Петербург,Владивосток,20,2,39
2006-11-18,TIMU7964806,TIMU7964806_cycle_4,Отправлен_по_ЖД,Владивосток,Москва,40,2,22
2006-11-18,TIMU8250428,TIMU8250428_cycle_5,Прибыл_свободным,Москва,Москва,20,9,0
2006-11-18,TOWU2984334,TOWU2984334_cycle_7,Прибыл_груженый,Санкт-Петербург,Москва,40,4,32
2006-11-19,BUTU8729025,BUTU8729025_cycle_5,Отправлен_грузополучателю,Москва,Москва,40,1,15
2006-11-19,CRTU1167966,CRTU1167966_cycle_5,Прибыл_свободным,Санкт-Петербург,Санкт-Петербург,40,2,0
2006-11-19,CRTU1521773,CRTU1521773_cycle_4,Прибыл_по_ЖД,Владивосток,Владивосток,20,11,33
2006-11-19,CRTU8114609,CRTU8114609_cycle_7,Передан_на_погрузку,Владивосток,Москва,20,0,51
2006-11-19,ERKU3509749,ERKU3509749_cycle_6,Передан_на_погрузку,Санкт-Петербург,Владивосток,20,0,30
2006-11-19,STNU2517447,STNU2517447_cycle_6,Отправлен_грузополучателю,Владивосток,Владивосток,40,1,9
2006-11-19,TIMU8887794,TIMU8887794_cycle_5,Прибыл_свободным,Санкт-Петербург,Санкт-Петербург,20,19,0
2006-11-19,TIMU8887794,TIMU8887794_cycle_6,Передан_на_погрузку,Санкт-Петербург,Владивосток,20,0,57
2006-11-19,WEDU5817433,WEDU5817433_cycle_6,Передан_на_погрузку,Санкт-Петербург,Москва,20,0,43
2006-11-19,WEDU6654977,WEDU6654977_cycle_5,Прибыл_груженый,Санкт-Петербург,Владивосток,20,7,32
2006-11-20,CRTU8128829,CRTU8128829_cycle_7,Передан_на_погрузку,Владивосток,Москва,20,0,25
2006-11-20,CRTU8128829,CRTU8128829_cycle_7,Прибыл_груженый,Владивосток,Москва,20,0,25
2006-11-20,ERKU3509749,ERKU3509749_cycle_6,Прибыл_груженый,Санкт-Петербург,Владивосток,20,1,29
2006-11-20,KNYU8798891,KNYU8798891_cycle_5,Прибыл_свободным,Москва,Москва,20,10,0
2006-11-20,TIMU8061928,TIMU8061928_cycle_5,Прибыл_по_ЖД,Москва,Москва,20,4,13
2006-11-20,TOWU2984334,TOWU2984334_cycle_7,Отправлен_по_ЖД,Санкт-Петербург,Москва,40,2,30
2006-11-20,TOWU2984334,TOWU2984334_cycle_7,Прибыл_по_ЖД,Москва,Москва,40,0,30
2006-11-20,TOWU7931879,TOWU7931879_cycle_5,Прибыл_свободным,Москва,Москва,40,21,0
2006-11-20,TOWU8161314,TOWU8161314_cycle_6,Прибыл_по_ЖД,Москва,Москва,20,9,29
2006-11-20,WEDU9910122,WEDU9910122_cycle_5,Прибыл_свободным,Санкт-Петербург,Санкт-Петербург,40,31,0
2006-11-21,CRTU1521773,CRTU1521773_cycle_4,Отправлен_грузополучателю,Владивосток,Владивосток,20,2,31
2006-11-21,CRTU8128829,CRTU8128829_cycle_7,Отправлен_по_ЖД,Владивосток,Москва,20,1,24
2006-11-21,ERKU3123425,ERKU3123425_cycle_7,Передан_на_погрузку,Санкт-Петербург,Владивосток,20,0,53
2006-11-21,ERKU3509749,ERKU3509749_cycle_6,Отправлен_по_ЖД,Санкт-Петербург,Владивосток,20,1,28
2006-11-21,KNYU1773354,KNYU1773354_cycle_5,Прибыл_по_ЖД,Москва,Москва,20,8,19
2006-11-21,KNYU1824938,KNYU1824938_cycle_8,Передан_на_погрузку,Владивосток,Санкт-Петербург,20,0,53
2006-11-21,STNU9487869,STNU9487869_cycle_7,Отправлен_грузополучателю,Санкт-Петербург,Санкт-Петербург,40,3,0
2006-11-21,STNU9487869,STNU9487869_cycle_7,Прибыл_свободным,Санкт-Петербург,Санкт-Петербург,40,0,0
2006-11-21,TOWU3611630,TOWU3611630_cycle_6,Прибыл_по_ЖД,Владивосток,Владивосток,40,16,10
2006-11-21,TOWU8351331,TOWU8351331_cycle_4,Прибыл_груженый,Владивосток,Санкт-Петербург,20,19,23
2006-11-21,WEDU6654977,WEDU6654977_cycle_5,Отправлен_по_ЖД,Санкт-Петербург,Владивосток,20,2,30
2006-11-21,WEDU9910122,WEDU9910122_cycle_6,Передан_на_погрузку,Санкт-Петербург,Владивосток,40,0,22
2006-11-22,CRTU2093770,CRTU2093770_cycle_6,Прибыл_груженый,Владивосток,Санкт-Петербург,40,9,18
2006-11-22,CRTU3557001,CRTU3557001_cycle_5,Прибыл_по_ЖД,Москва,Москва,20,14,21
2006-11-22,ERKU3112209,ERKU3112209_cycle_5,Прибыл_груженый,Владивосток,Санкт-Петербург,20,4,58
2006-11-22,KNYU1773354,KNYU1773354_cycle_5,Отправлен_грузополучателю,Москва,Москва,20,1,18
2006-11-22,TIMU3631350,TIMU3631350_cycle_5,Прибыл_груженый,Москва,Санкт-Петербург,20,7,45
2006-11-22,TOWU2835826,TOWU2835826_cycle_4,Прибыл_свободным,Санкт-Петербург,Санкт-Петербург,40,30,0
2006-11-22,TOWU2984334,TOWU2984334_cycle_7,Отправлен_грузополучателю,Москва,Москва,40,2,28
2006-11-22,TOWU8161314,TOWU8161314_cycle_6,Отправлен_грузополучателю,Москва,Москва,20,2,27
2006-11-22,TOWU8351331,TOWU8351331_cycle_4,Отправлен_по_ЖД,Владивосток,Санкт-Петербург,20,1,22
2006-11-23,BUTU9513169,BUTU9513169_cycle_6,Прибыл_свободным,Владивосток,Владивосток,40,18,0
2006-11-23,CRTU2093770,CRTU2093770_cycle_6,Отправлен_по_ЖД,Владивосток,Санкт-Петербург,40,1,17
2006-11-23,CRTU2183954,CRTU2183954_cycle_5,Передан_на_погрузку,Владивосток,Москва,40,0,25
2006-11-23,CRTU2183954,CRTU2183954_cycle_5,Прибыл_груженый,Владивосток,Москва,40,0,25
2006-11-23,CRTU3557001,CRTU3557001_cycle_5,Отправлен_грузополучателю,Москва,Москва,20,1,20
2006-11-23,STNU3092282,STNU3092282_cycle_6,Прибыл_свободным,Владивосток,Владивосток,40,12,0
2006-11-23,TIMU5293271,TIMU5293271_cycle_6,Прибыл_груженый,Санкт-Петербург,Владивосток,20,11,35
2006-11-23,TIMU8010374,TIMU8010374_cycle_5,Прибыл_по_ЖД,Владивосток,Владивосток,20,19,21
2006-11-23,TOWU3611630,TOWU3611630_cycle_6,Отправлен_грузополучателю,Владивосток,Владивосток,40,2,8
2006-11-23,WEDU2383938,WEDU2383938_cycle_6,Прибыл_по_ЖД,Санкт-Петербург,Санкт-Петербург,20,15,19
2006-11-23,WEDU2383938,WEDU2383938_cycle_6,Отправлен_грузополучателю,Санкт-Петербург,Санкт-Петербург,20,0,19
2006-11-23,WEDU4651205,WEDU4651205_cycle_7,Прибыл_груженый,Москва,Владивосток,20,12,27
2006-11-23,WEDU6102098,WEDU6102098_cycle_5,Прибыл_свободным,Москва,Москва,20,7,0
2006-11-24,BUTU7130462,BUTU7130462_cycle_5,Прибыл_груженый,Владивосток,Москва,20,12,17
2006-11-24,ERKU3112209,ERKU3112209_cycle_5,Отправлен_по_ЖД,Владивосток,Санкт-Петербург,20,2,56
2006-11-24,KNYU5786200,KNYU5786200_cycle_6,Прибыл_груженый,Санкт-Петербург,Москва,20,12,24
2006-11-24,TIMU3631350,TIMU3631350_cycle_5,Отправлен_по_ЖД,Москва,Санкт-Петербург,20,2,43
2006-11-24,TIMU3631350,TIMU3631350_cycle_5,Прибыл_по_ЖД,Санкт-Петербург,Санкт-Петербург,20,0,43
2006-11-24,TIMU8010374,TIMU8010374_cycle_5,Отправлен_грузополучателю,Владивосток,Владивосток,20,1,20
2006-11-24,TIMU8061928,TIMU8061928_cycle_5,Отправлен_грузополучателю,Москва,Москва,20,4,9
2006-11-24,TOWU2940273,TOWU2940273_cycle_6,Прибыл_по_ЖД,Санкт-Петербург,Санкт-Петербург,40,16,29
2006-11-24,WEDU4651205,WEDU4651205_cycle_7,Отправлен_по_ЖД,Москва,Владивосток,20,1,26
2006-11-25,BUTU7130462,BUTU7130462_cycle_5,Отправлен_по_ЖД,Владивосток,Москва,20,1,16
2006-11-25,KNYU6970613,KNYU6970613_cycle_7,Передан_на_погрузку,Владивосток,Санкт-Петербург,20,0,59
2006-11-25,KNYU8173059,KNYU8173059_cycle_7,Прибыл_по_ЖД,Владивосток,Владивосток,20,9,7
2006-11-25,TIMU5293271,TIMU5293271_cycle_6,Отправлен_по_ЖД,Санкт-Петербург,Владивосток,20,2,33
2006-11-25,TOWU5892461,TOWU5892461_cycle_5,Прибыл_по_ЖД,Санкт-Петербург,Санкт-Петербург,40,15,12
2006-11-25,TOWU8381849,TOWU8381849_cycle_5,Прибыл_по_ЖД,Владивосток,Владивосток,20,17,19
2006-11-25,TOWU9896330,TOWU9896330_cycle_5,Прибыл_свободным,Владивосток,Владивосток,40,20,0
2006-11-25,TOWU9896330,TOWU9896330_cycle_6,Передан_на_погрузку,Владивосток,Москва,40,0,32
2006-11-25,WEDU7000544,WEDU7000544_cycle_5,Передан_на_погрузку,Владивосток,Санкт-Петербург,20,0,51
2006-11-26,CRTU2183954,CRTU2183954_cycle_5,Отправлен_по_ЖД,Владивосток,Москва,40,3,22
2006-11-26,KNYU5786200,KNYU5786200_cycle_6,Отправлен_по_ЖД,Санкт-Петербург,Москва,20,2,22
2006-11-26,KNYU8173059,KNYU8173059_cycle_7,Отправлен_грузополучателю,Владивосток,Владивосток,20,1,6
2006-11-26,TIMU3137493,TIMU3137493_cycle_4,Прибыл_свободным,Санкт-Петербург,Санкт-Петербург,40,23,0
2006-11-26,TIMU5165088,TIMU5165088_cycle_6,Передан_на_погрузку,Москва,Владивосток,40,0,54
2006-11-26,TOWU2940273,TOWU2940273_cycle_6,Отправлен_грузополучателю,Санкт-Петербург,Санкт-Петербург,40,2,27
2006-11-26,TOWU5892461,TOWU5892461_cycle_5,Отправлен_грузополучателю,Санкт-Петербург,Санкт-Петербург,40,1,11
2006-11-27,CRTU1715325,CRTU1715325_cycle_6,Прибыл_свободным,Москва,Москва,40,28,0
2006-11-27,ERKU3123425,ERKU3123425_cycle_7,Прибыл_груженый,Санкт-Петербург,Владивосток,20,6,47
2006-11-27,KNYU5786200,KNYU5786200_cycle_6,Прибыл_по_ЖД,Москва,Москва,20,1,21
2006-11-28,STNU1402586,STNU1402586_cycle_6,Передан_на_погрузку,Москва,Санкт-Петербург,20,0,23
2006-11-28,STNU2517447,STNU2517447_cycle_6,Прибыл_свободным,Владивосток,Владивосток,40,9,0
2006-11-28,TIMU3631350,TIMU3631350_cycle_5,Отправлен_грузополучателю,Санкт-Петербург,Санкт-Петербург,20,4,39
2006-11-28,TIMU7964806,TIMU7964806_cycle_4,Прибыл_по_ЖД,Москва,Москва,40,10,12
2006-11-28,TOWU8381849,TOWU8381849_cycle_5,Отправлен_грузополучателю,Владивосток,Владивосток,20,3,16
2006-11-28,WEDU8568487,WEDU8568487_cycle_8,Передан_на_погрузку,Москва,Санкт-Петербург,40,0,20
2006-11-29,ERKU3123425,ERKU3123425_cycle_7,Отправлен_по_ЖД,Санкт-Петербург,Владивосток,20,2,45
2006-11-29,KNYU5786200,KNYU5786200_cycle_6,Отправлен_грузополучателю,Москва,Москва,20,2,19
2006-11-29,STNU3092282,STNU3092282_cycle_7,Передан_на_погрузку,Владивосток,Санкт-Петербург,40,0,32
2006-11-29,STNU4510100,STNU4510100_cycle_6,Прибыл_по_ЖД,Санкт-Петербург,Санкт-Петербург,20,15,7
2006-11-29,STNU9767317,STNU9767317_cycle_5,Прибыл_груженый,Москва,Санкт-Петербург,20,20,21
2006-11-29,STNU9845862,STNU9845862_cycle_5,Передан_на_погрузку,Москва,Санкт-Петербург,40,0,39
2006-11-29,TIMU8887794,TIMU8887794_cycle_6,Прибыл_груженый,Санкт-Петербург,Владивосток,20,10,47
2006-11-29,TOWU5842316,TOWU5842316_cycle_7,Передан_на_погрузку,Владивосток,Санкт-Петербург,40,0,41
2006-11-30,CRTU6264170,CRTU6264170_cycle_7,Передан_на_погрузку,Владивосток,Санкт-Петербург,40,0,30
2006-11-30,STNU4510100,STNU4510100_cycle_6,Отправлен_грузополучателю,Санкт-Петербург,Санкт-Петербург,20,1,6
2006-11-30,STNU9767317,STNU9767317_cycle_5,Отправлен_по_ЖД,Москва,Санкт-Петербург,20,1,20
2006-11-30,TIMU7736033,TIMU7736033_cycle_5,Прибыл_по_ЖД,Санкт-Петербург,Санкт-Петербург,20,18,30
2006-11-30,TIMU7964806,TIMU7964806_cycle_4,Отправлен_грузополучателю,Москва,Москва,40,2,10
2006-11-30,TIMU8250428,TIMU8250428_cycle_6,Передан_на_погрузку,Москва,Санкт-Петербург,20,0,10
2006-12-01,CRTU8114609,CRTU8114609_cycle_7,Прибыл_груженый,Владивосток,Москва,20,12,39
2006-12-01,CRTU8114609,CRTU8114609_cycle_7,Отправлен_по_ЖД,Владивосток,Москва,20,0,39
2006-12-01,KNYU1824938,KNYU1824938_cycle_8,Прибыл_груженый,Владивосток,Санкт-Петербург,20,10,43
2006-12-01,KNYU1824938,KNYU1824938_cycle_8,Отправлен_по_ЖД,Владивосток,Санкт-Петербург,20,0,43
2006-12-01,KNYU3021654,KNYU3021654_cycle_8,Прибыл_груженый,Санкт-Петербург,Владивосток,40,16,31
2006-12-01,KNYU3335859,KNYU3335859_cycle_6,Передан_на_погрузку,Владивосток,Санкт-Петербург,20,0,39
2006-12-01,KNYU5372067,KNYU5372067_cycle_7,Передан_на_погрузку,Санкт-Петербург,Владивосток,40,0,53
2006-12-01,KNYU9683883,KNYU9683883_cycle_8,Передан_на_погрузку,Санкт-Петербург,Владивосток,20,0,30
2006-12-01,TIMU1636645,TIMU1636645_cycle_6,Прибыл_по_ЖД,Санкт-Петербург,Санкт-Петербург,20,13,28
2006-12-01,TOWU3611630,TOWU3611630_cycle_6,Прибыл_свободным,Владивосток,Владивосток,40,8,0
2006-12-01,TOWU3611630,TOWU3611630_cycle_7,Передан_на_погрузку,Владивосток,Санкт-Петербург,40,0,34
2006-12-01,WEDU6876299,WEDU6876299_cycle_6,Передан_на_погрузку,Санкт-Петербург,Москва,20,0,27
2006-12-01,WEDU6876299,WEDU6876299_cycle_6,Прибыл_груженый,Санкт-Петербург,Москва,20,0,27
2006-12-01,WEDU9910122,WEDU9910122_cycle_6,Прибыл_груженый,Санкт-Петербург,Владивосток,40,10,12
2006-12-01,WEDU9910122,WEDU9910122_cycle_6,Отправлен_по_ЖД,Санкт-Петербург,Владивосток,40,0,12
2006-12-02,CRTU5834937,CRTU5834937_cycle_5,Передан_на_погрузку,Санкт-Петербург,Владивосток,20,0,31
2006-12-02,KNYU8173059,KNYU8173059_cycle_7,Прибыл_свободным,Владивосток,Владивосток,20,6,0
2006-12-02,KNYU9630138,KNYU9630138_cycle_5,Прибыл_свободным,Санкт-Петербург,Санкт-Петербург,20,37,0
2006-12-02,TIMU8887794,TIMU8887794_cycle_6,Отправлен_по_ЖД,Санкт-Петербург,Владивосток,20,3,44
2006-12-02,WEDU6876299,WEDU6876299_cycle_6,Отправлен_по_ЖД,Санкт-Петербург,Москва,20,1,26
2006-12-03,BUTU2391445,BUTU2391445_cycle_6,Прибыл_груженый,Владивосток,Санкт-Петербург,20,21,28
2006-12-03,ERKU3112209,ERKU3112209_cycle_5,Прибыл_по_ЖД,Санкт-Петербург,Санкт-Петербург,20,9,47
2006-12-03,KNYU3021654,KNYU3021654_cycle_8,Отправлен_по_ЖД,Санкт-Петербург,Владивосток,40,2,29
2006-12-03,STNU9487869,STNU9487869_cycle_8,Передан_на_погрузку,Санкт-Петербург,Москва,40,0,21
2006-12-03,TIMU1636645,TIMU1636645_cycle_6,Отправлен_грузополучателю,Санкт-Петербург,Санкт-Петербург,20,2,26
2006-12-03,TIMU7736033,TIMU7736033_cycle_5,Отправлен_грузополучателю,Санкт-Петербург,Санкт-Петербург,20,3,27
2006-12-03,TIMU8061928,TIMU8061928_cycle_5,Прибыл_свободным,Москва,Москва,20,9,0
2006-12-03,WEDU2249581,WEDU2249581_cycle_6,Прибыл_свободным,Санкт-Петербург,Санкт-Петербург,20,18,0
2006-12-04,BUTU1300953,BUTU1300953_cycle_5,Передан_на_погрузку,Москва,Санкт-Петербург,40,0,24
2006-12-04,BUTU7001309,BUTU7001309_cycle_7,Прибыл_по_ЖД,Москва,Москва,20,16,11
2006-12-04,BUTU8729025,BUTU8729025_cycle_5,Прибыл_свободным,Москва,Москва,40,15,0
2006-12-04,BUTU8729025,BUTU8729025_cycle_6,Передан_на_погрузку,Москва,Санкт-Петербург,40,0,38
2006-12-04,TOWU7808384,TOWU7808384_cycle_4,Прибыл_по_ЖД,Владивосток,Владивосток,40,20,10
2006-12-04,TOWU9896330,TOWU9896330_cycle_6,Прибыл_груженый,Владивосток,Москва,40,9,23
2006-12-04,WEDU6654977,WEDU6654977_cycle_5,Прибыл_по_ЖД,Владивосток,Владивосток,20,13,17
2006-12-04,WEDU7000544,WEDU7000544_cycle_5,Прибыл_груженый,Владивосток,Санкт-Петербург,20,9,42
2006-12-05,BUTU2391445,BUTU2391445_cycle_6,Отправлен_по_ЖД,Владивосток,Санкт-Петербург,20,2,26
2006-12-05,CRTU8128829,CRTU8128829_cycle_7,Прибыл_по_ЖД,Москва,Москва,20,14,10
2006-12-05,ERKU3112209,ERKU3112209_cycle_5,Отправлен_грузополучателю,Санкт-Петербург,Санкт-Петербург,20,2,45
2006-12-05,KNYU1437543,KNYU1437543_cycle_6,Передан_на_погрузку,Москва,Санкт-Петербург,20,0,11
2006-12-05,STNU6396019,STNU6396019_cycle_5,Прибыл_свободным,Москва,Москва,40,26,0
2006-12-05,STNU6396019,STNU6396019_cycle_6,Передан_на_погрузку,Москва,Санкт-Петербург,40,0,27
2006-12-05,TIMU6180706,TIMU6180706_cycle_6,Прибыл_по_ЖД,Санкт-Петербург,Санкт-Петербург,40,18,19
2006-12-05,TIMU8250428,TIMU8250428_cycle_6,Прибыл_груженый,Москва,Санкт-Петербург,20,5,5
2006-12-05,TIMU8250428,TIMU8250428_cycle_6,Отправлен_по_ЖД,Москва,Санкт-Петербург,20,0,5
2006-12-05,TOWU8351331,TOWU8351331_cycle_4,Прибыл_по_ЖД,Санкт-Петербург,Санкт-Петербург,20,13,9
2006-12-05,WEDU6876299,WEDU6876299_cycle_6,Прибыл_по_ЖД,Москва,Москва,20,3,23
2006-12-05,WEDU7707795,WEDU7707795_cycle_6,Передан_на_погрузку,Москва,Санкт-Петербург,40,0,31
2006-12-06,BUTU1300953,BUTU1300953_cycle_5,Прибыл_груженый,Москва,Санкт-Петербург,40,2,22
2006-12-06,BUTU4321000,BUTU4321000_cycle_6,Прибыл_по_ЖД,Владивосток,Владивосток,40,21,0
2006-12-06,BUTU4321000,BUTU4321000_cycle_6,Отправлен_грузополучателю,Владивосток,Владивосток,40,0,0
2006-12-06,BUTU4321000,BUTU4321000_cycle_6,Прибыл_свободным,Владивосток,Владивосток,40,0,0
2006-12-06,BUTU7001309,BUTU7001309_cycle_7,Отправлен_грузополучателю,Москва,Москва,20,2,9
2006-12-06,CRTU1715325,CRTU1715325_cycle_7,Передан_на_погрузку,Москва,Санкт-Петербург,40,0,16
2006-12-06,KNYU8173059,KNYU8173059_cycle_8,Передан_на_погрузку,Владивосток,Санкт-Петербург,20,0,68
2006-12-06,STNU4510100,STNU4510100_cycle_6,Прибыл_свободным,Санкт-Петербург,Санкт-Петербург,20,6,0
2006-12-06,STNU9767317,STNU9767317_cycle_5,Прибыл_по_ЖД,Санкт-Петербург,Санкт-Петербург,20,6,14
2006-12-06,STNU9767317,STNU9767317_cycle_5,Отправлен_грузополучателю,Санкт-Петербург,Санкт-Петербург,20,0,14
2006-12-06,TIMU3656871,TIMU3656871_cycle_6,Прибыл_по_ЖД,Владивосток,Владивосток,20,18,21
2006-12-06,TIMU5165088,TIMU5165088_cycle_6,Прибыл_груженый,Москва,Владивосток,40,10,44
2006-12-06,TIMU6310893,TIMU6310893_cycle_7,Прибыл_свободным,Москва,Москва,40,24,0
2006-12-06,TIMU8250428,TIMU8250428_cycle_6,Прибыл_по_ЖД,Санкт-Петербург,Санкт-Петербург,20,1,4
2006-12-06,TIMU8250428,TIMU8250428_cycle_6,Отправлен_грузополучателю,Санкт-Петербург,Санкт-Петербург,20,0,4
2006-12-06,TOWU7808384,TOWU7808384_cycle_4,Отправлен_грузополучателю,Владивосток,Владивосток,40,2,8
2006-12-06,TOWU9896330,TOWU9896330_cycle_6,Отправлен_по_ЖД,Владивосток,Москва,40,2,21
2006-12-06,WEDU6654977,WEDU6654977_cycle_5,Отправлен_грузополучателю,Владивосток,Владивосток,20,2,15
2006-12-06,WEDU6876299,WEDU6876299_cycle_6,Отправлен_грузополучателю,Москва,Москва,20,1,22
2006-12-07,KNYU6970613,KNYU6970613_cycle_7,Прибыл_груженый,Владивосток,Санкт-Петербург,20,12,47
2006-12-07,STNU3092282,STNU3092282_cycle_7,Прибыл_груженый,Владивосток,Санкт-Петербург,40,8,24
2006-12-07,STNU3092282,STNU3092282_cycle_7,Отправлен_по_ЖД,Владивосток,Санкт-Петербург,40,0,24
2006-12-07,STNU5088417,STNU5088417_cycle_6,Передан_на_погрузку,Владивосток,Санкт-Петербург,40,0,43
2006-12-07,TIMU3656871,TIMU3656871_cycle_6,Отправлен_грузополучателю,Владивосток,Владивосток,20,1,20
2006-12-07,TIMU5165088,TIMU5165088_cycle_6,Отправлен_по_ЖД,Москва,Владивосток,40,1,43
2006-12-07,TIMU6180706,TIMU6180706_cycle_6,Отправлен_грузополучателю,Санкт-Петербург,Санкт-Петербург,40,2,17
2006-12-07,TOWU5892461,TOWU5892461_cycle_5,Прибыл_свободным,Санкт-Петербург,Санкт-Петербург,40,11,0
2006-12-07,TOWU5892461,TOWU5892461_cycle_6,Передан_на_погрузку,Санкт-Петербург,Владивосток,40,0,36
2006-12-07,TOWU8351331,TOWU8351331_cycle_4,Отправлен_грузополучателю,Санкт-Петербург,Санкт-Петербург,20,2,7
2006-12-07,WEDU6874585,WEDU6874585_cycle_5,Передан_на_погрузку,Москва,Санкт-Петербург,20,0,24
2006-12-08,BUTU1300953,BUTU1300953_cycle_5,Отправлен_по_ЖД,Москва,Санкт-Петербург,40,2,20
2006-12-08,BUTU7079823,BUTU7079823_cycle_6,Прибыл_по_ЖД,Владивосток,Владивосток,20,20,20
2006-12-08,CRTU6264170,CRTU6264170_cycle_7,Прибыл_груженый,Владивосток,Санкт-Петербург,40,8,22
2006-12-08,CRTU8128829,CRTU8128829_cycle_7,Отправлен_грузополучателю,Москва,Москва,20,3,7
2006-12-08,KNYU3335859,KNYU3335859_cycle_6,Прибыл_груженый,Владивосток,Санкт-Петербург,20,7,32
2006-12-08,WEDU5817433,WEDU5817433_cycle_6,Прибыл_груженый,Санкт-Петербург,Москва,20,19,24
2006-12-08,WEDU7000544,WEDU7000544_cycle_5,Отправлен_по_ЖД,Владивосток,Санкт-Петербург,20,4,38
2006-12-09,BUTU7079823,BUTU7079823_cycle_6,Отправлен_грузополучателю,Владивосток,Владивосток,20,1,19
2006-12-09,BUTU7130462,BUTU7130462_cycle_5,Прибыл_по_ЖД,Москва,Москва,20,14,2
2006-12-09,CRTU2183954,CRTU2183954_cycle_5,Прибыл_по_ЖД,Москва,Москва,40,13,9
2006-12-09,CRTU5834937,CRTU5834937_cycle_5,Прибыл_груженый,Санкт-Петербург,Владивосток,20,7,24
2006-12-09,CRTU6264170,CRTU6264170_cycle_7,Отправлен_по_ЖД,Владивосток,Санкт-Петербург,40,1,21
2006-12-09,CRTU8114609,CRTU8114609_cycle_7,Прибыл_по_ЖД,Москва,Москва,20,8,31
2006-12-09,ERKU5435191,ERKU5435191_cycle_5,Прибыл_свободным,Москва,Москва,20,22,0
2006-12-09,ERKU8324044,ERKU8324044_cycle_6,Передан_на_погрузку,Санкт-Петербург,Москва,40,0,46
2006-12-09,KNYU6970613,KNYU6970613_cycle_7,Отправлен_по_ЖД,Владивосток,Санкт-Петербург,20,2,45
2006-12-09,KNYU7944727,KNYU7944727_cycle_7,Прибыл_свободным,Москва,Москва,20,26,0
2006-12-09,KNYU7944727,KNYU7944727_cycle_8,Передан_на_погрузку,Москва,Санкт-Петербург,20,0,31
2006-12-09,KNYU9683883,KNYU9683883_cycle_8,Прибыл_груженый,Санкт-Петербург,Владивосток,20,8,22
2006-12-09,WEDU4651205,WEDU4651205_cycle_7,Прибыл_по_ЖД,Владивосток,Владивосток,20,15,11
2006-12-10,CRTU2093770,CRTU2093770_cycle_6,Прибыл_по_ЖД,Санкт-Петербург,Санкт-Петербург,40,17,0
2006-12-10,CRTU2093770,CRTU2093770_cycle_6,Отправлен_грузополучателю,Санкт-Петербург,Санкт-Петербург,40,0,0
2006-12-10,CRTU2093770,CRTU2093770_cycle_6,Прибыл_свободным,Санкт-Петербург,Санкт-Петербург,40,0,0
2006-12-10,CRTU5834937,CRTU5834937_cycle_5,Отправлен_по_ЖД,Санкт-Петербург,Владивосток,20,1,23
2006-12-10,KNYU1773354,KNYU1773354_cycle_5,Прибыл_свободным,Москва,Москва,20,18,0
2006-12-10,STNU1402586,STNU1402586_cycle_6,Прибыл_груженый,Москва,Санкт-Петербург,20,12,11
2006-12-10,STNU1402586,STNU1402586_cycle_6,Отправлен_по_ЖД,Москва,Санкт-Петербург,20,0,11
2006-12-10,STNU1402586,STNU1402586_cycle_6,Прибыл_по_ЖД,Санкт-Петербург,Санкт-Петербург,20,0,11
2006-12-10,STNU1402586,STNU1402586_cycle_6,Отправлен_грузополучателю,Санкт-Петербург,Санкт-Петербург,20,0,11
2006-12-10,TIMU5293271,TIMU5293271_cycle_6,Прибыл_по_ЖД,Владивосток,Владивосток,20,15,18
2006-12-10,TIMU7964806,TIMU7964806_cycle_4,Прибыл_свободным,Москва,Москва,40,10,0
2006-12-10,TIMU7964806,TIMU7964806_cycle_5,Передан_на_погрузку,Москва,Санкт-Петербург,40,0,25
2006-12-10,TIMU8250428,TIMU8250428_cycle_6,Прибыл_свободным,Санкт-Петербург,Санкт-Петербург,20,4,0
2006-12-10,WEDU4651205,WEDU4651205_cycle_7,Отправлен_грузополучателю,Владивосток,Владивосток,20,1,10
2006-12-10,WEDU5817433,WEDU5817433_cycle_6,Отправлен_по_ЖД,Санкт-Петербург,Москва,20,2,22
2006-12-10,WEDU5817433,WEDU5817433_cycle_6,Прибыл_по_ЖД,Москва,Москва,20,0,22
2006-12-11,BUTU7130462,BUTU7130462_cycle_5,Отправлен_грузополучателю,Москва,Москва,20,2,0
2006-12-11,BUTU7130462,BUTU7130462_cycle_5,Прибыл_свободным,Москва,Москва,20,0,0
2006-12-11,CRTU1715325,CRTU1715325_cycle_7,Прибыл_груженый,Москва,Санкт-Петербург,40,5,11
2006-12-11,CRTU2183954,CRTU2183954_cycle_5,Отправлен_грузополучателю,Москва,Москва,40,2,7
2006-12-11,CRTU8114609,CRTU8114609_cycle_7,Отправлен_грузополучателю,Москва,Москва,20,2,29
2006-12-11,ERKU3509749,ERKU3509749_cycle_6,Прибыл_по_ЖД,Владивосток,Владивосток,20,20,8
2006-12-11,KNYU3335859,KNYU3335859_cycle_6,Отправлен_по_ЖД,Владивосток,Санкт-Петербург,20,3,29
2006-12-11,KNYU9683883,KNYU9683883_cycle_8,Отправлен_по_ЖД,Санкт-Петербург,Владивосток,20,2,20
2006-12-11,STNU2794431,STNU2794431_cycle_6,Прибыл_свободным,Владивосток,Владивосток,20,27,0
2006-12-11,TIMU3137493,TIMU3137493_cycle_5,Передан_на_погрузку,Санкт-Петербург,Владивосток,40,0,29
2006-12-11,TOWU6899546,TOWU6899546_cycle_6,Передан_на_погрузку,Москва,Владивосток,20,0,18
2006-12-12,CRTU1715325,CRTU1715325_cycle_7,Отправлен_по_ЖД,Москва,Санкт-Петербург,40,1,10
2006-12-12,CRTU1715325,CRTU1715325_cycle_7,Прибыл_по_ЖД,Санкт-Петербург,Санкт-Петербург,40,0,10
2006-12-12,KNYU6806102,KNYU6806102_cycle_6,Передан_на_погрузку,Владивосток,Москва,20,0,38
2006-12-12,TIMU5293271,TIMU5293271_cycle_6,Отправлен_грузополучателю,Владивосток,Владивосток,20,2,16
2006-12-12,TIMU9543550,TIMU9543550_cycle_7,Передан_на_погрузку,Санкт-Петербург,Москва,40,0,25
2006-12-12,TIMU9543550,TIMU9543550_cycle_7,Прибыл_груженый,Санкт-Петербург,Москва,40,0,25
2006-12-12,TIMU9543550,TIMU9543550_cycle_7,Отправлен_по_ЖД,Санкт-Петербург,Москва,40,0,25
2006-12-12,WEDU2383938,WEDU2383938_cycle_6,Прибыл_свободным,Санкт-Петербург,Санкт-Петербург,20,19,0
2006-12-12,WEDU5817433,WEDU5817433_cycle_6,Отправлен_грузополучателю,Москва,Москва,20,2,20
2006-12-13,BUTU1300953,BUTU1300953_cycle_5,Прибыл_по_ЖД,Санкт-Петербург,Санкт-Петербург,40,5,15
2006-12-13,CRTU3557001,CRTU3557001_cycle_5,Прибыл_свободным,Москва,Москва,20,20,0
2006-12-13,CRTU3557001,CRTU3557001_cycle_6,Передан_на_погрузку,Москва,Владивосток,20,0,45
2006-12-13,ERKU3509749,ERKU3509749_cycle_6,Отправлен_грузополучателю,Владивосток,Владивосток,20,2,6
2006-12-13,ERKU5797068,ERKU5797068_cycle_6,Передан_на_погрузку,Москва,Владивосток,40,0,39
2006-12-13,STNU9845862,STNU9845862_cycle_5,Прибыл_груженый,Москва,Санкт-Петербург,40,14,25
2006-12-13,TIMU9543550,TIMU9543550_cycle_7,Прибыл_по_ЖД,Москва,Москва,40,1,24
2006-12-13,TOWU9896330,TOWU9896330_cycle_6,Прибыл_по_ЖД,Москва,Москва,40,7,14
2006-12-13,WEDU6102098,WEDU6102098_cycle_6,Передан_на_погрузку,Москва,Владивосток,20,0,64
2006-12-13,WEDU9910122,WEDU9910122_cycle_6,Прибыл_по_ЖД,Владивосток,Владивосток,40,12,0
2006-12-13,WEDU9910122,WEDU9910122_cycle_6,Отправлен_грузополучателю,Владивосток,Владивосток,40,0,0
2006-12-13,WEDU9910122,WEDU9910122_cycle_6,Прибыл_свободным,Владивосток,Владивосток,40,0,0
2006-12-14,BUTU9513169,BUTU9513169_cycle_7,Передан_на_погрузку,Владивосток,Санкт-Петербург,40,0,39
2006-12-14,ERKU7945290,ERKU7945290_cycle_7,Передан_на_погрузку,Владивосток,Москва,20,0,22
2006-12-14,KNYU1437543,KNYU1437543_cycle_6,Прибыл_груженый,Москва,Санкт-Петербург,20,9,2
2006-12-14,STNU2356703,STNU2356703_cycle_6,Передан_на_погрузку,Москва,Владивосток,40,0,28
2006-12-14,TIMU8010374,TIMU8010374_cycle_5,Прибыл_свободным,Владивосток,Владивосток,20,20,0
2006-12-14,TOWU6899546,TOWU6899546_cycle_6,Прибыл_груженый,Москва,Владивосток,20,3,15
2006-12-14,TOWU6899546,TOWU6899546_cycle_6,Отправлен_по_ЖД,Москва,Владивосток,20,0,15
2006-12-14,TOWU7808384,TOWU7808384_cycle_4,Прибыл_свободным,Владивосток,Владивосток,40,8,0
2006-12-14,TOWU8351331,TOWU8351331_cycle_4,Прибыл_свободным,Санкт-Петербург,Санкт-Петербург,20,7,0
2006-12-14,TOWU8381849,TOWU8381849_cycle_5,Прибыл_свободным,Владивосток,Владивосток,20,16,0
2006-12-14,TOWU9896330,TOWU9896330_cycle_6,Отправлен_грузополучателю,Москва,Москва,40,1,13
2006-12-14,WEDU6874585,WEDU6874585_cycle_5,Прибыл_груженый,Москва,Санкт-Петербург,20,7,17
2006-12-14,WEDU8568487,WEDU8568487_cycle_8,Прибыл_груженый,Москва,Санкт-Петербург,40,16,4
2006-12-14,WEDU8568487,WEDU8568487_cycle_8,Отправлен_по_ЖД,Москва,Санкт-Петербург,40,0,4
2006-12-15,BUTU1300953,BUTU1300953_cycle_5,Отправлен_грузополучателю,Санкт-Петербург,Санкт-Петербург,40,2,13
2006-12-15,BUTU7001309,BUTU7001309_cycle_7,Прибыл_свободным,Москва,Москва,20,9,0
2006-12-15,CRTU1715325,CRTU1715325_cycle_7,Отправлен_грузополучателю,Санкт-Петербург,Санкт-Петербург,40,3,7
2006-12-15,CRTU1937935,CRTU1937935_cycle_5,Прибыл_свободным,Москва,Москва,40,27,0
2006-12-15,CRTU8128829,CRTU8128829_cycle_7,Прибыл_свободным,Москва,Москва,20,7,0
2006-12-15,KNYU1437543,KNYU1437543_cycle_6,Отправлен_по_ЖД,Москва,Санкт-Петербург,20,1,1
2006-12-15,KNYU1437543,KNYU1437543_cycle_6,Прибыл_по_ЖД,Санкт-Петербург,Санкт-Петербург,20,0,1
2006-12-15,KNYU1437543,KNYU1437543_cycle_6,Отправлен_грузополучателю,Санкт-Петербург,Санкт-Петербург,20,0,1
2006-12-15,KNYU3537798,KNYU3537798_cycle_5,Передан_на_погрузку,Москва,Санкт-Петербург,20,0,16
2006-12-15,KNYU7944727,KNYU7944727_cycle_8,Прибыл_груженый,Москва,Санкт-Петербург,20,6,25
2006-12-15,KNYU9630138,KNYU9630138_cycle_6,Передан_на_погрузку,Санкт-Петербург,Владивосток,20,0,46
2006-12-15,STNU9845862,STNU9845862_cycle_5,Отправлен_по_ЖД,Москва,Санкт-Петербург,40,2,23
2006-12-15,TOWU3611630,TOWU3611630_cycle_7,Прибыл_груженый,Владивосток,Санкт-Петербург,40,14,20
2006-12-15,TOWU3611630,TOWU3611630_cycle_7,Отправлен_по_ЖД,Владивосток,Санкт-Петербург,40,0,20
2006-12-15,TOWU7931879,TOWU7931879_cycle_6,Передан_на_погрузку,Москва,Санкт-Петербург,40,0,32
2006-12-16,BUTU4321000,BUTU4321000_cycle_7,Передан_на_погрузку,Владивосток,Москва,40,0,36
2006-12-16,KNYU1437543,KNYU1437543_cycle_6,Прибыл_свободным,Санкт-Петербург,Санкт-Петербург,20,1,0
2006-12-16,STNU9487869,STNU9487869_cycle_8,Прибыл_груженый,Санкт-Петербург,Москва,40,13,8
2006-12-16,TIMU3137493,TIMU3137493_cycle_5,Прибыл_груженый,Санкт-Петербург,Владивосток,40,5,24
2006-12-16,TIMU7964806,TIMU7964806_cycle_5,Прибыл_груженый,Москва,Санкт-Петербург,40,6,19
2006-12-16,TIMU9543550,TIMU9543550_cycle_7,Отправлен_грузополучателю,Москва,Москва,40,3,21
2006-12-16,TOWU5842316,TOWU5842316_cycle_7,Прибыл_груженый,Владивосток,Санкт-Петербург,40,17,24
2006-12-16,WEDU6874585,WEDU6874585_cycle_5,Отправлен_по_ЖД,Москва,Санкт-Петербург,20,2,15
2006-12-16,WEDU6874585,WEDU6874585_cycle_5,Прибыл_по_ЖД,Санкт-Петербург,Санкт-Петербург,20,0,15
2006-12-17,BUTU8729025,BUTU8729025_cycle_6,Прибыл_груженый,Москва,Санкт-Петербург,40,13,25
2006-12-17,CRTU3557936,CRTU3557936_cycle_7,Передан_на_погрузку,Владивосток,Москва,20,0,39
2006-12-17,CRTU3557936,CRTU3557936_cycle_7,Прибыл_груженый,Владивосток,Москва,20,0,39
2006-12-17,KNYU7944727,KNYU7944727_cycle_8,Отправлен_по_ЖД,Москва,Санкт-Петербург,20,2,23
2006-12-17,TIMU7964806,TIMU7964806_cycle_5,Отправлен_по_ЖД,Москва,Санкт-Петербург,40,1,18
2006-12-17,WEDU6874585,WEDU6874585_cycle_5,Отправлен_грузополучателю,Санкт-Петербург,Санкт-Петербург,20,1,14
2006-12-18,CRTU2183954,CRTU2183954_cycle_5,Прибыл_свободным,Москва,Москва,40,7,0
2006-12-18,KNYU3021654,KNYU3021654_cycle_8,Прибыл_по_ЖД,Владивосток,Владивосток,40,15,14
2006-12-18,KNYU5786200,KNYU5786200_cycle_6,Прибыл_свободным,Москва,Москва,20,19,0
2006-12-18,STNU6396019,STNU6396019_cycle_6,Прибыл_груженый,Москва,Санкт-Петербург,40,13,14
2006-12-18,STNU9487869,STNU9487869_cycle_8,Отправлен_по_ЖД,Санкт-Петербург,Москва,40,2,6
2006-12-18,STNU9487869,STNU9487869_cycle_8,Прибыл_по_ЖД,Москва,Москва,40,0,6
2006-12-18,TOWU5892461,TOWU5892461_cycle_6,Прибыл_груженый,Санкт-Петербург,Владивосток,40,11,25
2006-12-18,TOWU5892461,TOWU5892461_cycle_6,Отправлен_по_ЖД,Санкт-Петербург,Владивосток,40,0,25
2006-12-18,WEDU7000544,WEDU7000544_cycle_5,Прибыл_по_ЖД,Санкт-Петербург,Санкт-Петербург,20,10,28
2006-12-18,WEDU7707795,WEDU7707795_cycle_6,Прибыл_груженый,Москва,Санкт-Петербург,40,13,18
2006-12-18,WEDU8568487,WEDU8568487_cycle_8,Прибыл_по_ЖД,Санкт-Петербург,Санкт-Петербург,40,4,0
2006-12-18,WEDU8568487,WEDU8568487_cycle_8,Отправлен_грузополучателю,Санкт-Петербург,Санкт-Петербург,40,0,0
2006-12-18,WEDU8568487,WEDU8568487_cycle_8,Прибыл_свободным,Санкт-Петербург,Санкт-Петербург,40,0,0
2006-12-19,BUTU4321000,BUTU4321000_cycle_7,Прибыл_груженый,Владивосток,Москва,40,3,33
2006-12-19,ERKU3123425,ERKU3123425_cycle_7,Прибыл_по_ЖД,Владивосток,Владивосток,20,20,25
2006-12-19,ERKU3509749,ERKU3509749_cycle_6,Прибыл_свободным,Владивосток,Владивосток,20,6,0
2006-12-19,STNU5088417,STNU5088417_cycle_6,Прибыл_груженый,Владивосток,Санкт-Петербург,40,12,31
2006-12-19,STNU5088417,STNU5088417_cycle_6,Отправлен_по_ЖД,Владивосток,Санкт-Петербург,40,0,31
2006-12-19,STNU6396019,STNU6396019_cycle_6,Отправлен_по_ЖД,Москва,Санкт-Петербург,40,1,13
2006-12-19,STNU6396019,STNU6396019_cycle_6,Прибыл_по_ЖД,Санкт-Петербург,Санкт-Петербург,40,0,13
2006-12-19,TIMU3137493,TIMU3137493_cycle_5,Отправлен_по_ЖД,Санкт-Петербург,Владивосток,40,3,21
2006-12-19,TOWU5842316,TOWU5842316_cycle_7,Отправлен_по_ЖД,Владивосток,Санкт-Петербург,40,3,21
2006-12-19,TOWU8161314,TOWU8161314_cycle_6,Прибыл_свободным,Москва,Москва,20,27,0
2006-12-19,WEDU7000544,WEDU7000544_cycle_5,Отправлен_грузополучателю,Санкт-Петербург,Санкт-Петербург,20,1,27
2006-12-20,BUTU2391445,BUTU2391445_cycle_6,Прибыл_по_ЖД,Санкт-Петербург,Санкт-Петербург,20,15,11
2006-12-20,CRTU1167966,CRTU1167966_cycle_6,Передан_на_погрузку,Санкт-Петербург,Москва,40,0,15
2006-12-20,CRTU3557936,CRTU3557936_cycle_7,Отправлен_по_ЖД,Владивосток,Москва,20,3,36
2006-12-20,ERKU3509749,ERKU3509749_cycle_7,Передан_на_погрузку,Владивосток,Москва,20,0,41
2006-12-20,KNYU3021654,KNYU3021654_cycle_8,Отправлен_грузополучателю,Владивосток,Владивосток,40,2,12
2006-12-20,KNYU7944727,KNYU7944727_cycle_8,Прибыл_по_ЖД,Санкт-Петербург,Санкт-Петербург,20,3,20
2006-12-20,STNU2517447,STNU2517447_cycle_7,Передан_на_погрузку,Владивосток,Санкт-Петербург,40,0,47
2006-12-20,STNU9767317,STNU9767317_cycle_5,Прибыл_свободным,Санкт-Петербург,Санкт-Петербург,20,14,0
2006-12-20,STNU9845862,STNU9845862_cycle_5,Прибыл_по_ЖД,Санкт-Петербург,Санкт-Петербург,40,5,18
2006-12-20,TIMU5165088,TIMU5165088_cycle_6,Прибыл_по_ЖД,Владивосток,Владивосток,40,13,30
2006-12-20,TOWU2984334,TOWU2984334_cycle_7,Прибыл_свободным,Москва,Москва,40,28,0
2006-12-20,TOWU2984334,TOWU2984334_cycle_8,Передан_на_погрузку,Москва,Владивосток,40,0,46
2006-12-20,WEDU4651205,WEDU4651205_cycle_7,Прибыл_свободным,Владивосток,Владивосток,20,10,0
2006-12-20,WEDU7707795,WEDU7707795_cycle_6,Отправлен_по_ЖД,Москва,Санкт-Петербург,40,2,16
2006-12-20,WEDU7707795,WEDU7707795_cycle_6,Прибыл_по_ЖД,Санкт-Петербург,Санкт-Петербург,40,0,16
2006-12-20,WEDU7707795,WEDU7707795_cycle_6,Отправлен_грузополучателю,Санкт-Петербург,Санкт-Петербург,40,0,16
2006-12-21,BUTU2391445,BUTU2391445_cycle_6,Отправлен_грузополучателю,Санкт-Петербург,Санкт-Петербург,20,1,10
2006-12-21,BUTU4321000,BUTU4321000_cycle_7,Отправлен_по_ЖД,Владивосток,Москва,40,2,31
2006-12-21,BUTU8729025,BUTU8729025_cycle_6,Отправлен_по_ЖД,Москва,Санкт-Петербург,40,4,21
2006-12-21,ERKU3123425,ERKU3123425_cycle_7,Отправлен_грузополучателю,Владивосток,Владивосток,20,2,23
2006-12-21,ERKU7945290,ERKU7945290_cycle_7,Прибыл_груженый,Владивосток,Москва,20,7,15
2006-12-21,KNYU7944727,KNYU7944727_cycle_8,Отправлен_грузополучателю,Санкт-Петербург,Санкт-Петербург,20,1,19
2006-12-21,STNU1402586,STNU1402586_cycle_6,Прибыл_свободным,Санкт-Петербург,Санкт-Петербург,20,11,0
2006-12-21,STNU2517447,STNU2517447_cycle_7,Прибыл_груженый,Владивосток,Санкт-Петербург,40,1,46
2006-12-21,STNU4919514,STNU4919514_cycle_7,Передан_на_погрузку,Санкт-Петербург,Владивосток,40,0,39
2006-12-21,STNU6396019,STNU6396019_cycle_6,Отправлен_грузополучателю,Санкт-Петербург,Санкт-Петербург,40,2,11
2006-12-21,STNU9487869,STNU9487869_cycle_8,Отправлен_грузополучателю,Москва,Москва,40,3,3
2006-12-21,STNU9845862,STNU9845862_cycle_5,Отправлен_грузополучателю,Санкт-Петербург,Санкт-Петербург,40,1,17
2006-12-21,TIMU7964806,TIMU7964806_cycle_5,Прибыл_по_ЖД,Санкт-Петербург,Санкт-Петербург,40,4,14
2006-12-21,WEDU6654977,WEDU6654977_cycle_5,Прибыл_свободным,Владивосток,Владивосток,20,15,0
2006-12-21,WEDU8568487,WEDU8568487_cycle_9,Передан_на_погрузку,Санкт-Петербург,Владивосток,40,0,19
2006-12-22,BUTU8954572,BUTU8954572_cycle_6,Передан_на_погрузку,Москва,Владивосток,40,0,49
2006-12-22,BUTU9513169,BUTU9513169_cycle_7,Прибыл_груженый,Владивосток,Санкт-Петербург,40,8,31
2006-12-22,BUTU9513169,BUTU9513169_cycle_7,Отправлен_по_ЖД,Владивосток,Санкт-Петербург,40,0,31
2006-12-22,CRTU1521773,CRTU1521773_cycle_4,Прибыл_свободным,Владивосток,Владивосток,20,31,0
2006-12-22,CRTU1715325,CRTU1715325_cycle_7,Прибыл_свободным,Санкт-Петербург,Санкт-Петербург,40,7,0
2006-12-22,CRTU6264170,CRTU6264170_cycle_7,Прибыл_по_ЖД,Санкт-Петербург,Санкт-Петербург,40,13,8
2006-12-22,KNYU1033833,KNYU1033833_cycle_6,Передан_на_погрузку,Владивосток,Санкт-Петербург,40,0,41
2006-12-22,KNYU1824938,KNYU1824938_cycle_8,Прибыл_по_ЖД,Санкт-Петербург,Санкт-Петербург,20,21,22
2006-12-22,KNYU8173059,KNYU8173059_cycle_8,Прибыл_груженый,Владивосток,Санкт-Петербург,20,16,52
2006-12-22,KNYU9630138,KNYU9630138_cycle_6,Прибыл_груженый,Санкт-Петербург,Владивосток,20,7,39
2006-12-22,STNU4919514,STNU4919514_cycle_7,Прибыл_груженый,Санкт-Петербург,Владивосток,40,1,38
2006-12-22,TIMU5165088,TIMU5165088_cycle_6,Отправлен_грузополучателю,Владивосток,Владивосток,40,2,28
2006-12-22,TIMU8887794,TIMU8887794_cycle_6,Прибыл_по_ЖД,Владивосток,Владивосток,20,20,24
2006-12-23,CRTU6264170,CRTU6264170_cycle_7,Отправлен_грузополучателю,Санкт-Петербург,Санкт-Петербург,40,1,7
2006-12-23,ERKU4123975,ERKU4123975_cycle_7,Передан_на_погрузку,Москва,Санкт-Петербург,40,0,30
2006-12-23,ERKU7945290,ERKU7945290_cycle_7,Отправлен_по_ЖД,Владивосток,Москва,20,2,13
2006-12-23,KNYU1824938,KNYU1824938_cycle_8,Отправлен_грузополучателю,Санкт-Петербург,Санкт-Петербург,20,1,21
2006-12-23,KNYU3335859,KNYU3335859_cycle_6,Прибыл_по_ЖД,Санкт-Петербург,Санкт-Петербург,20,12,17
2006-12-23,KNYU5372067,KNYU5372067_cycle_7,Прибыл_груженый,Санкт-Петербург,Владивосток,40,22,31
2006-12-23,KNYU6806102,KNYU6806102_cycle_6,Прибыл_груженый,Владивосток,Москва,20,11,27
2006-12-23,KNYU6806102,KNYU6806102_cycle_6,Отправлен_по_ЖД,Владивосток,Москва,20,0,27
2006-12-23,STNU2356703,STNU2356703_cycle_6,Прибыл_груженый,Москва,Владивосток,40,9,19
2006-12-23,STNU2517447,STNU2517447_cycle_7,Отправлен_по_ЖД,Владивосток,Санкт-Петербург,40,2,44
2006-12-23,STNU9767317,STNU9767317_cycle_6,Передан_на_погрузку,Санкт-Петербург,Владивосток,20,0,46
2006-12-23,TIMU8887794,TIMU8887794_cycle_6,Отправлен_грузополучателю,Владивосток,Владивосток,20,1,23
2006-12-23,TOWU2940273,TOWU2940273_cycle_6,Прибыл_свободным,Санкт-Петербург,Санкт-Петербург,40,27,0
2006-12-24,CRTU8128829,CRTU8128829_cycle_8,Передан_на_погрузку,Москва,Владивосток,20,0,16
2006-12-24,ERKU5797068,ERKU5797068_cycle_6,Прибыл_груженый,Москва,Владивосток,40,11,28
2006-12-24,KNYU8173059,KNYU8173059_cycle_8,Отправлен_по_ЖД,Владивосток,Санкт-Петербург,20,2,50
2006-12-24,STNU3092282,STNU3092282_cycle_7,Прибыл_по_ЖД,Санкт-Петербург,Санкт-Петербург,40,17,7
2006-12-24,STNU9487869,STNU9487869_cycle_8,Прибыл_свободным,Москва,Москва,40,3,0
2006-12-24,TIMU6180706,TIMU6180706_cycle_6,Прибыл_свободным,Санкт-Петербург,Санкт-Петербург,40,17,0
2006-12-24,TIMU7964806,TIMU7964806_cycle_5,Отправлен_грузополучателю,Санкт-Петербург,Санкт-Петербург,40,3,11
2006-12-24,WEDU8568487,WEDU8568487_cycle_9,Прибыл_груженый,Санкт-Петербург,Владивосток,40,3,16
2006-12-24,WEDU8568487,WEDU8568487_cycle_9,Отправлен_по_ЖД,Санкт-Петербург,Владивосток,40,0,16
2006-12-25,ERKU5797068,ERKU5797068_cycle_6,Отправлен_по_ЖД,Москва,Владивосток,40,1,27
2006-12-25,KNYU3335859,KNYU3335859_cycle_6,Отправлен_грузополучателю,Санкт-Петербург,Санкт-Петербург,20,2,15
2006-12-25,KNYU5372067,KNYU5372067_cycle_7,Отправлен_по_ЖД,Санкт-Петербург,Владивосток,40,2,29
2006-12-25,KNYU9630138,KNYU9630138_cycle_6,Отправлен_по_ЖД,Санкт-Петербург,Владивосток,20,3,36
2006-12-25,STNU2356703,STNU2356703_cycle_6,Отправлен_по_ЖД,Москва,Владивосток,40,2,17
2006-12-25,STNU3092282,STNU3092282_cycle_7,Отправлен_грузополучателю,Санкт-Петербург,Санкт-Петербург,40,1,6
2006-12-25,STNU4919514,STNU4919514_cycle_7,Отправлен_по_ЖД,Санкт-Петербург,Владивосток,40,3,35
2006-12-25,TOWU9892746,TOWU9892746_cycle_7,Передан_на_погрузку,Владивосток,Москва,40,0,27
2006-12-26,CRTU5834937,CRTU5834937_cycle_5,Прибыл_по_ЖД,Владивосток,Владивосток,20,16,7
2006-12-26,TOWU3611630,TOWU3611630_cycle_7,Прибыл_по_ЖД,Санкт-Петербург,Санкт-Петербург,40,11,9
2006-12-27,CRTU5834937,CRTU5834937_cycle_5,Отправлен_грузополучателю,Владивосток,Владивосток,20,1,6
2006-12-27,KNYU1033833,KNYU1033833_cycle_6,Прибыл_груженый,Владивосток,Санкт-Петербург,40,5,36
2006-12-27,KNYU6970613,KNYU6970613_cycle_7,Прибыл_по_ЖД,Санкт-Петербург,Санкт-Петербург,20,18,27
2006-12-27,TIMU3656871,TIMU3656871_cycle_6,Прибыл_свободным,Владивосток,Владивосток,20,20,0
2006-12-27,TOWU9896330,TOWU9896330_cycle_6,Прибыл_свободным,Москва,Москва,40,13,0
2006-12-28,BUTU1300953,BUTU1300953_cycle_5,Прибыл_свободным,Санкт-Петербург,Санкт-Петербург,40,13,0
2006-12-28,BUTU1300953,BUTU1300953_cycle_6,Передан_на_погрузку,Санкт-Петербург,Москва,40,0,45
2006-12-28,BUTU7079823,BUTU7079823_cycle_6,Прибыл_свободным,Владивосток,Владивосток,20,19,0
2006-12-28,BUTU8729025,BUTU8729025_cycle_6,Прибыл_по_ЖД,Санкт-Петербург,Санкт-Петербург,40,7,14
2006-12-28,CRTU3557936,CRTU3557936_cycle_7,Прибыл_по_ЖД,Москва,Москва,20,8,28
2006-12-28,KNYU3537798,KNYU3537798_cycle_5,Прибыл_груженый,Москва,Санкт-Петербург,20,13,3
2006-12-28,STNU5088417,STNU5088417_cycle_6,Прибыл_по_ЖД,Санкт-Петербург,Санкт-Петербург,40,9,22
2006-12-28,TIMU5293271,TIMU5293271_cycle_6,Прибыл_свободным,Владивосток,Владивосток,20,16,0
2006-12-28,TIMU5293271,TIMU5293271_cycle_7,Передан_на_погрузку,Владивосток,Москва,20,0,35
2006-12-28,TOWU5842316,TOWU5842316_cycle_7,Прибыл_по_ЖД,Санкт-Петербург,Санкт-Петербург,40,9,12
2006-12-28,TOWU5842316,TOWU5842316_cycle_7,Отправлен_грузополучателю,Санкт-Петербург,Санкт-Петербург,40,0,12
2006-12-28,TOWU6899546,TOWU6899546_cycle_6,Прибыл_по_ЖД,Владивосток,Владивосток,20,14,1
2006-12-28,TOWU7931879,TOWU7931879_cycle_6,Прибыл_груженый,Москва,Санкт-Петербург,40,13,19
2006-12-28,WEDU6876299,WEDU6876299_cycle_6,Прибыл_свободным,Москва,Москва,20,22,0
2006-12-29,CRTU2183954,CRTU2183954_cycle_6,Передан_на_погрузку,Москва,Владивосток,40,0,27
2006-12-29,CRTU3557001,CRTU3557001_cycle_6,Прибыл_груженый,Москва,Владивосток,20,16,29
2006-12-29,ERKU8324044,ERKU8324044_cycle_6,Прибыл_груженый,Санкт-Петербург,Москва,40,20,26
2006-12-29,KNYU1033833,KNYU1033833_cycle_6,Отправлен_по_ЖД,Владивосток,Санкт-Петербург,40,2,34
2006-12-29,KNYU1437543,KNYU1437543_cycle_7,Передан_на_погрузку,Санкт-Петербург,Москва,20,0,6
2006-12-29,KNYU6970613,KNYU6970613_cycle_7,Отправлен_грузополучателю,Санкт-Петербург,Санкт-Петербург,20,2,25
2006-12-29,STNU5088417,STNU5088417_cycle_6,Отправлен_грузополучателю,Санкт-Петербург,Санкт-Петербург,40,1,21
2006-12-29,TIMU1636645,TIMU1636645_cycle_6,Прибыл_свободным,Санкт-Петербург,Санкт-Петербург,20,26,0
2006-12-29,TOWU3611630,TOWU3611630_cycle_7,Отправлен_грузополучателю,Санкт-Петербург,Санкт-Петербург,40,3,6
2006-12-29,TOWU6899546,TOWU6899546_cycle_6,Отправлен_грузополучателю,Владивосток,Владивосток,20,1,0
2006-12-29,TOWU6899546,TOWU6899546_cycle_6,Прибыл_свободным,Владивосток,Владивосток,20,0,0
2006-12-29,WEDU2249581,WEDU2249581_cycle_7,Передан_на_погрузку,Санкт-Петербург,Москва,20,0,44
2006-12-30,BUTU8729025,BUTU8729025_cycle_6,Отправлен_грузополучателю,Санкт-Петербург,Санкт-Петербург,40,2,12
2006-12-30,CRTU1167966,CRTU1167966_cycle_6,Прибыл_груженый,Санкт-Петербург,Москва,40,10,5
2006-12-30,CRTU3557001,CRTU3557001_cycle_6,Отправлен_по_ЖД,Москва,Владивосток,20,1,28
2006-12-30,CRTU3557936,CRTU3557936_cycle_7,Отправлен_грузополучателю,Москва,Москва,20,2,26
2006-12-30,CRTU6264170,CRTU6264170_cycle_7,Прибыл_свободным,Санкт-Петербург,Санкт-Петербург,40,7,0
2006-12-30,CRTU8128829,CRTU8128829_cycle_8,Прибыл_груженый,Москва,Владивосток,20,6,10
2006-12-30,ERKU8324044,ERKU8324044_cycle_6,Отправлен_по_ЖД,Санкт-Петербург,Москва,40,1,25
2006-12-30,ERKU8324044,ERKU8324044_cycle_6,Прибыл_по_ЖД,Москва,Москва,40,0,25
2006-12-30,KNYU9683883,KNYU9683883_cycle_8,Прибыл_по_ЖД,Владивосток,Владивосток,20,19,1
2006-12-30,TIMU6180706,TIMU6180706_cycle_7,Передан_на_погрузку,Санкт-Петербург,Владивосток,40,0,37
2006-12-30,TIMU7736033,TIMU7736033_cycle_5,Прибыл_свободным,Санкт-Петербург,Санкт-Петербург,20,27,0
2006-12-30,TOWU7931879,TOWU7931879_cycle_6,Отправлен_по_ЖД,Москва,Санкт-Петербург,40,2,17
2006-12-31,BUTU2391445,BUTU2391445_cycle_6,Прибыл_свободным,Санкт-Петербург,Санкт-Петербург,20,10,0
2006-12-31,BUTU2391445,BUTU2391445_cycle_7,Передан_на_погрузку,Санкт-Петербург,Владивосток,20,0,61
2006-12-31,CRTU1167966,CRTU1167966_cycle_6,Отправлен_по_ЖД,Санкт-Петербург,Москва,40,1,4
2006-12-31,CRTU1167966,CRTU1167966_cycle_6,Прибыл_по_ЖД,Москва,Москва,40,0,4
2006-12-31,CRTU1521773,CRTU1521773_cycle_5,Передан_на_погрузку,Владивосток,Москва,20,0,32
2006-12-31,KNYU3537798,KNYU3537798_cycle_5,Отправлен_по_ЖД,Москва,Санкт-Петербург,20,3,0
2006-12-31,KNYU3537798,KNYU3537798_cycle_5,Прибыл_по_ЖД,Санкт-Петербург,Санкт-Петербург,20,0,0
2006-12-31,KNYU3537798,KNYU3537798_cycle_5,Отправлен_грузополучателю,Санкт-Петербург,Санкт-Петербург,20,0,0
2006-12-31,KNYU3537798,KNYU3537798_cycle_5,Прибыл_свободным,Санкт-Петербург,Санкт-Петербург,20,0,0
2006-12-31,KNYU3537798,KNYU3537798_cycle_6,Передан_на_погрузку,Санкт-Петербург,Владивосток,20,0,23
2006-12-31,KNYU9683883,KNYU9683883_cycle_8,Отправлен_грузополучателю,Владивосток,Владивосток,20,1,0
2006-12-31,KNYU9683883,KNYU9683883_cycle_8,Прибыл_свободным,Владивосток,Владивосток,20,0,0
2006-12-31,KNYU9683883,KNYU9683883_cycle_9,Передан_на_погрузку,Владивосток,Москва,20,0,36
2006-12-31,STNU3092282,STNU3092282_cycle_7,Прибыл_свободным,Санкт-Петербург,Санкт-Петербург,40,6,0
2006-12-31,WEDU6874585,WEDU6874585_cycle_5,Прибыл_свободным,Санкт-Петербург,Санкт-Петербург,20,14,0
2007-01-01,BUTU4321000,BUTU4321000_cycle_7,Прибыл_по_ЖД,Москва,Москва,40,11,20
2007-01-01,CRTU1167966,CRTU1167966_cycle_6,Отправлен_грузополучателю,Москва,Москва,40,1,3
2007-01-01,CRTU8128829,CRTU8128829_cycle_8,Отправлен_по_ЖД,Москва,Владивосток,20,2,8
2007-01-01,ERKU3509749,ERKU3509749_cycle_7,Прибыл_груженый,Владивосток,Москва,20,12,29
2007-01-01,ERKU8324044,ERKU8324044_cycle_6,Отправлен_грузополучателю,Москва,Москва,40,2,23
2007-01-01,KNYU3021654,KNYU3021654_cycle_8,Прибыл_свободным,Владивосток,Владивосток,40,12,0
2007-01-01,KNYU4619290,KNYU4619290_cycle_7,Передан_на_погрузку,Москва,Санкт-Петербург,40,0,23
2007-01-01,STNU6396019,STNU6396019_cycle_6,Прибыл_свободным,Санкт-Петербург,Санкт-Петербург,40,11,0
2007-01-01,TOWU7808384,TOWU7808384_cycle_5,Передан_на_погрузку,Владивосток,Санкт-Петербург,40,0,41
2007-01-01,TOWU9892746,TOWU9892746_cycle_7,Прибыл_груженый,Владивосток,Москва,40,7,20
2007-01-01,WEDU5817433,WEDU5817433_cycle_6,Прибыл_свободным,Москва,Москва,20,20,0
2007-01-02,BUTU4321000,BUTU4321000_cycle_7,Отправлен_грузополучателю,Москва,Москва,40,1,19
2007-01-02,CRTU2093770,CRTU2093770_cycle_7,Передан_на_погрузку,Санкт-Петербург,Владивосток,40,0,37
2007-01-02,CRTU5834937,CRTU5834937_cycle_5,Прибыл_свободным,Владивосток,Владивосток,20,6,0
2007-01-02,ERKU4123975,ERKU4123975_cycle_7,Прибыл_груженый,Москва,Санкт-Петербург,40,10,20
2007-01-02,ERKU7945290,ERKU7945290_cycle_7,Прибыл_по_ЖД,Москва,Москва,20,10,3
2007-01-02,KNYU3537798,KNYU3537798_cycle_6,Прибыл_груженый,Санкт-Петербург,Владивосток,20,2,21
2007-01-02,TOWU2940273,TOWU2940273_cycle_7,Передан_на_погрузку,Санкт-Петербург,Москва,40,0,34
2007-01-02,TOWU7931879,TOWU7931879_cycle_6,Прибыл_по_ЖД,Санкт-Петербург,Санкт-Петербург,40,3,14
2007-01-02,TOWU9892746,TOWU9892746_cycle_7,Отправлен_по_ЖД,Владивосток,Москва,40,1,19
2007-01-03,ERKU3509749,ERKU3509749_cycle_7,Отправлен_по_ЖД,Владивосток,Москва,20,2,27
2007-01-03,KNYU1437543,KNYU1437543_cycle_7,Прибыл_груженый,Санкт-Петербург,Москва,20,5,1
2007-01-03,TIMU3137493,TIMU3137493_cycle_5,Прибыл_по_ЖД,Владивосток,Владивосток,40,15,6
2007-01-03,TIMU5293271,TIMU5293271_cycle_7,Прибыл_груженый,Владивосток,Москва,20,6,29
2007-01-03,TIMU7736033,TIMU7736033_cycle_6,Передан_на_погрузку,Санкт-Петербург,Москва,20,0,19
2007-01-03,TIMU8250428,TIMU8250428_cycle_7,Передан_на_погрузку,Санкт-Петербург,Москва,20,0,30
2007-01-04,CRTU1167966,CRTU1167966_cycle_6,Прибыл_свободным,Москва,Москва,40,3,0
2007-01-04,ERKU4123975,ERKU4123975_cycle_7,Отправлен_по_ЖД,Москва,Санкт-Петербург,40,2,18
2007-01-04,ERKU4123975,ERKU4123975_cycle_7,Прибыл_по_ЖД,Санкт-Петербург,Санкт-Петербург,40,0,18
2007-01-04,ERKU7945290,ERKU7945290_cycle_7,Отправлен_грузополучателю,Москва,Москва,20,2,1
2007-01-04,KNYU1437543,KNYU1437543_cycle_7,Отправлен_по_ЖД,Санкт-Петербург,Москва,20,1,0
2007-01-04,KNYU1437543,KNYU1437543_cycle_7,Прибыл_по_ЖД,Москва,Москва,20,0,0
2007-01-04,KNYU1437543,KNYU1437543_cycle_7,Отправлен_грузополучателю,Москва,Москва,20,0,0
2007-01-04,KNYU1437543,KNYU1437543_cycle_7,Прибыл_свободным,Москва,Москва,20,0,0
2007-01-04,KNYU3021654,KNYU3021654_cycle_9,Передан_на_погрузку,Владивосток,Санкт-Петербург,40,0,54
2007-01-04,KNYU3537798,KNYU3537798_cycle_6,Отправлен_по_ЖД,Санкт-Петербург,Владивосток,20,2,19
2007-01-04,TIMU7964806,TIMU7964806_cycle_5,Прибыл_свободным,Санкт-Петербург,Санкт-Петербург,40,11,0
2007-01-04,TIMU8010374,TIMU8010374_cycle_6,Передан_на_погрузку,Владивосток,Санкт-Петербург,20,0,38
2007-01-04,TOWU2984334,TOWU2984334_cycle_8,Прибыл_груженый,Москва,Владивосток,40,15,31
2007-01-04,TOWU3611630,TOWU3611630_cycle_7,Прибыл_свободным,Санкт-Петербург,Санкт-Петербург,40,6,0
2007-01-05,BUTU9513169,BUTU9513169_cycle_7,Прибыл_по_ЖД,Санкт-Петербург,Санкт-Петербург,40,14,17
2007-01-05,BUTU9513169,BUTU9513169_cycle_7,Отправлен_грузополучателю,Санкт-Петербург,Санкт-Петербург,40,0,17
2007-01-05,ERKU5797068,ERKU5797068_cycle_6,Прибыл_по_ЖД,Владивосток,Владивосток,40,11,16
2007-01-05,ERKU7945290,ERKU7945290_cycle_7,Прибыл_свободным,Москва,Москва,20,1,0
2007-01-05,STNU2356703,STNU2356703_cycle_6,Прибыл_по_ЖД,Владивосток,Владивосток,40,11,6
2007-01-05,STNU3092282,STNU3092282_cycle_8,Передан_на_погрузку,Санкт-Петербург,Владивосток,40,0,32
2007-01-05,TIMU3137493,TIMU3137493_cycle_5,Отправлен_грузополучателю,Владивосток,Владивосток,40,2,4
2007-01-05,TIMU5293271,TIMU5293271_cycle_7,Отправлен_по_ЖД,Владивосток,Москва,20,2,27
2007-01-05,TOWU7931879,TOWU7931879_cycle_6,Отправлен_грузополучателю,Санкт-Петербург,Санкт-Петербург,40,3,11
2007-01-05,TOWU8381849,TOWU8381849_cycle_6,Передан_на_погрузку,Владивосток,Санкт-Петербург,20,0,51
2007-01-05,WEDU7707795,WEDU7707795_cycle_6,Прибыл_свободным,Санкт-Петербург,Санкт-Петербург,40,16,0
2007-01-06,ERKU5435191,ERKU5435191_cycle_6,Передан_на_погрузку,Москва,Санкт-Петербург,20,0,33
2007-01-06,ERKU5797068,ERKU5797068_cycle_6,Отправлен_грузополучателю,Владивосток,Владивосток,40,1,15
2007-01-06,KNYU6806102,KNYU6806102_cycle_6,Прибыл_по_ЖД,Москва,Москва,20,14,13
2007-01-06,KNYU8173059,KNYU8173059_cycle_8,Прибыл_по_ЖД,Санкт-Петербург,Санкт-Петербург,20,13,37
2007-01-06,TIMU3631350,TIMU3631350_cycle_5,Прибыл_свободным,Санкт-Петербург,Санкт-Петербург,20,39,0
2007-01-06,TIMU9543550,TIMU9543550_cycle_7,Прибыл_свободным,Москва,Москва,40,21,0
2007-01-06,TOWU2984334,TOWU2984334_cycle_8,Отправлен_по_ЖД,Москва,Владивосток,40,2,29
2007-01-07,CRTU1521773,CRTU1521773_cycle_5,Прибыл_груженый,Владивосток,Москва,20,7,25
2007-01-07,ERKU4123975,ERKU4123975_cycle_7,Отправлен_грузополучателю,Санкт-Петербург,Санкт-Петербург,40,3,15
2007-01-07,KNYU8173059,KNYU8173059_cycle_8,Отправлен_грузополучателю,Санкт-Петербург,Санкт-Петербург,20,1,36
2007-01-07,STNU9767317,STNU9767317_cycle_6,Прибыл_груженый,Санкт-Петербург,Владивосток,20,15,31
2007-01-07,STNU9845862,STNU9845862_cycle_5,Прибыл_свободным,Санкт-Петербург,Санкт-Петербург,40,17,0
2007-01-07,TIMU6310893,TIMU6310893_cycle_8,Передан_на_погрузку,Москва,Санкт-Петербург,40,0,19
2007-01-07,WEDU9910122,WEDU9910122_cycle_7,Передан_на_погрузку,Владивосток,Санкт-Петербург,40,0,44
2007-01-08,BUTU1300953,BUTU1300953_cycle_6,Прибыл_груженый,Санкт-Петербург,Москва,40,11,34
2007-01-08,BUTU1300953,BUTU1300953_cycle_6,Отправлен_по_ЖД,Санкт-Петербург,Москва,40,0,34
2007-01-08,CRTU1521773,CRTU1521773_cycle_5,Отправлен_по_ЖД,Владивосток,Москва,20,1,24
2007-01-08,CRTU3557001,CRTU3557001_cycle_6,Прибыл_по_ЖД,Владивосток,Владивосток,20,9,19
2007-01-08,CRTU3557001,CRTU3557001_cycle_6,Отправлен_грузополучателю,Владивосток,Владивосток,20,0,19
2007-01-08,CRTU8128829,CRTU8128829_cycle_8,Прибыл_по_ЖД,Владивосток,Владивосток,20,7,1
2007-01-08,STNU2356703,STNU2356703_cycle_6,Отправлен_грузополучателю,Владивосток,Владивосток,40,3,3
2007-01-08,STNU9767317,STNU9767317_cycle_6,Отправлен_по_ЖД,Санкт-Петербург,Владивосток,20,1,30
2007-01-08,WEDU6102098,WEDU6102098_cycle_6,Прибыл_груженый,Москва,Владивосток,20,26,38
2007-01-09,CRTU2183954,CRTU2183954_cycle_6,Прибыл_груженый,Москва,Владивосток,40,11,16
2007-01-09,CRTU8114609,CRTU8114609_cycle_7,Прибыл_свободным,Москва,Москва,20,29,0
2007-01-09,CRTU8128829,CRTU8128829_cycle_8,Отправлен_грузополучателю,Владивосток,Владивосток,20,1,0
2007-01-09,CRTU8128829,CRTU8128829_cycle_8,Прибыл_свободным,Владивосток,Владивосток,20,0,0
2007-01-09,KNYU3335859,KNYU3335859_cycle_6,Прибыл_свободным,Санкт-Петербург,Санкт-Петербург,20,15,0
2007-01-09,KNYU4619290,KNYU4619290_cycle_7,Прибыл_груженый,Москва,Санкт-Петербург,40,8,15
2007-01-09,KNYU6806102,KNYU6806102_cycle_6,Отправлен_грузополучателю,Москва,Москва,20,3,10
2007-01-09,KNYU7944727,KNYU7944727_cycle_8,Прибыл_свободным,Санкт-Петербург,Санкт-Петербург,20,19,0
2007-01-09,TIMU3137493,TIMU3137493_cycle_5,Прибыл_свободным,Владивосток,Владивосток,40,4,0
2007-01-09,TIMU9543550,TIMU9543550_cycle_8,Передан_на_погрузку,Москва,Владивосток,40,0,25
2007-01-09,TOWU5842316,TOWU5842316_cycle_7,Прибыл_свободным,Санкт-Петербург,Санкт-Петербург,40,12,0
2007-01-09,WEDU8568487,WEDU8568487_cycle_9,Прибыл_по_ЖД,Владивосток,Владивосток,40,16,0
2007-01-09,WEDU8568487,WEDU8568487_cycle_9,Отправлен_грузополучателю,Владивосток,Владивосток,40,0,0
2007-01-09,WEDU8568487,WEDU8568487_cycle_9,Прибыл_свободным,Владивосток,Владивосток,40,0,0
2007-01-10,CRTU2183954,CRTU2183954_cycle_6,Отправлен_по_ЖД,Москва,Владивосток,40,1,15
2007-01-10,KNYU4619290,KNYU4619290_cycle_7,Отправлен_по_ЖД,Москва,Санкт-Петербург,40,1,14
2007-01-10,KNYU4619290,KNYU4619290_cycle_7,Прибыл_по_ЖД,Санкт-Петербург,Санкт-Петербург,40,0,14
2007-01-10,KNYU5372067,KNYU5372067_cycle_7,Прибыл_по_ЖД,Владивосток,Владивосток,40,16,13
2007-01-10,TOWU5892461,TOWU5892461_cycle_6,Прибыл_по_ЖД,Владивосток,Владивосток,40,23,2
2007-01-10,TOWU7808384,TOWU7808384_cycle_5,Прибыл_груженый,Владивосток,Санкт-Петербург,40,9,32
2007-01-10,TOWU7808384,TOWU7808384_cycle_5,Отправлен_по_ЖД,Владивосток,Санкт-Петербург,40,0,32
2007-01-10,TOWU9896330,TOWU9896330_cycle_7,Передан_на_погрузку,Москва,Санкт-Петербург,40,0,31
2007-01-10,WEDU6102098,WEDU6102098_cycle_6,Отправлен_по_ЖД,Москва,Владивосток,20,2,36
2007-01-10,WEDU6654977,WEDU6654977_cycle_6,Передан_на_погрузку,Владивосток,Москва,20,0,36
2007-01-11,BUTU7079823,BUTU7079823_cycle_7,Передан_на_погрузку,Владивосток,Москва,20,0,38
2007-01-11,BUTU8729025,BUTU8729025_cycle_6,Прибыл_свободным,Санкт-Петербург,Санкт-Петербург,40,12,0
2007-01-11,KNYU4619290,KNYU4619290_cycle_7,Отправлен_грузополучателю,Санкт-Петербург,Санкт-Петербург,40,1,13
2007-01-11,KNYU5372067,KNYU5372067_cycle_7,Отправлен_грузополучателю,Владивосток,Владивосток,40,1,12
2007-01-11,STNU2356703,STNU2356703_cycle_6,Прибыл_свободным,Владивосток,Владивосток,40,3,0
2007-01-11,STNU4919514,STNU4919514_cycle_7,Прибыл_по_ЖД,Владивосток,Владивосток,40,17,18
2007-01-11,TIMU6310893,TIMU6310893_cycle_8,Прибыл_груженый,Москва,Санкт-Петербург,40,4,15
2007-01-11,TIMU6310893,TIMU6310893_cycle_8,Отправлен_по_ЖД,Москва,Санкт-Петербург,40,0,15
2007-01-11,WEDU2249581,WEDU2249581_cycle_7,Прибыл_груженый,Санкт-Петербург,Москва,20,13,31
2007-01-12,STNU4919514,STNU4919514_cycle_7,Отправлен_грузополучателю,Владивосток,Владивосток,40,1,17
2007-01-12,TIMU8010374,TIMU8010374_cycle_6,Прибыл_груженый,Владивосток,Санкт-Петербург,20,8,30
2007-01-12,TOWU2835826,TOWU2835826_cycle_5,Передан_на_погрузку,Санкт-Петербург,Москва,40,0,35
2007-01-12,TOWU5892461,TOWU5892461_cycle_6,Отправлен_грузополучателю,Владивосток,Владивосток,40,2,0
2007-01-12,TOWU5892461,TOWU5892461_cycle_6,Прибыл_свободным,Владивосток,Владивосток,40,0,0
2007-01-12,WEDU2383938,WEDU2383938_cycle_7,Передан_на_погрузку,Санкт-Петербург,Владивосток,20,0,44
2007-01-13,BUTU2391445,BUTU2391445_cycle_7,Прибыл_груженый,Санкт-Петербург,Владивосток,20,13,48
2007-01-13,ERKU3123425,ERKU3123425_cycle_7,Прибыл_свободным,Владивосток,Владивосток,20,23,0
2007-01-13,ERKU7945290,ERKU7945290_cycle_8,Передан_на_погрузку,Москва,Владивосток,20,0,25
2007-01-13,ERKU8281105,ERKU8281105_cycle_6,Передан_на_погрузку,Санкт-Петербург,Владивосток,40,0,47
2007-01-13,KNYU1033833,KNYU1033833_cycle_6,Прибыл_по_ЖД,Санкт-Петербург,Санкт-Петербург,40,15,19
2007-01-13,KNYU1824938,KNYU1824938_cycle_8,Прибыл_свободным,Санкт-Петербург,Санкт-Петербург,20,21,0
2007-01-13,KNYU1824938,KNYU1824938_cycle_9,Передан_на_погрузку,Санкт-Петербург,Москва,20,0,30
2007-01-13,KNYU9630138,KNYU9630138_cycle_6,Прибыл_по_ЖД,Владивосток,Владивосток,20,19,17
2007-01-13,STNU2517447,STNU2517447_cycle_7,Прибыл_по_ЖД,Санкт-Петербург,Санкт-Петербург,40,21,23
2007-01-13,WEDU2249581,WEDU2249581_cycle_7,Отправлен_по_ЖД,Санкт-Петербург,Москва,20,2,29
2007-01-14,BUTU7079823,BUTU7079823_cycle_7,Прибыл_груженый,Владивосток,Москва,20,3,35
2007-01-14,BUTU8954572,BUTU8954572_cycle_6,Прибыл_груженый,Москва,Владивосток,40,23,26
2007-01-14,KNYU1033833,KNYU1033833_cycle_6,Отправлен_грузополучателю,Санкт-Петербург,Санкт-Петербург,40,1,18
2007-01-14,KNYU9630138,KNYU9630138_cycle_6,Отправлен_грузополучателю,Владивосток,Владивосток,20,1,16
2007-01-14,TIMU6180706,TIMU6180706_cycle_7,Прибыл_груженый,Санкт-Петербург,Владивосток,40,15,22
2007-01-14,TIMU6310893,TIMU6310893_cycle_8,Прибыл_по_ЖД,Санкт-Петербург,Санкт-Петербург,40,3,12
2007-01-14,TIMU8250428,TIMU8250428_cycle_7,Прибыл_груженый,Санкт-Петербург,Москва,20,11,19
2007-01-14,WEDU7707795,WEDU7707795_cycle_7,Передан_на_погрузку,Санкт-Петербург,Владивосток,40,0,48
2007-01-15,BUTU1300953,BUTU1300953_cycle_6,Прибыл_по_ЖД,Москва,Москва,40,7,27
2007-01-15,BUTU2391445,BUTU2391445_cycle_7,Отправлен_по_ЖД,Санкт-Петербург,Владивосток,20,2,46
2007-01-15,BUTU7079823,BUTU7079823_cycle_7,Отправлен_по_ЖД,Владивосток,Москва,20,1,34
2007-01-15,BUTU8954572,BUTU8954572_cycle_6,Отправлен_по_ЖД,Москва,Владивосток,40,1,25
2007-01-15,STNU2517447,STNU2517447_cycle_7,Отправлен_грузополучателю,Санкт-Петербург,Санкт-Петербург,40,2,21
2007-01-15,STNU4510100,STNU4510100_cycle_7,Передан_на_погрузку,Санкт-Петербург,Владивосток,20,0,46
2007-01-15,TIMU6180706,TIMU6180706_cycle_7,Отправлен_по_ЖД,Санкт-Петербург,Владивосток,40,1,21
2007-01-15,TIMU6310893,TIMU6310893_cycle_8,Отправлен_грузополучателю,Санкт-Петербург,Санкт-Петербург,40,1,11
2007-01-15,TIMU8250428,TIMU8250428_cycle_7,Отправлен_по_ЖД,Санкт-Петербург,Москва,20,1,18
2007-01-15,TIMU8887794,TIMU8887794_cycle_6,Прибыл_свободным,Владивосток,Владивосток,20,23,0
2007-01-15,TOWU8381849,TOWU8381849_cycle_6,Прибыл_груженый,Владивосток,Санкт-Петербург,20,10,41
2007-01-15,WEDU7000544,WEDU7000544_cycle_5,Прибыл_свободным,Санкт-Петербург,Санкт-Петербург,20,27,0
2007-01-16,KNYU9683883,KNYU9683883_cycle_9,Прибыл_груженый,Владивосток,Москва,20,16,20
2007-01-16,TIMU8010374,TIMU8010374_cycle_6,Отправлен_по_ЖД,Владивосток,Санкт-Петербург,20,4,26
2007-01-16,TIMU8061928,TIMU8061928_cycle_6,Передан_на_погрузку,Москва,Санкт-Петербург,20,0,26
2007-01-16,TIMU8250428,TIMU8250428_cycle_7,Прибыл_по_ЖД,Москва,Москва,20,1,17
2007-01-16,TOWU2940273,TOWU2940273_cycle_7,Прибыл_груженый,Санкт-Петербург,Москва,40,14,20
2007-01-16,TOWU7931879,TOWU7931879_cycle_6,Прибыл_свободным,Санкт-Петербург,Санкт-Петербург,40,11,0
2007-01-16,TOWU8381849,TOWU8381849_cycle_6,Отправлен_по_ЖД,Владивосток,Санкт-Петербург,20,1,40
2007-01-16,TOWU9892746,TOWU9892746_cycle_7,Прибыл_по_ЖД,Москва,Москва,40,14,5
2007-01-16,TOWU9892746,TOWU9892746_cycle_7,Отправлен_грузополучателю,Москва,Москва,40,0,5
2007-01-16,WEDU9910122,WEDU9910122_cycle_7,Прибыл_груженый,Владивосток,Санкт-Петербург,40,9,35
2007-01-17,ERKU3509749,ERKU3509749_cycle_7,Прибыл_по_ЖД,Москва,Москва,20,14,13
2007-01-17,KNYU3021654,KNYU3021654_cycle_9,Прибыл_груженый,Владивосток,Санкт-Петербург,40,13,41
2007-01-17,KNYU3021654,KNYU3021654_cycle_9,Отправлен_по_ЖД,Владивосток,Санкт-Петербург,40,0,41
2007-01-17,STNU3092282,STNU3092282_cycle_8,Прибыл_груженый,Санкт-Петербург,Владивосток,40,12,20
2007-01-17,TIMU9543550,TIMU9543550_cycle_8,Прибыл_груженый,Москва,Владивосток,40,8,17
2007-01-17,TOWU2835826,TOWU2835826_cycle_5,Прибыл_груженый,Санкт-Петербург,Москва,40,5,30
2007-01-17,WEDU9910122,WEDU9910122_cycle_7,Отправлен_по_ЖД,Владивосток,Санкт-Петербург,40,1,34
2007-01-18,BUTU1300953,BUTU1300953_cycle_6,Отправлен_грузополучателю,Москва,Москва,40,3,24
2007-01-18,KNYU9683883,KNYU9683883_cycle_9,Отправлен_по_ЖД,Владивосток,Москва,20,2,18
2007-01-18,STNU3092282,STNU3092282_cycle_8,Отправлен_по_ЖД,Санкт-Петербург,Владивосток,40,1,19
2007-01-18,STNU6396019,STNU6396019_cycle_7,Передан_на_погрузку,Санкт-Петербург,Владивосток,40,0,59
2007-01-18,TOWU2940273,TOWU2940273_cycle_7,Отправлен_по_ЖД,Санкт-Петербург,Москва,40,2,18
2007-01-18,TOWU2940273,TOWU2940273_cycle_7,Прибыл_по_ЖД,Москва,Москва,40,0,18
2007-01-18,WEDU2249581,WEDU2249581_cycle_7,Прибыл_по_ЖД,Москва,Москва,20,5,24
2007-01-18,WEDU2383938,WEDU2383938_cycle_7,Прибыл_груженый,Санкт-Петербург,Владивосток,20,6,38
2007-01-18,WEDU6654977,WEDU6654977_cycle_6,Прибыл_груженый,Владивосток,Москва,20,8,28
2007-01-18,WEDU8568487,WEDU8568487_cycle_10,Передан_на_погрузку,Владивосток,Санкт-Петербург,40,0,34
2007-01-18,WEDU8568487,WEDU8568487_cycle_10,Прибыл_груженый,Владивосток,Санкт-Петербург,40,0,34
2007-01-19,CRTU1167966,CRTU1167966_cycle_7,Передан_на_погрузку,Москва,Санкт-Петербург,40,0,17
2007-01-19,CRTU2093770,CRTU2093770_cycle_7,Прибыл_груженый,Санкт-Петербург,Владивосток,40,17,20
2007-01-19,ERKU3112209,ERKU3112209_cycle_5,Прибыл_свободным,Санкт-Петербург,Санкт-Петербург,20,45,0
2007-01-19,KNYU6806102,KNYU6806102_cycle_6,Прибыл_свободным,Москва,Москва,20,10,0
2007-01-19,STNU5088417,STNU5088417_cycle_6,Прибыл_свободным,Санкт-Петербург,Санкт-Петербург,40,21,0
2007-01-19,TIMU3137493,TIMU3137493_cycle_6,Передан_на_погрузку,Владивосток,Санкт-Петербург,40,0,25
2007-01-19,TIMU5165088,TIMU5165088_cycle_6,Прибыл_свободным,Владивосток,Владивосток,40,28,0
2007-01-19,TIMU8250428,TIMU8250428_cycle_7,Отправлен_грузополучателю,Москва,Москва,20,3,14
2007-01-19,TIMU9543550,TIMU9543550_cycle_8,Отправлен_по_ЖД,Москва,Владивосток,40,2,15
2007-01-19,TOWU2835826,TOWU2835826_cycle_5,Отправлен_по_ЖД,Санкт-Петербург,Москва,40,2,28
2007-01-19,TOWU2835826,TOWU2835826_cycle_5,Прибыл_по_ЖД,Москва,Москва,40,0,28
2007-01-19,WEDU2249581,WEDU2249581_cycle_7,Отправлен_грузополучателю,Москва,Москва,20,1,23
2007-01-19,WEDU6654977,WEDU6654977_cycle_6,Отправлен_по_ЖД,Владивосток,Москва,20,1,27
2007-01-20,CRTU1521773,CRTU1521773_cycle_5,Прибыл_по_ЖД,Москва,Москва,20,12,12
2007-01-20,CRTU1521773,CRTU1521773_cycle_5,Отправлен_грузополучателю,Москва,Москва,20,0,12
2007-01-20,CRTU2093770,CRTU2093770_cycle_7,Отправлен_по_ЖД,Санкт-Петербург,Владивосток,40,1,19
2007-01-20,ERKU3509749,ERKU3509749_cycle_7,Отправлен_грузополучателю,Москва,Москва,20,3,10
2007-01-20,TIMU5293271,TIMU5293271_cycle_7,Прибыл_по_ЖД,Москва,Москва,20,15,12
2007-01-20,TIMU7736033,TIMU7736033_cycle_6,Прибыл_груженый,Санкт-Петербург,Москва,20,17,2
2007-01-20,TOWU2835826,TOWU2835826_cycle_5,Отправлен_грузополучателю,Москва,Москва,40,1,27
2007-01-20,TOWU2940273,TOWU2940273_cycle_7,Отправлен_грузополучателю,Москва,Москва,40,2,16
2007-01-20,WEDU2383938,WEDU2383938_cycle_7,Отправлен_по_ЖД,Санкт-Петербург,Владивосток,20,2,36
2007-01-20,WEDU8568487,WEDU8568487_cycle_10,Отправлен_по_ЖД,Владивосток,Санкт-Петербург,40,2,32
2007-01-21,BUTU4321000,BUTU4321000_cycle_7,Прибыл_свободным,Москва,Москва,40,19,0
2007-01-21,BUTU4321000,BUTU4321000_cycle_8,Передан_на_погрузку,Москва,Владивосток,40,0,23
2007-01-21,ERKU5797068,ERKU5797068_cycle_6,Прибыл_свободным,Владивосток,Владивосток,40,15,0
2007-01-21,ERKU7945290,ERKU7945290_cycle_8,Прибыл_груженый,Москва,Владивосток,20,8,17
2007-01-21,ERKU7945290,ERKU7945290_cycle_8,Отправлен_по_ЖД,Москва,Владивосток,20,0,17
2007-01-21,KNYU3537798,KNYU3537798_cycle_6,Прибыл_по_ЖД,Владивосток,Владивосток,20,17,2
2007-01-21,KNYU5786200,KNYU5786200_cycle_7,Передан_на_погрузку,Москва,Владивосток,20,0,54
2007-01-21,TOWU2984334,TOWU2984334_cycle_8,Прибыл_по_ЖД,Владивосток,Владивосток,40,15,14
2007-01-21,TOWU9892746,TOWU9892746_cycle_7,Прибыл_свободным,Москва,Москва,40,5,0
2007-01-22,BUTU7130462,BUTU7130462_cycle_6,Передан_на_погрузку,Москва,Санкт-Петербург,20,0,6
2007-01-22,BUTU9513169,BUTU9513169_cycle_7,Прибыл_свободным,Санкт-Петербург,Санкт-Петербург,40,17,0
2007-01-22,ERKU4123975,ERKU4123975_cycle_7,Прибыл_свободным,Санкт-Петербург,Санкт-Петербург,40,15,0
2007-01-22,TIMU7736033,TIMU7736033_cycle_6,Отправлен_по_ЖД,Санкт-Петербург,Москва,20,2,0
2007-01-22,TIMU7736033,TIMU7736033_cycle_6,Прибыл_по_ЖД,Москва,Москва,20,0,0
2007-01-22,TIMU7736033,TIMU7736033_cycle_6,Отправлен_грузополучателю,Москва,Москва,20,0,0
2007-01-22,TIMU7736033,TIMU7736033_cycle_6,Прибыл_свободным,Москва,Москва,20,0,0
2007-01-22,TIMU8887794,TIMU8887794_cycle_7,Передан_на_погрузку,Владивосток,Санкт-Петербург,20,0,53
2007-01-23,BUTU4321000,BUTU4321000_cycle_8,Прибыл_груженый,Москва,Владивосток,40,2,21
2007-01-23,CRTU2183954,CRTU2183954_cycle_6,Прибыл_по_ЖД,Владивосток,Владивосток,40,13,2
2007-01-23,CRTU8128829,CRTU8128829_cycle_9,Передан_на_погрузку,Владивосток,Москва,20,0,27
2007-01-23,KNYU3537798,KNYU3537798_cycle_6,Отправлен_грузополучателю,Владивосток,Владивосток,20,2,0
2007-01-23,KNYU3537798,KNYU3537798_cycle_6,Прибыл_свободным,Владивосток,Владивосток,20,0,0
2007-01-23,KNYU5372067,KNYU5372067_cycle_7,Прибыл_свободным,Владивосток,Владивосток,40,12,0
2007-01-23,KNYU6970613,KNYU6970613_cycle_7,Прибыл_свободным,Санкт-Петербург,Санкт-Петербург,20,25,0
2007-01-23,KNYU6970613,KNYU6970613_cycle_8,Передан_на_погрузку,Санкт-Петербург,Москва,20,0,21
2007-01-23,TIMU5293271,TIMU5293271_cycle_7,Отправлен_грузополучателю,Москва,Москва,20,3,9
2007-01-23,TOWU2984334,TOWU2984334_cycle_8,Отправлен_грузополучателю,Владивосток,Владивосток,40,2,12
2007-01-23,TOWU5892461,TOWU5892461_cycle_7,Передан_на_погрузку,Владивосток,Москва,40,0,31
2007-01-23,WEDU6102098,WEDU6102098_cycle_6,Прибыл_по_ЖД,Владивосток,Владивосток,20,13,23
2007-01-24,CRTU1167966,CRTU1167966_cycle_7,Прибыл_груженый,Москва,Санкт-Петербург,40,5,12
2007-01-24,ERKU5435191,ERKU5435191_cycle_6,Прибыл_груженый,Москва,Санкт-Петербург,20,18,15
2007-01-24,ERKU8324044,ERKU8324044_cycle_6,Прибыл_свободным,Москва,Москва,40,23,0
2007-01-24,ERKU8324044,ERKU8324044_cycle_7,Передан_на_погрузку,Москва,Владивосток,40,0,29
2007-01-24,KNYU4619290,KNYU4619290_cycle_7,Прибыл_свободным,Санкт-Петербург,Санкт-Петербург,40,13,0
2007-01-24,KNYU9683883,KNYU9683883_cycle_9,Прибыл_по_ЖД,Москва,Москва,20,6,12
2007-01-24,STNU1402586,STNU1402586_cycle_7,Передан_на_погрузку,Санкт-Петербург,Москва,20,0,12
2007-01-24,STNU9767317,STNU9767317_cycle_6,Прибыл_по_ЖД,Владивосток,Владивосток,20,16,14
2007-01-24,TIMU8061928,TIMU8061928_cycle_6,Прибыл_груженый,Москва,Санкт-Петербург,20,8,18
2007-01-25,BUTU4321000,BUTU4321000_cycle_8,Отправлен_по_ЖД,Москва,Владивосток,40,2,19
2007-01-25,CRTU2183954,CRTU2183954_cycle_6,Отправлен_грузополучателю,Владивосток,Владивосток,40,2,0
2007-01-25,CRTU2183954,CRTU2183954_cycle_6,Прибыл_свободным,Владивосток,Владивосток,40,0,0
2007-01-25,CRTU3557936,CRTU3557936_cycle_7,Прибыл_свободным,Москва,Москва,20,26,0
2007-01-25,ERKU5435191,ERKU5435191_cycle_6,Отправлен_по_ЖД,Москва,Санкт-Петербург,20,1,14
2007-01-25,KNYU8798891,KNYU8798891_cycle_6,Передан_на_погрузку,Москва,Санкт-Петербург,20,0,42
2007-01-25,KNYU9683883,KNYU9683883_cycle_9,Отправлен_грузополучателю,Москва,Москва,20,1,11
2007-01-25,TIMU8061928,TIMU8061928_cycle_6,Отправлен_по_ЖД,Москва,Санкт-Петербург,20,1,17
2007-01-25,TIMU8061928,TIMU8061928_cycle_6,Прибыл_по_ЖД,Санкт-Петербург,Санкт-Петербург,20,0,17
2007-01-25,TOWU8161314,TOWU8161314_cycle_7,Передан_на_погрузку,Москва,Санкт-Петербург,20,0,28
2007-01-25,WEDU6874585,WEDU6874585_cycle_6,Передан_на_погрузку,Санкт-Петербург,Москва,20,0,32
2007-01-25,WEDU6876299,WEDU6876299_cycle_7,Передан_на_погрузку,Москва,Санкт-Петербург,20,0,18
2007-01-26,BUTU7130462,BUTU7130462_cycle_6,Прибыл_груженый,Москва,Санкт-Петербург,20,4,2
2007-01-26,BUTU8954572,BUTU8954572_cycle_6,Прибыл_по_ЖД,Владивосток,Владивосток,40,11,14
2007-01-26,STNU9767317,STNU9767317_cycle_6,Отправлен_грузополучателю,Владивосток,Владивосток,20,2,12
2007-01-26,TIMU6310893,TIMU6310893_cycle_8,Прибыл_свободным,Санкт-Петербург,Санкт-Петербург,40,11,0
2007-01-26,TIMU8061928,TIMU8061928_cycle_6,Отправлен_грузополучателю,Санкт-Петербург,Санкт-Петербург,20,1,16
2007-01-26,TOWU9896330,TOWU9896330_cycle_7,Прибыл_груженый,Москва,Санкт-Петербург,40,16,15
2007-01-26,WEDU6102098,WEDU6102098_cycle_6,Отправлен_грузополучателю,Владивосток,Владивосток,20,3,20
2007-01-27,BUTU7001309,BUTU7001309_cycle_8,Передан_на_погрузку,Москва,Санкт-Петербург,20,0,41
2007-01-27,BUTU7079823,BUTU7079823_cycle_7,Прибыл_по_ЖД,Москва,Москва,20,12,22
2007-01-27,BUTU7079823,BUTU7079823_cycle_7,Отправлен_грузополучателю,Москва,Москва,20,0,22
2007-01-27,CRTU1167966,CRTU1167966_cycle_7,Отправлен_по_ЖД,Москва,Санкт-Петербург,40,3,9
2007-01-27,CRTU2093770,CRTU2093770_cycle_7,Прибыл_по_ЖД,Владивосток,Владивосток,40,7,12
2007-01-27,CRTU3557001,CRTU3557001_cycle_6,Прибыл_свободным,Владивосток,Владивосток,20,19,0
2007-01-27,STNU4510100,STNU4510100_cycle_7,Прибыл_груженый,Санкт-Петербург,Владивосток,20,12,34
2007-01-27,TIMU3137493,TIMU3137493_cycle_6,Прибыл_груженый,Владивосток,Санкт-Петербург,40,8,17
2007-01-27,TOWU9896330,TOWU9896330_cycle_7,Отправлен_по_ЖД,Москва,Санкт-Петербург,40,1,14
2007-01-27,WEDU6876299,WEDU6876299_cycle_7,Прибыл_груженый,Москва,Санкт-Петербург,20,2,16
2007-01-27,WEDU7000544,WEDU7000544_cycle_6,Передан_на_погрузку,Санкт-Петербург,Владивосток,20,0,43
2007-01-28,BUTU2391445,BUTU2391445_cycle_7,Прибыл_по_ЖД,Владивосток,Владивосток,20,13,33
2007-01-28,BUTU7130462,BUTU7130462_cycle_6,Отправлен_по_ЖД,Москва,Санкт-Петербург,20,2,0
2007-01-28,BUTU7130462,BUTU7130462_cycle_6,Прибыл_по_ЖД,Санкт-Петербург,Санкт-Петербург,20,0,0
2007-01-28,BUTU7130462,BUTU7130462_cycle_6,Отправлен_грузополучателю,Санкт-Петербург,Санкт-Петербург,20,0,0
2007-01-28,BUTU7130462,BUTU7130462_cycle_6,Прибыл_свободным,Санкт-Петербург,Санкт-Петербург,20,0,0
2007-01-28,ERKU5435191,ERKU5435191_cycle_6,Прибыл_по_ЖД,Санкт-Петербург,Санкт-Петербург,20,3,11
2007-01-28,KNYU6806102,KNYU6806102_cycle_7,Передан_на_погрузку,Москва,Санкт-Петербург,20,0,42
2007-01-28,TIMU3137493,TIMU3137493_cycle_6,Отправлен_по_ЖД,Владивосток,Санкт-Петербург,40,1,16
2007-01-28,WEDU5817433,WEDU5817433_cycle_7,Передан_на_погрузку,Москва,Владивосток,20,0,32
2007-01-29,BUTU8954572,BUTU8954572_cycle_6,Отправлен_грузополучателю,Владивосток,Владивосток,40,3,11
2007-01-29,CRTU2093770,CRTU2093770_cycle_7,Отправлен_грузополучателю,Владивосток,Владивосток,40,2,10
2007-01-29,CRTU8128829,CRTU8128829_cycle_9,Прибыл_груженый,Владивосток,Москва,20,6,21
2007-01-29,ERKU5435191,ERKU5435191_cycle_6,Отправлен_грузополучателю,Санкт-Петербург,Санкт-Петербург,20,1,10
2007-01-29,ERKU8281105,ERKU8281105_cycle_6,Прибыл_груженый,Санкт-Петербург,Владивосток,40,16,31
2007-01-29,KNYU1824938,KNYU1824938_cycle_9,Прибыл_груженый,Санкт-Петербург,Москва,20,16,14
2007-01-29,STNU4510100,STNU4510100_cycle_7,Отправлен_по_ЖД,Санкт-Петербург,Владивосток,20,2,32
2007-01-29,STNU4919514,STNU4919514_cycle_7,Прибыл_свободным,Владивосток,Владивосток,40,17,0
2007-01-29,TOWU3611630,TOWU3611630_cycle_8,Передан_на_погрузку,Санкт-Петербург,Владивосток,40,0,57
2007-01-29,TOWU7808384,TOWU7808384_cycle_5,Прибыл_по_ЖД,Санкт-Петербург,Санкт-Петербург,40,19,13
2007-01-29,TOWU8161314,TOWU8161314_cycle_7,Прибыл_груженый,Москва,Санкт-Петербург,20,4,24
2007-01-29,TOWU9896330,TOWU9896330_cycle_7,Прибыл_по_ЖД,Санкт-Петербург,Санкт-Петербург,40,2,12
2007-01-29,WEDU6876299,WEDU6876299_cycle_7,Отправлен_по_ЖД,Москва,Санкт-Петербург,20,2,14
2007-01-30,BUTU2391445,BUTU2391445_cycle_7,Отправлен_грузополучателю,Владивосток,Владивосток,20,2,31
2007-01-30,ERKU3509749,ERKU3509749_cycle_7,Прибыл_свободным,Москва,Москва,20,10,0
2007-01-30,ERKU8281105,ERKU8281105_cycle_6,Отправлен_по_ЖД,Санкт-Петербург,Владивосток,40,1,30
2007-01-30,KNYU1437543,KNYU1437543_cycle_8,Передан_на_погрузку,Москва,Санкт-Петербург,20,0,23
2007-01-30,KNYU1773354,KNYU1773354_cycle_6,Передан_на_погрузку,Москва,Владивосток,20,0,38
2007-01-30,KNYU1824938,KNYU1824938_cycle_9,Отправлен_по_ЖД,Санкт-Петербург,Москва,20,1,13
2007-01-30,KNYU3335859,KNYU3335859_cycle_7,Передан_на_погрузку,Санкт-Петербург,Владивосток,20,0,33
2007-01-30,KNYU3335859,KNYU3335859_cycle_7,Прибыл_груженый,Санкт-Петербург,Владивосток,20,0,33
2007-01-30,KNYU4619290,KNYU4619290_cycle_8,Передан_на_погрузку,Санкт-Петербург,Москва,40,0,20
2007-01-30,KNYU9630138,KNYU9630138_cycle_6,Прибыл_свободным,Владивосток,Владивосток,20,16,0
2007-01-30,KNYU9630138,KNYU9630138_cycle_7,Передан_на_погрузку,Владивосток,Москва,20,0,57
2007-01-30,STNU3092282,STNU3092282_cycle_8,Прибыл_по_ЖД,Владивосток,Владивосток,40,12,7
2007-01-30,STNU3092282,STNU3092282_cycle_8,Отправлен_грузополучателю,Владивосток,Владивосток,40,0,7
2007-01-30,TIMU3631350,TIMU3631350_cycle_6,Передан_на_погрузку,Санкт-Петербург,Москва,20,0,32
2007-01-30,WEDU6874585,WEDU6874585_cycle_6,Прибыл_груженый,Санкт-Петербург,Москва,20,5,27
2007-01-31,BUTU9513169,BUTU9513169_cycle_8,Передан_на_погрузку,Санкт-Петербург,Владивосток,40,0,24
2007-01-31,BUTU9513169,BUTU9513169_cycle_8,Прибыл_груженый,Санкт-Петербург,Владивосток,40,0,24
2007-01-31,ERKU7945290,ERKU7945290_cycle_8,Прибыл_по_ЖД,Владивосток,Владивосток,20,10,7
2007-01-31,KNYU4619290,KNYU4619290_cycle_8,Прибыл_груженый,Санкт-Петербург,Москва,40,1,19
2007-01-31,STNU1402586,STNU1402586_cycle_7,Прибыл_груженый,Санкт-Петербург,Москва,20,7,5
2007-01-31,TOWU5842316,TOWU5842316_cycle_8,Передан_на_погрузку,Санкт-Петербург,Москва,40,0,26
2007-01-31,TOWU7808384,TOWU7808384_cycle_5,Отправлен_грузополучателю,Санкт-Петербург,Санкт-Петербург,40,2,11
2007-01-31,TOWU8351331,TOWU8351331_cycle_5,Передан_на_погрузку,Санкт-Петербург,Владивосток,20,0,44
2007-02-01,CRTU1521773,CRTU1521773_cycle_5,Прибыл_свободным,Москва,Москва,20,12,0
2007-02-01,CRTU8128829,CRTU8128829_cycle_9,Отправлен_по_ЖД,Владивосток,Москва,20,3,18
2007-02-01,ERKU8324044,ERKU8324044_cycle_7,Прибыл_груженый,Москва,Владивосток,40,8,21
2007-02-01,KNYU1033833,KNYU1033833_cycle_6,Прибыл_свободным,Санкт-Петербург,Санкт-Петербург,40,18,0
2007-02-01,KNYU3335859,KNYU3335859_cycle_7,Отправлен_по_ЖД,Санкт-Петербург,Владивосток,20,2,31
2007-02-01,TIMU5293271,TIMU5293271_cycle_7,Прибыл_свободным,Москва,Москва,20,9,0
2007-02-01,TIMU5293271,TIMU5293271_cycle_8,Передан_на_погрузку,Москва,Санкт-Петербург,20,0,43
2007-02-01,TIMU8010374,TIMU8010374_cycle_6,Прибыл_по_ЖД,Санкт-Петербург,Санкт-Петербург,20,16,10
2007-02-01,TIMU8010374,TIMU8010374_cycle_6,Отправлен_грузополучателю,Санкт-Петербург,Санкт-Петербург,20,0,10
2007-02-01,TIMU9543550,TIMU9543550_cycle_8,Прибыл_по_ЖД,Владивосток,Владивосток,40,13,2
2007-02-01,TOWU8161314,TOWU8161314_cycle_7,Отправлен_по_ЖД,Москва,Санкт-Петербург,20,3,21
2007-02-01,TOWU8381849,TOWU8381849_cycle_6,Прибыл_по_ЖД,Санкт-Петербург,Санкт-Петербург,20,16,24
2007-02-01,TOWU9896330,TOWU9896330_cycle_7,Отправлен_грузополучателю,Санкт-Петербург,Санкт-Петербург,40,3,9
2007-02-02,BUTU7001309,BUTU7001309_cycle_8,Прибыл_груженый,Москва,Санкт-Петербург,20,6,35
2007-02-02,BUTU9513169,BUTU9513169_cycle_8,Отправлен_по_ЖД,Санкт-Петербург,Владивосток,40,2,22
2007-02-02,ERKU7945290,ERKU7945290_cycle_8,Отправлен_грузополучателю,Владивосток,Владивосток,20,2,5
2007-02-02,KNYU4619290,KNYU4619290_cycle_8,Отправлен_по_ЖД,Санкт-Петербург,Москва,40,2,17
2007-02-02,TIMU8250428,TIMU8250428_cycle_7,Прибыл_свободным,Москва,Москва,20,14,0
2007-02-02,TOWU8381849,TOWU8381849_cycle_6,Отправлен_грузополучателю,Санкт-Петербург,Санкт-Петербург,20,1,23
2007-02-02,WEDU6874585,WEDU6874585_cycle_6,Отправлен_по_ЖД,Санкт-Петербург,Москва,20,3,24
2007-02-02,WEDU6874585,WEDU6874585_cycle_6,Прибыл_по_ЖД,Москва,Москва,20,0,24
2007-02-02,WEDU7000544,WEDU7000544_cycle_6,Прибыл_груженый,Санкт-Петербург,Владивосток,20,6,37
2007-02-02,WEDU8568487,WEDU8568487_cycle_10,Прибыл_по_ЖД,Санкт-Петербург,Санкт-Петербург,40,13,19
2007-02-02,WEDU9910122,WEDU9910122_cycle_7,Прибыл_по_ЖД,Санкт-Петербург,Санкт-Петербург,40,16,18
2007-02-02,WEDU9910122,WEDU9910122_cycle_7,Отправлен_грузополучателю,Санкт-Петербург,Санкт-Петербург,40,0,18
2007-02-03,BUTU7001309,BUTU7001309_cycle_8,Отправлен_по_ЖД,Москва,Санкт-Петербург,20,1,34
2007-02-03,BUTU7001309,BUTU7001309_cycle_8,Прибыл_по_ЖД,Санкт-Петербург,Санкт-Петербург,20,0,34
2007-02-03,CRTU1167966,CRTU1167966_cycle_7,Прибыл_по_ЖД,Санкт-Петербург,Санкт-Петербург,40,7,2
2007-02-03,ERKU8324044,ERKU8324044_cycle_7,Отправлен_по_ЖД,Москва,Владивосток,40,2,19
2007-02-03,STNU1402586,STNU1402586_cycle_7,Отправлен_по_ЖД,Санкт-Петербург,Москва,20,3,2
2007-02-03,STNU1402586,STNU1402586_cycle_7,Прибыл_по_ЖД,Москва,Москва,20,0,2
2007-02-03,STNU6396019,STNU6396019_cycle_7,Прибыл_груженый,Санкт-Петербург,Владивосток,40,16,43
2007-02-03,TIMU6180706,TIMU6180706_cycle_7,Прибыл_по_ЖД,Владивосток,Владивосток,40,19,2
2007-02-03,TIMU9543550,TIMU9543550_cycle_8,Отправлен_грузополучателю,Владивосток,Владивосток,40,2,0
2007-02-03,TIMU9543550,TIMU9543550_cycle_8,Прибыл_свободным,Владивосток,Владивосток,40,0,0
2007-02-03,TOWU8161314,TOWU8161314_cycle_7,Прибыл_по_ЖД,Санкт-Петербург,Санкт-Петербург,20,2,19
2007-02-03,WEDU6876299,WEDU6876299_cycle_7,Прибыл_по_ЖД,Санкт-Петербург,Санкт-Петербург,20,5,9
2007-02-03,WEDU7000544,WEDU7000544_cycle_6,Отправлен_по_ЖД,Санкт-Петербург,Владивосток,20,1,36
2007-02-03,WEDU7707795,WEDU7707795_cycle_7,Прибыл_груженый,Санкт-Петербург,Владивосток,40,20,28
2007-02-04,BUTU4321000,BUTU4321000_cycle_8,Прибыл_по_ЖД,Владивосток,Владивосток,40,10,9
2007-02-04,CRTU8114609,CRTU8114609_cycle_8,Передан_на_погрузку,Москва,Владивосток,20,0,34
2007-02-04,KNYU1824938,KNYU1824938_cycle_9,Прибыл_по_ЖД,Москва,Москва,20,5,8
2007-02-04,KNYU6970613,KNYU6970613_cycle_8,Прибыл_груженый,Санкт-Петербург,Москва,20,12,9
2007-02-04,STNU6396019,STNU6396019_cycle_7,Отправлен_по_ЖД,Санкт-Петербург,Владивосток,40,1,42
2007-02-04,TIMU1636645,TIMU1636645_cycle_7,Передан_на_погрузку,Санкт-Петербург,Владивосток,20,0,59
2007-02-04,TOWU2984334,TOWU2984334_cycle_8,Прибыл_свободным,Владивосток,Владивосток,40,12,0
2007-02-04,TOWU8161314,TOWU8161314_cycle_7,Отправлен_грузополучателю,Санкт-Петербург,Санкт-Петербург,20,1,18
2007-02-04,WEDU4651205,WEDU4651205_cycle_8,Передан_на_погрузку,Владивосток,Санкт-Петербург,20,0,40
2007-02-04,WEDU6874585,WEDU6874585_cycle_6,Отправлен_грузополучателю,Москва,Москва,20,2,22
2007-02-05,BUTU7001309,BUTU7001309_cycle_8,Отправлен_грузополучателю,Санкт-Петербург,Санкт-Петербург,20,2,32
2007-02-05,CRTU1167966,CRTU1167966_cycle_7,Отправлен_грузополучателю,Санкт-Петербург,Санкт-Петербург,40,2,0
2007-02-05,CRTU1167966,CRTU1167966_cycle_7,Прибыл_свободным,Санкт-Петербург,Санкт-Петербург,40,0,0
2007-02-05,KNYU1773354,KNYU1773354_cycle_6,Прибыл_груженый,Москва,Владивосток,20,6,32
2007-02-05,KNYU3021654,KNYU3021654_cycle_9,Прибыл_по_ЖД,Санкт-Петербург,Санкт-Петербург,40,19,22
2007-02-05,KNYU5786200,KNYU5786200_cycle_7,Прибыл_груженый,Москва,Владивосток,20,15,39
2007-02-05,KNYU9683883,KNYU9683883_cycle_9,Прибыл_свободным,Москва,Москва,20,11,0
2007-02-05,STNU1402586,STNU1402586_cycle_7,Отправлен_грузополучателю,Москва,Москва,20,2,0
2007-02-05,STNU1402586,STNU1402586_cycle_7,Прибыл_свободным,Москва,Москва,20,0,0
2007-02-05,STNU2517447,STNU2517447_cycle_7,Прибыл_свободным,Санкт-Петербург,Санкт-Петербург,40,21,0
2007-02-05,STNU2517447,STNU2517447_cycle_8,Передан_на_погрузку,Санкт-Петербург,Москва,40,0,56
2007-02-05,STNU9487869,STNU9487869_cycle_9,Передан_на_погрузку,Москва,Санкт-Петербург,40,0,34
2007-02-05,TIMU6180706,TIMU6180706_cycle_7,Отправлен_грузополучателю,Владивосток,Владивосток,40,2,0
2007-02-05,TIMU6180706,TIMU6180706_cycle_7,Прибыл_свободным,Владивосток,Владивосток,40,0,0
2007-02-05,TOWU2940273,TOWU2940273_cycle_7,Прибыл_свободным,Москва,Москва,40,16,0
2007-02-05,WEDU6654977,WEDU6654977_cycle_6,Прибыл_по_ЖД,Москва,Москва,20,17,10
2007-02-05,WEDU6876299,WEDU6876299_cycle_7,Отправлен_грузополучателю,Санкт-Петербург,Санкт-Петербург,20,2,7
2007-02-05,WEDU8568487,WEDU8568487_cycle_10,Отправлен_грузополучателю,Санкт-Петербург,Санкт-Петербург,40,3,16
2007-02-06,CRTU2183954,CRTU2183954_cycle_7,Передан_на_погрузку,Владивосток,Санкт-Петербург,40,0,37
2007-02-06,CRTU6264170,CRTU6264170_cycle_8,Передан_на_погрузку,Санкт-Петербург,Москва,40,0,31
2007-02-06,KNYU3021654,KNYU3021654_cycle_9,Отправлен_грузополучателю,Санкт-Петербург,Санкт-Петербург,40,1,21
2007-02-06,KNYU5786200,KNYU5786200_cycle_7,Отправлен_по_ЖД,Москва,Владивосток,20,1,38
2007-02-06,KNYU6970613,KNYU6970613_cycle_8,Отправлен_по_ЖД,Санкт-Петербург,Москва,20,2,7
2007-02-06,KNYU6970613,KNYU6970613_cycle_8,Прибыл_по_ЖД,Москва,Москва,20,0,7
2007-02-06,STNU3092282,STNU3092282_cycle_8,Прибыл_свободным,Владивосток,Владивосток,40,7,0
2007-02-06,WEDU6654977,WEDU6654977_cycle_6,Отправлен_грузополучателю,Москва,Москва,20,1,9
2007-02-06,WEDU7707795,WEDU7707795_cycle_7,Отправлен_по_ЖД,Санкт-Петербург,Владивосток,40,3,25
2007-02-07,BUTU4321000,BUTU4321000_cycle_8,Отправлен_грузополучателю,Владивосток,Владивосток,40,3,6
2007-02-07,ERKU7945290,ERKU7945290_cycle_8,Прибыл_свободным,Владивосток,Владивосток,20,5,0
2007-02-07,KNYU1824938,KNYU1824938_cycle_9,Отправлен_грузополучателю,Москва,Москва,20,3,5
2007-02-07,KNYU4619290,KNYU4619290_cycle_8,Прибыл_по_ЖД,Москва,Москва,40,5,12
2007-02-07,KNYU4619290,KNYU4619290_cycle_8,Отправлен_грузополучателю,Москва,Москва,40,0,12
2007-02-07,KNYU6970613,KNYU6970613_cycle_8,Отправлен_грузополучателю,Москва,Москва,20,1,6
2007-02-07,STNU9487869,STNU9487869_cycle_9,Прибыл_груженый,Москва,Санкт-Петербург,40,2,32
2007-02-07,STNU9487869,STNU9487869_cycle_9,Отправлен_по_ЖД,Москва,Санкт-Петербург,40,0,32
2007-02-07,STNU9487869,STNU9487869_cycle_9,Прибыл_по_ЖД,Санкт-Петербург,Санкт-Петербург,40,0,32
2007-02-07,STNU9767317,STNU9767317_cycle_6,Прибыл_свободным,Владивосток,Владивосток,20,12,0
2007-02-07,TIMU5165088,TIMU5165088_cycle_7,Передан_на_погрузку,Владивосток,Санкт-Петербург,40,0,36
2007-02-07,TOWU6899546,TOWU6899546_cycle_7,Передан_на_погрузку,Владивосток,Санкт-Петербург,20,0,35
2007-02-07,TOWU9892746,TOWU9892746_cycle_8,Передан_на_погрузку,Москва,Владивосток,40,0,39
2007-02-08,CRTU2093770,CRTU2093770_cycle_7,Прибыл_свободным,Владивосток,Владивосток,40,10,0
2007-02-08,ERKU5435191,ERKU5435191_cycle_6,Прибыл_свободным,Санкт-Петербург,Санкт-Петербург,20,10,0
2007-02-08,STNU9487869,STNU9487869_cycle_9,Отправлен_грузополучателю,Санкт-Петербург,Санкт-Петербург,40,1,31
2007-02-08,TIMU3631350,TIMU3631350_cycle_6,Прибыл_груженый,Санкт-Петербург,Москва,20,9,23
2007-02-08,TOWU3611630,TOWU3611630_cycle_8,Прибыл_груженый,Санкт-Петербург,Владивосток,40,10,47
2007-02-08,TOWU3611630,TOWU3611630_cycle_8,Отправлен_по_ЖД,Санкт-Петербург,Владивосток,40,0,47
2007-02-09,BUTU8954572,BUTU8954572_cycle_6,Прибыл_свободным,Владивосток,Владивосток,40,11,0
2007-02-09,KNYU1773354,KNYU1773354_cycle_6,Отправлен_по_ЖД,Москва,Владивосток,20,4,28
2007-02-09,KNYU7944727,KNYU7944727_cycle_9,Передан_на_погрузку,Санкт-Петербург,Владивосток,20,0,51
2007-02-09,WEDU2383938,WEDU2383938_cycle_7,Прибыл_по_ЖД,Владивосток,Владивосток,20,20,16
2007-02-10,CRTU1937935,CRTU1937935_cycle_6,Передан_на_погрузку,Москва,Владивосток,40,0,38
2007-02-10,STNU4510100,STNU4510100_cycle_7,Прибыл_по_ЖД,Владивосток,Владивосток,20,12,20
2007-02-10,TIMU8887794,TIMU8887794_cycle_7,Прибыл_груженый,Владивосток,Санкт-Петербург,20,19,34
2007-02-10,TOWU2984334,TOWU2984334_cycle_9,Передан_на_погрузку,Владивосток,Санкт-Петербург,40,0,32
2007-02-10,TOWU5892461,TOWU5892461_cycle_7,Прибыл_груженый,Владивосток,Москва,40,18,13
2007-02-10,TOWU6899546,TOWU6899546_cycle_7,Прибыл_груженый,Владивосток,Санкт-Петербург,20,3,32
2007-02-10,TOWU9896330,TOWU9896330_cycle_7,Прибыл_свободным,Санкт-Петербург,Санкт-Петербург,40,9,0
2007-02-11,BUTU1300953,BUTU1300953_cycle_6,Прибыл_свободным,Москва,Москва,40,24,0
2007-02-11,ERKU3123425,ERKU3123425_cycle_8,Передан_на_погрузку,Владивосток,Москва,20,0,48
2007-02-11,TIMU3631350,TIMU3631350_cycle_6,Отправлен_по_ЖД,Санкт-Петербург,Москва,20,3,20
2007-02-11,TIMU3631350,TIMU3631350_cycle_6,Прибыл_по_ЖД,Москва,Москва,20,0,20
2007-02-11,TIMU5165088,TIMU5165088_cycle_7,Прибыл_груженый,Владивосток,Санкт-Петербург,40,4,32
2007-02-11,TIMU5165088,TIMU5165088_cycle_7,Отправлен_по_ЖД,Владивосток,Санкт-Петербург,40,0,32
2007-02-11,TIMU7736033,TIMU7736033_cycle_7,Передан_на_погрузку,Москва,Владивосток,20,0,61
2007-02-11,TIMU7964806,TIMU7964806_cycle_6,Передан_на_погрузку,Санкт-Петербург,Москва,40,0,33
2007-02-11,TIMU8010374,TIMU8010374_cycle_6,Прибыл_свободным,Санкт-Петербург,Санкт-Петербург,20,10,0
2007-02-11,TIMU8010374,TIMU8010374_cycle_7,Передан_на_погрузку,Санкт-Петербург,Москва,20,0,55
2007-02-11,TIMU8061928,TIMU8061928_cycle_6,Прибыл_свободным,Санкт-Петербург,Санкт-Петербург,20,16,0
2007-02-11,TIMU8887794,TIMU8887794_cycle_7,Отправлен_по_ЖД,Владивосток,Санкт-Петербург,20,1,33
2007-02-11,TOWU5892461,TOWU5892461_cycle_7,Отправлен_по_ЖД,Владивосток,Москва,40,1,12
2007-02-11,TOWU7808384,TOWU7808384_cycle_5,Прибыл_свободным,Санкт-Петербург,Санкт-Петербург,40,11,0
2007-02-11,WEDU2249581,WEDU2249581_cycle_7,Прибыл_свободным,Москва,Москва,20,23,0
2007-02-11,WEDU2383938,WEDU2383938_cycle_7,Отправлен_грузополучателю,Владивосток,Владивосток,20,2,14
2007-02-12,KNYU1824938,KNYU1824938_cycle_9,Прибыл_свободным,Москва,Москва,20,5,0
2007-02-12,KNYU8173059,KNYU8173059_cycle_8,Прибыл_свободным,Санкт-Петербург,Санкт-Петербург,20,36,0
2007-02-12,KNYU8798891,KNYU8798891_cycle_6,Прибыл_груженый,Москва,Санкт-Петербург,20,18,24
2007-02-12,STNU2794431,STNU2794431_cycle_7,Передан_на_погрузку,Владивосток,Санкт-Петербург,20,0,45
2007-02-12,TIMU3631350,TIMU3631350_cycle_6,Отправлен_грузополучателю,Москва,Москва,20,1,19
2007-02-12,TIMU3656871,TIMU3656871_cycle_7,Передан_на_погрузку,Владивосток,Санкт-Петербург,20,0,49
2007-02-12,TOWU8351331,TOWU8351331_cycle_5,Прибыл_груженый,Санкт-Петербург,Владивосток,20,12,32
2007-02-12,WEDU6876299,WEDU6876299_cycle_7,Прибыл_свободным,Санкт-Петербург,Санкт-Петербург,20,7,0
2007-02-12,WEDU6876299,WEDU6876299_cycle_8,Передан_на_погрузку,Санкт-Петербург,Владивосток,20,0,45
2007-02-13,BUTU1300953,BUTU1300953_cycle_7,Передан_на_погрузку,Москва,Санкт-Петербург,40,0,18
2007-02-13,BUTU1300953,BUTU1300953_cycle_7,Прибыл_груженый,Москва,Санкт-Петербург,40,0,18
2007-02-13,BUTU1300953,BUTU1300953_cycle_7,Отправлен_по_ЖД,Москва,Санкт-Петербург,40,0,18
2007-02-13,BUTU4321000,BUTU4321000_cycle_8,Прибыл_свободным,Владивосток,Владивосток,40,6,0
2007-02-13,BUTU4321000,BUTU4321000_cycle_9,Передан_на_погрузку,Владивосток,Москва,40,0,42
2007-02-13,CRTU2183954,CRTU2183954_cycle_7,Прибыл_груженый,Владивосток,Санкт-Петербург,40,7,30
2007-02-13,KNYU6970613,KNYU6970613_cycle_8,Прибыл_свободным,Москва,Москва,20,6,0
2007-02-13,KNYU8798891,KNYU8798891_cycle_6,Отправлен_по_ЖД,Москва,Санкт-Петербург,20,1,23
2007-02-13,STNU4510100,STNU4510100_cycle_7,Отправлен_грузополучателю,Владивосток,Владивосток,20,3,17
2007-02-13,TIMU3137493,TIMU3137493_cycle_6,Прибыл_по_ЖД,Санкт-Петербург,Санкт-Петербург,40,16,0
2007-02-13,TIMU3137493,TIMU3137493_cycle_6,Отправлен_грузополучателю,Санкт-Петербург,Санкт-Петербург,40,0,0
2007-02-13,TIMU3137493,TIMU3137493_cycle_6,Прибыл_свободным,Санкт-Петербург,Санкт-Петербург,40,0,0
2007-02-13,TOWU5842316,TOWU5842316_cycle_8,Прибыл_груженый,Санкт-Петербург,Москва,40,13,13
2007-02-13,TOWU6899546,TOWU6899546_cycle_7,Отправлен_по_ЖД,Владивосток,Санкт-Петербург,20,3,29
2007-02-13,TOWU8351331,TOWU8351331_cycle_5,Отправлен_по_ЖД,Санкт-Петербург,Владивосток,20,1,31
2007-02-13,WEDU5817433,WEDU5817433_cycle_7,Прибыл_груженый,Москва,Владивосток,20,16,16
2007-02-14,CRTU2183954,CRTU2183954_cycle_7,Отправлен_по_ЖД,Владивосток,Санкт-Петербург,40,1,29
2007-02-14,CRTU8114609,CRTU8114609_cycle_8,Прибыл_груженый,Москва,Владивосток,20,10,24
2007-02-14,CRTU8114609,CRTU8114609_cycle_8,Отправлен_по_ЖД,Москва,Владивосток,20,0,24
2007-02-14,TOWU5842316,TOWU5842316_cycle_8,Отправлен_по_ЖД,Санкт-Петербург,Москва,40,1,12
2007-02-14,TOWU5842316,TOWU5842316_cycle_8,Прибыл_по_ЖД,Москва,Москва,40,0,12
2007-02-14,TOWU9892746,TOWU9892746_cycle_8,Прибыл_груженый,Москва,Владивосток,40,7,32
2007-02-15,BUTU1300953,BUTU1300953_cycle_7,Прибыл_по_ЖД,Санкт-Петербург,Санкт-Петербург,40,2,16
2007-02-15,KNYU8798891,KNYU8798891_cycle_6,Прибыл_по_ЖД,Санкт-Петербург,Санкт-Петербург,20,2,21
2007-02-15,WEDU6102098,WEDU6102098_cycle_6,Прибыл_свободным,Владивосток,Владивосток,20,20,0
2007-02-15,WEDU6654977,WEDU6654977_cycle_6,Прибыл_свободным,Москва,Москва,20,9,0
2007-02-15,WEDU6876299,WEDU6876299_cycle_8,Прибыл_груженый,Санкт-Петербург,Владивосток,20,3,42
2007-02-16,BUTU1300953,BUTU1300953_cycle_7,Отправлен_грузополучателю,Санкт-Петербург,Санкт-Петербург,40,1,15
2007-02-16,BUTU9513169,BUTU9513169_cycle_8,Прибыл_по_ЖД,Владивосток,Владивосток,40,14,8
2007-02-16,BUTU9513169,BUTU9513169_cycle_8,Отправлен_грузополучателю,Владивосток,Владивосток,40,0,8
2007-02-16,ERKU8324044,ERKU8324044_cycle_7,Прибыл_по_ЖД,Владивосток,Владивосток,40,13,6
2007-02-16,ERKU8324044,ERKU8324044_cycle_7,Отправлен_грузополучателю,Владивосток,Владивосток,40,0,6
2007-02-16,KNYU3537798,KNYU3537798_cycle_7,Передан_на_погрузку,Владивосток,Санкт-Петербург,20,0,35
2007-02-16,KNYU8798891,KNYU8798891_cycle_6,Отправлен_грузополучателю,Санкт-Петербург,Санкт-Петербург,20,1,20
2007-02-16,KNYU9630138,KNYU9630138_cycle_7,Прибыл_груженый,Владивосток,Москва,20,17,40
2007-02-16,TIMU6310893,TIMU6310893_cycle_9,Передан_на_погрузку,Санкт-Петербург,Владивосток,40,0,42
2007-02-16,TOWU2835826,TOWU2835826_cycle_5,Прибыл_свободным,Москва,Москва,40,27,0
2007-02-16,TOWU5842316,TOWU5842316_cycle_8,Отправлен_грузополучателю,Москва,Москва,40,2,10
2007-02-16,TOWU9892746,TOWU9892746_cycle_8,Отправлен_по_ЖД,Москва,Владивосток,40,2,30
2007-02-16,WEDU5817433,WEDU5817433_cycle_7,Отправлен_по_ЖД,Москва,Владивосток,20,3,13
2007-02-17,ERKU7945290,ERKU7945290_cycle_9,Передан_на_погрузку,Владивосток,Москва,20,0,49
2007-02-18,BUTU7079823,BUTU7079823_cycle_7,Прибыл_свободным,Москва,Москва,20,22,0
2007-02-18,CRTU8128829,CRTU8128829_cycle_9,Прибыл_по_ЖД,Москва,Москва,20,17,1
2007-02-18,KNYU1437543,KNYU1437543_cycle_8,Прибыл_груженый,Москва,Санкт-Петербург,20,19,4
2007-02-18,KNYU5786200,KNYU5786200_cycle_7,Прибыл_по_ЖД,Владивосток,Владивосток,20,12,26
2007-02-18,KNYU9630138,KNYU9630138_cycle_7,Отправлен_по_ЖД,Владивосток,Москва,20,2,38
2007-02-18,STNU2517447,STNU2517447_cycle_8,Прибыл_груженый,Санкт-Петербург,Москва,40,13,43
2007-02-18,WEDU6876299,WEDU6876299_cycle_8,Отправлен_по_ЖД,Санкт-Петербург,Владивосток,20,3,39
2007-02-19,CRTU8128829,CRTU8128829_cycle_9,Отправлен_грузополучателю,Москва,Москва,20,1,0
2007-02-19,CRTU8128829,CRTU8128829_cycle_9,Прибыл_свободным,Москва,Москва,20,0,0
2007-02-19,ERKU5797068,ERKU5797068_cycle_7,Передан_на_погрузку,Владивосток,Москва,40,0,22
2007-02-19,ERKU8281105,ERKU8281105_cycle_6,Прибыл_по_ЖД,Владивосток,Владивосток,40,20,10
2007-02-19,KNYU1437543,KNYU1437543_cycle_8,Отправлен_по_ЖД,Москва,Санкт-Петербург,20,1,3
2007-02-19,KNYU1437543,KNYU1437543_cycle_8,Прибыл_по_ЖД,Санкт-Петербург,Санкт-Петербург,20,0,3
2007-02-19,KNYU1773354,KNYU1773354_cycle_6,Прибыл_по_ЖД,Владивосток,Владивосток,20,10,18
2007-02-19,KNYU3335859,KNYU3335859_cycle_7,Прибыл_по_ЖД,Владивосток,Владивосток,20,18,13
2007-02-19,KNYU4619290,KNYU4619290_cycle_8,Прибыл_свободным,Москва,Москва,40,12,0
2007-02-19,KNYU6806102,KNYU6806102_cycle_7,Прибыл_груженый,Москва,Санкт-Петербург,20,22,20
2007-02-19,TIMU6310893,TIMU6310893_cycle_9,Прибыл_груженый,Санкт-Петербург,Владивосток,40,3,39
2007-02-19,TOWU5892461,TOWU5892461_cycle_7,Прибыл_по_ЖД,Москва,Москва,40,8,4
2007-02-19,TOWU5892461,TOWU5892461_cycle_7,Отправлен_грузополучателю,Москва,Москва,40,0,4
2007-02-20,KNYU1773354,KNYU1773354_cycle_6,Отправлен_грузополучателю,Владивосток,Владивосток,20,1,17
2007-02-20,KNYU7944727,KNYU7944727_cycle_9,Прибыл_груженый,Санкт-Петербург,Владивосток,20,11,40
2007-02-20,STNU2517447,STNU2517447_cycle_8,Отправлен_по_ЖД,Санкт-Петербург,Москва,40,2,41
2007-02-20,STNU2517447,STNU2517447_cycle_8,Прибыл_по_ЖД,Москва,Москва,40,0,41
2007-02-20,TIMU5293271,TIMU5293271_cycle_8,Прибыл_груженый,Москва,Санкт-Петербург,20,19,24
2007-02-20,TIMU6310893,TIMU6310893_cycle_9,Отправлен_по_ЖД,Санкт-Петербург,Владивосток,40,1,38
2007-02-20,WEDU7000544,WEDU7000544_cycle_6,Прибыл_по_ЖД,Владивосток,Владивосток,20,17,19
2007-02-20,WEDU9910122,WEDU9910122_cycle_7,Прибыл_свободным,Санкт-Петербург,Санкт-Петербург,40,18,0
2007-02-21,BUTU7130462,BUTU7130462_cycle_7,Передан_на_погрузку,Санкт-Петербург,Владивосток,20,0,36
2007-02-21,ERKU8281105,ERKU8281105_cycle_6,Отправлен_грузополучателю,Владивосток,Владивосток,40,2,8
2007-02-21,KNYU5786200,KNYU5786200_cycle_7,Отправлен_грузополучателю,Владивосток,Владивосток,20,3,23
2007-02-21,KNYU6806102,KNYU6806102_cycle_7,Отправлен_по_ЖД,Москва,Санкт-Петербург,20,2,18
2007-02-21,STNU2356703,STNU2356703_cycle_7,Передан_на_погрузку,Владивосток,Москва,40,0,44
2007-02-21,STNU2356703,STNU2356703_cycle_7,Прибыл_груженый,Владивосток,Москва,40,0,44
2007-02-21,STNU2356703,STNU2356703_cycle_7,Отправлен_по_ЖД,Владивосток,Москва,40,0,44
2007-02-21,STNU2517447,STNU2517447_cycle_8,Отправлен_грузополучателю,Москва,Москва,40,1,40
2007-02-21,TIMU8010374,TIMU8010374_cycle_7,Прибыл_груженый,Санкт-Петербург,Москва,20,10,45
2007-02-21,TOWU3611630,TOWU3611630_cycle_8,Прибыл_по_ЖД,Владивосток,Владивосток,40,13,34
2007-02-21,WEDU8568487,WEDU8568487_cycle_10,Прибыл_свободным,Санкт-Петербург,Санкт-Петербург,40,16,0
2007-02-22,CRTU1715325,CRTU1715325_cycle_8,Передан_на_погрузку,Санкт-Петербург,Владивосток,40,0,52
2007-02-22,ERKU8324044,ERKU8324044_cycle_7,Прибыл_свободным,Владивосток,Владивосток,40,6,0
2007-02-22,KNYU1437543,KNYU1437543_cycle_8,Отправлен_грузополучателю,Санкт-Петербург,Санкт-Петербург,20,3,0
2007-02-22,KNYU1437543,KNYU1437543_cycle_8,Прибыл_свободным,Санкт-Петербург,Санкт-Петербург,20,0,0
2007-02-22,KNYU1437543,KNYU1437543_cycle_9,Передан_на_погрузку,Санкт-Петербург,Москва,20,0,62
2007-02-22,KNYU3335859,KNYU3335859_cycle_7,Отправлен_грузополучателю,Владивосток,Владивосток,20,3,10
2007-02-22,KNYU6806102,KNYU6806102_cycle_7,Прибыл_по_ЖД,Санкт-Петербург,Санкт-Петербург,20,1,17
2007-02-22,STNU9767317,STNU9767317_cycle_7,Передан_на_погрузку,Владивосток,Москва,20,0,25
2007-02-22,TIMU1636645,TIMU1636645_cycle_7,Прибыл_груженый,Санкт-Петербург,Владивосток,20,18,41
2007-02-22,TIMU3656871,TIMU3656871_cycle_7,Прибыл_груженый,Владивосток,Санкт-Петербург,20,10,39
2007-02-22,TIMU5293271,TIMU5293271_cycle_8,Отправлен_по_ЖД,Москва,Санкт-Петербург,20,2,22
2007-02-22,TOWU8161314,TOWU8161314_cycle_7,Прибыл_свободным,Санкт-Петербург,Санкт-Петербург,20,18,0
2007-02-22,WEDU7000544,WEDU7000544_cycle_6,Отправлен_грузополучателю,Владивосток,Владивосток,20,2,17
2007-02-23,CRTU1167966,CRTU1167966_cycle_8,Передан_на_погрузку,Санкт-Петербург,Москва,40,0,43
2007-02-23,KNYU7944727,KNYU7944727_cycle_9,Отправлен_по_ЖД,Санкт-Петербург,Владивосток,20,3,37
2007-02-23,STNU6396019,STNU6396019_cycle_7,Прибыл_по_ЖД,Владивосток,Владивосток,40,19,23
2007-02-23,STNU9767317,STNU9767317_cycle_7,Прибыл_груженый,Владивосток,Москва,20,1,24
2007-02-23,TIMU1636645,TIMU1636645_cycle_7,Отправлен_по_ЖД,Санкт-Петербург,Владивосток,20,1,40
2007-02-23,TIMU3656871,TIMU3656871_cycle_7,Отправлен_по_ЖД,Владивосток,Санкт-Петербург,20,1,38
2007-02-23,TIMU7964806,TIMU7964806_cycle_6,Прибыл_груженый,Санкт-Петербург,Москва,40,12,21
2007-02-23,TOWU2984334,TOWU2984334_cycle_9,Прибыл_груженый,Владивосток,Санкт-Петербург,40,13,19
2007-02-23,TOWU3611630,TOWU3611630_cycle_8,Отправлен_грузополучателю,Владивосток,Владивосток,40,2,32
2007-02-23,TOWU5892461,TOWU5892461_cycle_7,Прибыл_свободным,Москва,Москва,40,4,0
2007-02-23,WEDU4651205,WEDU4651205_cycle_8,Прибыл_груженый,Владивосток,Санкт-Петербург,20,19,21
2007-02-24,BUTU9513169,BUTU9513169_cycle_8,Прибыл_свободным,Владивосток,Владивосток,40,8,0
2007-02-24,CRTU3557001,CRTU3557001_cycle_7,Передан_на_погрузку,Владивосток,Москва,20,0,49
2007-02-24,CRTU6264170,CRTU6264170_cycle_8,Прибыл_груженый,Санкт-Петербург,Москва,40,18,13
2007-02-24,ERKU3123425,ERKU3123425_cycle_8,Прибыл_груженый,Владивосток,Москва,20,13,35
2007-02-24,KNYU6806102,KNYU6806102_cycle_7,Отправлен_грузополучателю,Санкт-Петербург,Санкт-Петербург,20,2,15
2007-02-24,STNU6396019,STNU6396019_cycle_7,Отправлен_грузополучателю,Владивосток,Владивосток,40,1,22
2007-02-24,STNU9767317,STNU9767317_cycle_7,Отправлен_по_ЖД,Владивосток,Москва,20,1,23
2007-02-24,TIMU5293271,TIMU5293271_cycle_8,Прибыл_по_ЖД,Санкт-Петербург,Санкт-Петербург,20,2,20
2007-02-24,TIMU8010374,TIMU8010374_cycle_7,Отправлен_по_ЖД,Санкт-Петербург,Москва,20,3,42
2007-02-24,TOWU2984334,TOWU2984334_cycle_9,Отправлен_по_ЖД,Владивосток,Санкт-Петербург,40,1,18
2007-02-25,CRTU1521773,CRTU1521773_cycle_6,Передан_на_погрузку,Москва,Владивосток,20,0,31
2007-02-25,CRTU2183954,CRTU2183954_cycle_7,Прибыл_по_ЖД,Санкт-Петербург,Санкт-Петербург,40,11,18
2007-02-25,CRTU2183954,CRTU2183954_cycle_7,Отправлен_грузополучателю,Санкт-Петербург,Санкт-Петербург,40,0,18
2007-02-25,CRTU8114609,CRTU8114609_cycle_8,Прибыл_по_ЖД,Владивосток,Владивосток,20,11,13
2007-02-25,ERKU4123975,ERKU4123975_cycle_8,Передан_на_погрузку,Санкт-Петербург,Москва,40,0,19
2007-02-25,STNU2794431,STNU2794431_cycle_7,Прибыл_груженый,Владивосток,Санкт-Петербург,20,13,32
2007-02-25,TIMU5165088,TIMU5165088_cycle_7,Прибыл_по_ЖД,Санкт-Петербург,Санкт-Петербург,40,14,18
2007-02-25,TIMU5293271,TIMU5293271_cycle_8,Отправлен_грузополучателю,Санкт-Петербург,Санкт-Петербург,20,1,19
2007-02-25,TIMU7964806,TIMU7964806_cycle_6,Отправлен_по_ЖД,Санкт-Петербург,Москва,40,2,19
2007-02-25,TIMU7964806,TIMU7964806_cycle_6,Прибыл_по_ЖД,Москва,Москва,40,0,19
2007-02-25,TIMU9543550,TIMU9543550_cycle_9,Передан_на_погрузку,Владивосток,Санкт-Петербург,40,0,45
2007-02-25,TOWU7808384,TOWU7808384_cycle_6,Передан_на_погрузку,Санкт-Петербург,Москва,40,0,34
2007-02-25,TOWU8381849,TOWU8381849_cycle_6,Прибыл_свободным,Санкт-Петербург,Санкт-Петербург,20,23,0
2007-02-25,WEDU2383938,WEDU2383938_cycle_7,Прибыл_свободным,Владивосток,Владивосток,20,14,0
2007-02-25,WEDU4651205,WEDU4651205_cycle_8,Отправлен_по_ЖД,Владивосток,Санкт-Петербург,20,2,19
2007-02-25,WEDU7707795,WEDU7707795_cycle_7,Прибыл_по_ЖД,Владивосток,Владивосток,40,19,6
2007-02-25,WEDU7707795,WEDU7707795_cycle_7,Отправлен_грузополучателю,Владивосток,Владивосток,40,0,6
2007-02-26,CRTU6264170,CRTU6264170_cycle_8,Отправлен_по_ЖД,Санкт-Петербург,Москва,40,2,11
2007-02-26,CRTU6264170,CRTU6264170_cycle_8,Прибыл_по_ЖД,Москва,Москва,40,0,11
2007-02-26,CRTU8114609,CRTU8114609_cycle_8,Отправлен_грузополучателю,Владивосток,Владивосток,20,1,12
2007-02-26,ERKU3123425,ERKU3123425_cycle_8,Отправлен_по_ЖД,Владивосток,Москва,20,2,33
2007-02-26,KNYU4619290,KNYU4619290_cycle_9,Передан_на_погрузку,Москва,Владивосток,40,0,41
2007-02-26,STNU2794431,STNU2794431_cycle_7,Отправлен_по_ЖД,Владивосток,Санкт-Петербург,20,1,31
2007-02-26,TOWU5842316,TOWU5842316_cycle_8,Прибыл_свободным,Москва,Москва,40,10,0
2007-02-26,TOWU5842316,TOWU5842316_cycle_9,Передан_на_погрузку,Москва,Санкт-Петербург,40,0,31
2007-02-26,WEDU5817433,WEDU5817433_cycle_7,Прибыл_по_ЖД,Владивосток,Владивосток,20,10,3
2007-02-26,WEDU6874585,WEDU6874585_cycle_6,Прибыл_свободным,Москва,Москва,20,22,0
2007-02-27,CRTU6264170,CRTU6264170_cycle_8,Отправлен_грузополучателю,Москва,Москва,40,1,10
2007-02-27,ERKU7945290,ERKU7945290_cycle_9,Прибыл_груженый,Владивосток,Москва,20,10,39
2007-02-27,KNYU3021654,KNYU3021654_cycle_9,Прибыл_свободным,Санкт-Петербург,Санкт-Петербург,40,21,0
2007-02-27,TIMU5165088,TIMU5165088_cycle_7,Отправлен_грузополучателю,Санкт-Петербург,Санкт-Петербург,40,2,16
2007-02-27,TIMU7736033,TIMU7736033_cycle_7,Прибыл_груженый,Москва,Владивосток,20,16,45
2007-02-27,TIMU7964806,TIMU7964806_cycle_6,Отправлен_грузополучателю,Москва,Москва,40,2,17
2007-02-28,CRTU1937935,CRTU1937935_cycle_6,Прибыл_груженый,Москва,Владивосток,40,18,20
2007-02-28,CRTU8128829,CRTU8128829_cycle_10,Передан_на_погрузку,Москва,Владивосток,20,0,46
2007-02-28,ERKU3509749,ERKU3509749_cycle_8,Передан_на_погрузку,Москва,Санкт-Петербург,20,0,32
2007-02-28,ERKU5797068,ERKU5797068_cycle_7,Прибыл_груженый,Владивосток,Москва,40,9,13
2007-02-28,ERKU5797068,ERKU5797068_cycle_7,Отправлен_по_ЖД,Владивосток,Москва,40,0,13
2007-02-28,ERKU7945290,ERKU7945290_cycle_9,Отправлен_по_ЖД,Владивосток,Москва,20,1,38
2007-02-28,TIMU3137493,TIMU3137493_cycle_7,Передан_на_погрузку,Санкт-Петербург,Москва,40,0,32
2007-02-28,TOWU2940273,TOWU2940273_cycle_8,Передан_на_погрузку,Москва,Владивосток,40,0,41
2007-02-28,TOWU9892746,TOWU9892746_cycle_8,Прибыл_по_ЖД,Владивосток,Владивосток,40,12,18
2007-02-28,WEDU5817433,WEDU5817433_cycle_7,Отправлен_грузополучателю,Владивосток,Владивосток,20,2,1
2007-03-01,BUTU4321000,BUTU4321000_cycle_9,Прибыл_груженый,Владивосток,Москва,40,16,26
2007-03-01,BUTU8954572,BUTU8954572_cycle_7,Передан_на_погрузку,Владивосток,Санкт-Петербург,40,0,36
2007-03-01,CRTU1715325,CRTU1715325_cycle_8,Прибыл_груженый,Санкт-Петербург,Владивосток,40,7,45
2007-03-01,CRTU1937935,CRTU1937935_cycle_6,Отправлен_по_ЖД,Москва,Владивосток,40,1,19
2007-03-01,ERKU8281105,ERKU8281105_cycle_6,Прибыл_свободным,Владивосток,Владивосток,40,8,0
2007-03-01,KNYU9630138,KNYU9630138_cycle_7,Прибыл_по_ЖД,Москва,Москва,20,11,27
2007-03-01,STNU1402586,STNU1402586_cycle_8,Передан_на_погрузку,Москва,Владивосток,20,0,45
2007-03-01,STNU2356703,STNU2356703_cycle_7,Прибыл_по_ЖД,Москва,Москва,40,8,36
2007-03-01,STNU2356703,STNU2356703_cycle_7,Отправлен_грузополучателю,Москва,Москва,40,0,36
2007-03-01,WEDU2383938,WEDU2383938_cycle_8,Передан_на_погрузку,Владивосток,Санкт-Петербург,20,0,62
2007-03-01,WEDU5817433,WEDU5817433_cycle_7,Прибыл_свободным,Владивосток,Владивосток,20,1,0
2007-03-02,BUTU2391445,BUTU2391445_cycle_7,Прибыл_свободным,Владивосток,Владивосток,20,31,0
2007-03-02,BUTU4321000,BUTU4321000_cycle_9,Отправлен_по_ЖД,Владивосток,Москва,40,1,25
2007-03-02,CRTU1521773,CRTU1521773_cycle_6,Прибыл_груженый,Москва,Владивосток,20,5,26
2007-03-02,CRTU1715325,CRTU1715325_cycle_8,Отправлен_по_ЖД,Санкт-Петербург,Владивосток,40,1,44
2007-03-02,KNYU1437543,KNYU1437543_cycle_9,Прибыл_груженый,Санкт-Петербург,Москва,20,8,54
2007-03-02,STNU4510100,STNU4510100_cycle_7,Прибыл_свободным,Владивосток,Владивосток,20,17,0
2007-03-02,TIMU8010374,TIMU8010374_cycle_7,Прибыл_по_ЖД,Москва,Москва,20,6,36
2007-03-02,TIMU8887794,TIMU8887794_cycle_7,Прибыл_по_ЖД,Санкт-Петербург,Санкт-Петербург,20,19,14
2007-03-02,TIMU9543550,TIMU9543550_cycle_9,Прибыл_груженый,Владивосток,Санкт-Петербург,40,5,40
2007-03-02,TOWU7931879,TOWU7931879_cycle_7,Передан_на_погрузку,Санкт-Петербург,Москва,40,0,35
2007-03-02,TOWU9892746,TOWU9892746_cycle_8,Отправлен_грузополучателю,Владивосток,Владивосток,40,2,16
2007-03-03,BUTU1300953,BUTU1300953_cycle_7,Прибыл_свободным,Санкт-Петербург,Санкт-Петербург,40,15,0
2007-03-03,ERKU5435191,ERKU5435191_cycle_7,Передан_на_погрузку,Санкт-Петербург,Владивосток,20,0,70
2007-03-03,TIMU3631350,TIMU3631350_cycle_6,Прибыл_свободным,Москва,Москва,20,19,0
2007-03-03,TIMU7736033,TIMU7736033_cycle_7,Отправлен_по_ЖД,Москва,Владивосток,20,4,41
2007-03-03,TIMU9543550,TIMU9543550_cycle_9,Отправлен_по_ЖД,Владивосток,Санкт-Петербург,40,1,39
2007-03-03,TOWU8351331,TOWU8351331_cycle_5,Прибыл_по_ЖД,Владивосток,Владивосток,20,18,13
2007-03-03,WEDU7707795,WEDU7707795_cycle_7,Прибыл_свободным,Владивосток,Владивосток,40,6,0
2007-03-04,CRTU1521773,CRTU1521773_cycle_6,Отправлен_по_ЖД,Москва,Владивосток,20,2,24
2007-03-04,KNYU1437543,KNYU1437543_cycle_9,Отправлен_по_ЖД,Санкт-Петербург,Москва,20,2,52
2007-03-04,KNYU3335859,KNYU3335859_cycle_7,Прибыл_свободным,Владивосток,Владивосток,20,10,0
2007-03-04,KNYU9630138,KNYU9630138_cycle_7,Отправлен_грузополучателю,Москва,Москва,20,3,24
2007-03-04,STNU9845862,STNU9845862_cycle_6,Передан_на_погрузку,Санкт-Петербург,Москва,40,0,10
2007-03-04,TIMU8887794,TIMU8887794_cycle_7,Отправлен_грузополучателю,Санкт-Петербург,Санкт-Петербург,20,2,12
2007-03-04,TOWU2940273,TOWU2940273_cycle_8,Прибыл_груженый,Москва,Владивосток,40,4,37
2007-03-04,TOWU6899546,TOWU6899546_cycle_7,Прибыл_по_ЖД,Санкт-Петербург,Санкт-Петербург,20,19,10
2007-03-04,TOWU8351331,TOWU8351331_cycle_5,Отправлен_грузополучателю,Владивосток,Владивосток,20,1,12
2007-03-05,BUTU7130462,BUTU7130462_cycle_7,Прибыл_груженый,Санкт-Петербург,Владивосток,20,12,24
2007-03-05,BUTU7130462,BUTU7130462_cycle_7,Отправлен_по_ЖД,Санкт-Петербург,Владивосток,20,0,24
2007-03-05,ERKU3112209,ERKU3112209_cycle_6,Передан_на_погрузку,Санкт-Петербург,Владивосток,20,0,34
2007-03-05,KNYU1824938,KNYU1824938_cycle_10,Передан_на_погрузку,Москва,Санкт-Петербург,20,0,39
2007-03-05,TIMU8010374,TIMU8010374_cycle_7,Отправлен_грузополучателю,Москва,Москва,20,3,33
2007-03-05,WEDU6874585,WEDU6874585_cycle_7,Передан_на_погрузку,Москва,Санкт-Петербург,20,0,14
2007-03-06,TOWU2984334,TOWU2984334_cycle_9,Прибыл_по_ЖД,Санкт-Петербург,Санкт-Петербург,40,10,8
2007-03-06,TOWU6899546,TOWU6899546_cycle_7,Отправлен_грузополучателю,Санкт-Петербург,Санкт-Петербург,20,2,8
2007-03-07,TOWU2940273,TOWU2940273_cycle_8,Отправлен_по_ЖД,Москва,Владивосток,40,3,34
2007-03-07,TOWU2984334,TOWU2984334_cycle_9,Отправлен_грузополучателю,Санкт-Петербург,Санкт-Петербург,40,1,7
2007-03-08,ERKU3123425,ERKU3123425_cycle_8,Прибыл_по_ЖД,Москва,Москва,20,10,23
2007-03-08,ERKU4123975,ERKU4123975_cycle_8,Прибыл_груженый,Санкт-Петербург,Москва,40,11,8
2007-03-08,KNYU7944727,KNYU7944727_cycle_9,Прибыл_по_ЖД,Владивосток,Владивосток,20,13,24
2007-03-08,KNYU8798891,KNYU8798891_cycle_6,Прибыл_свободным,Санкт-Петербург,Санкт-Петербург,20,20,0
2007-03-08,STNU5088417,STNU5088417_cycle_7,Передан_на_погрузку,Санкт-Петербург,Владивосток,40,0,32
2007-03-08,STNU9845862,STNU9845862_cycle_6,Прибыл_груженый,Санкт-Петербург,Москва,40,4,6
2007-03-08,TIMU6180706,TIMU6180706_cycle_8,Передан_на_погрузку,Владивосток,Москва,40,0,28
2007-03-09,BUTU7001309,BUTU7001309_cycle_8,Прибыл_свободным,Санкт-Петербург,Санкт-Петербург,20,32,0
2007-03-09,CRTU5834937,CRTU5834937_cycle_6,Передан_на_погрузку,Владивосток,Москва,20,0,31
2007-03-09,CRTU6264170,CRTU6264170_cycle_8,Прибыл_свободным,Москва,Москва,40,10,0
2007-03-09,CRTU8128829,CRTU8128829_cycle_10,Прибыл_груженый,Москва,Владивосток,20,9,37
2007-03-09,ERKU3123425,ERKU3123425_cycle_8,Отправлен_грузополучателю,Москва,Москва,20,1,22
2007-03-09,ERKU4123975,ERKU4123975_cycle_8,Отправлен_по_ЖД,Санкт-Петербург,Москва,40,1,7
2007-03-09,ERKU4123975,ERKU4123975_cycle_8,Прибыл_по_ЖД,Москва,Москва,40,0,7
2007-03-09,KNYU1437543,KNYU1437543_cycle_9,Прибыл_по_ЖД,Москва,Москва,20,5,47
2007-03-09,KNYU1773354,KNYU1773354_cycle_6,Прибыл_свободным,Владивосток,Владивосток,20,17,0
2007-03-09,KNYU1773354,KNYU1773354_cycle_7,Передан_на_погрузку,Владивосток,Санкт-Петербург,20,0,44
2007-03-09,KNYU3537798,KNYU3537798_cycle_7,Прибыл_груженый,Владивосток,Санкт-Петербург,20,21,14
2007-03-09,KNYU3537798,KNYU3537798_cycle_7,Отправлен_по_ЖД,Владивосток,Санкт-Петербург,20,0,14
2007-03-09,KNYU7944727,KNYU7944727_cycle_9,Отправлен_грузополучателю,Владивосток,Владивосток,20,1,23
2007-03-09,KNYU8173059,KNYU8173059_cycle_9,Передан_на_погрузку,Санкт-Петербург,Москва,20,0,44
2007-03-09,WEDU4651205,WEDU4651205_cycle_8,Прибыл_по_ЖД,Санкт-Петербург,Санкт-Петербург,20,12,7
2007-03-09,WEDU6876299,WEDU6876299_cycle_8,Прибыл_по_ЖД,Владивосток,Владивосток,20,19,20
2007-03-10,CRTU3557001,CRTU3557001_cycle_7,Прибыл_груженый,Владивосток,Москва,20,14,35
2007-03-10,CRTU8114609,CRTU8114609_cycle_8,Прибыл_свободным,Владивосток,Владивосток,20,12,0
2007-03-10,CRTU8114609,CRTU8114609_cycle_9,Передан_на_погрузку,Владивосток,Санкт-Петербург,20,0,50
2007-03-10,CRTU8128829,CRTU8128829_cycle_10,Отправлен_по_ЖД,Москва,Владивосток,20,1,36
2007-03-10,ERKU3112209,ERKU3112209_cycle_6,Прибыл_груженый,Санкт-Петербург,Владивосток,20,5,29
2007-03-10,ERKU4123975,ERKU4123975_cycle_8,Отправлен_грузополучателю,Москва,Москва,40,1,6
2007-03-10,KNYU1033833,KNYU1033833_cycle_7,Передан_на_погрузку,Санкт-Петербург,Москва,40,0,18
2007-03-10,KNYU1437543,KNYU1437543_cycle_9,Отправлен_грузополучателю,Москва,Москва,20,1,46
2007-03-10,TIMU6310893,TIMU6310893_cycle_9,Прибыл_по_ЖД,Владивосток,Владивосток,40,18,20
2007-03-10,WEDU6876299,WEDU6876299_cycle_8,Отправлен_грузополучателю,Владивосток,Владивосток,20,1,19
2007-03-11,BUTU8954572,BUTU8954572_cycle_7,Прибыл_груженый,Владивосток,Санкт-Петербург,40,10,26
2007-03-11,CRTU1167966,CRTU1167966_cycle_8,Прибыл_груженый,Санкт-Петербург,Москва,40,16,27
2007-03-11,ERKU3112209,ERKU3112209_cycle_6,Отправлен_по_ЖД,Санкт-Петербург,Владивосток,20,1,28
2007-03-11,ERKU5797068,ERKU5797068_cycle_7,Прибыл_по_ЖД,Москва,Москва,40,11,2
2007-03-11,ERKU5797068,ERKU5797068_cycle_7,Отправлен_грузополучателю,Москва,Москва,40,0,2
2007-03-11,ERKU7945290,ERKU7945290_cycle_9,Прибыл_по_ЖД,Москва,Москва,20,11,27
2007-03-11,KNYU6806102,KNYU6806102_cycle_7,Прибыл_свободным,Санкт-Петербург,Санкт-Петербург,20,15,0
2007-03-11,STNU9487869,STNU9487869_cycle_9,Прибыл_свободным,Санкт-Петербург,Санкт-Петербург,40,31,0
2007-03-11,STNU9767317,STNU9767317_cycle_7,Прибыл_по_ЖД,Москва,Москва,20,15,8
2007-03-11,STNU9767317,STNU9767317_cycle_7,Отправлен_грузополучателю,Москва,Москва,20,0,8
2007-03-11,STNU9845862,STNU9845862_cycle_6,Отправлен_по_ЖД,Санкт-Петербург,Москва,40,3,3
2007-03-11,STNU9845862,STNU9845862_cycle_6,Прибыл_по_ЖД,Москва,Москва,40,0,3
2007-03-11,WEDU4651205,WEDU4651205_cycle_8,Отправлен_грузополучателю,Санкт-Петербург,Санкт-Петербург,20,2,5
2007-03-11,WEDU7000544,WEDU7000544_cycle_6,Прибыл_свободным,Владивосток,Владивосток,20,17,0
2007-03-11,WEDU8568487,WEDU8568487_cycle_11,Передан_на_погрузку,Санкт-Петербург,Владивосток,40,0,46
2007-03-12,BUTU8729025,BUTU8729025_cycle_7,Передан_на_погрузку,Санкт-Петербург,Москва,40,0,20
2007-03-12,CRTU1167966,CRTU1167966_cycle_8,Отправлен_по_ЖД,Санкт-Петербург,Москва,40,1,26
2007-03-12,CRTU3557001,CRTU3557001_cycle_7,Отправлен_по_ЖД,Владивосток,Москва,20,2,33
2007-03-12,STNU2794431,STNU2794431_cycle_7,Прибыл_по_ЖД,Санкт-Петербург,Санкт-Петербург,20,14,17
2007-03-12,TIMU3137493,TIMU3137493_cycle_7,Прибыл_груженый,Санкт-Петербург,Москва,40,12,20
2007-03-12,TIMU8250428,TIMU8250428_cycle_8,Передан_на_погрузку,Москва,Владивосток,20,0,19
2007-03-12,TOWU5842316,TOWU5842316_cycle_9,Прибыл_груженый,Москва,Санкт-Петербург,40,14,17
2007-03-12,TOWU7808384,TOWU7808384_cycle_6,Прибыл_груженый,Санкт-Петербург,Москва,40,15,19
2007-03-12,WEDU6874585,WEDU6874585_cycle_7,Прибыл_груженый,Москва,Санкт-Петербург,20,7,7
2007-03-12,WEDU8568487,WEDU8568487_cycle_11,Прибыл_груженый,Санкт-Петербург,Владивосток,40,1,45
2007-03-13,BUTU8954572,BUTU8954572_cycle_7,Отправлен_по_ЖД,Владивосток,Санкт-Петербург,40,2,24
2007-03-13,CRTU1167966,CRTU1167966_cycle_8,Прибыл_по_ЖД,Москва,Москва,40,1,25
2007-03-13,CRTU1521773,CRTU1521773_cycle_6,Прибыл_по_ЖД,Владивосток,Владивосток,20,9,15
2007-03-13,CRTU3557936,CRTU3557936_cycle_8,Передан_на_погрузку,Москва,Владивосток,20,0,51
2007-03-13,ERKU5797068,ERKU5797068_cycle_7,Прибыл_свободным,Москва,Москва,40,2,0
2007-03-13,ERKU5797068,ERKU5797068_cycle_8,Передан_на_погрузку,Москва,Санкт-Петербург,40,0,50
2007-03-13,STNU3092282,STNU3092282_cycle_9,Передан_на_погрузку,Владивосток,Санкт-Петербург,40,0,53
2007-03-13,STNU9845862,STNU9845862_cycle_6,Отправлен_грузополучателю,Москва,Москва,40,2,1
2007-03-13,TIMU1636645,TIMU1636645_cycle_7,Прибыл_по_ЖД,Владивосток,Владивосток,20,18,22
2007-03-13,TIMU3656871,TIMU3656871_cycle_7,Прибыл_по_ЖД,Санкт-Петербург,Санкт-Петербург,20,18,20
2007-03-13,TOWU5842316,TOWU5842316_cycle_9,Отправлен_по_ЖД,Москва,Санкт-Петербург,40,1,16
2007-03-13,WEDU2383938,WEDU2383938_cycle_8,Прибыл_груженый,Владивосток,Санкт-Петербург,20,12,50
2007-03-13,WEDU6102098,WEDU6102098_cycle_7,Передан_на_погрузку,Владивосток,Санкт-Петербург,20,0,26
2007-03-13,WEDU6874585,WEDU6874585_cycle_7,Отправлен_по_ЖД,Москва,Санкт-Петербург,20,1,6
2007-03-13,WEDU6874585,WEDU6874585_cycle_7,Прибыл_по_ЖД,Санкт-Петербург,Санкт-Петербург,20,0,6
2007-03-13,WEDU8568487,WEDU8568487_cycle_11,Отправлен_по_ЖД,Санкт-Петербург,Владивосток,40,1,44
2007-03-13,WEDU9910122,WEDU9910122_cycle_8,Передан_на_погрузку,Санкт-Петербург,Владивосток,40,0,32
2007-03-14,CRTU1521773,CRTU1521773_cycle_6,Отправлен_грузополучателю,Владивосток,Владивосток,20,1,14
2007-03-14,CRTU5834937,CRTU5834937_cycle_6,Прибыл_груженый,Владивосток,Москва,20,5,26
2007-03-14,ERKU3509749,ERKU3509749_cycle_8,Прибыл_груженый,Москва,Санкт-Петербург,20,14,18
2007-03-14,ERKU7945290,ERKU7945290_cycle_9,Отправлен_грузополучателю,Москва,Москва,20,3,24
2007-03-14,KNYU4619290,KNYU4619290_cycle_9,Прибыл_груженый,Москва,Владивосток,40,16,25
2007-03-14,STNU2794431,STNU2794431_cycle_7,Отправлен_грузополучателю,Санкт-Петербург,Санкт-Петербург,20,2,15
2007-03-14,STNU9845862,STNU9845862_cycle_6,Прибыл_свободным,Москва,Москва,40,1,0
2007-03-14,TIMU1636645,TIMU1636645_cycle_7,Отправлен_грузополучателю,Владивосток,Владивосток,20,1,21
2007-03-14,TIMU3137493,TIMU3137493_cycle_7,Отправлен_по_ЖД,Санкт-Петербург,Москва,40,2,18
2007-03-14,TIMU3656871,TIMU3656871_cycle_7,Отправлен_грузополучателю,Санкт-Петербург,Санкт-Петербург,20,1,19
2007-03-14,TIMU6310893,TIMU6310893_cycle_9,Отправлен_грузополучателю,Владивосток,Владивосток,40,4,16
2007-03-14,TOWU2984334,TOWU2984334_cycle_9,Прибыл_свободным,Санкт-Петербург,Санкт-Петербург,40,7,0
2007-03-14,TOWU6899546,TOWU6899546_cycle_7,Прибыл_свободным,Санкт-Петербург,Санкт-Петербург,20,8,0
2007-03-14,WEDU6874585,WEDU6874585_cycle_7,Отправлен_грузополучателю,Санкт-Петербург,Санкт-Петербург,20,1,5
2007-03-15,CRTU2183954,CRTU2183954_cycle_7,Прибыл_свободным,Санкт-Петербург,Санкт-Петербург,40,18,0
2007-03-15,KNYU5372067,KNYU5372067_cycle_8,Передан_на_погрузку,Владивосток,Санкт-Петербург,40,0,48
2007-03-15,KNYU6970613,KNYU6970613_cycle_9,Передан_на_погрузку,Москва,Владивосток,20,0,33
2007-03-15,KNYU8173059,KNYU8173059_cycle_9,Прибыл_груженый,Санкт-Петербург,Москва,20,6,38
2007-03-15,STNU1402586,STNU1402586_cycle_8,Прибыл_груженый,Москва,Владивосток,20,14,31
2007-03-15,STNU4510100,STNU4510100_cycle_8,Передан_на_погрузку,Владивосток,Москва,20,0,53
2007-03-15,TIMU5165088,TIMU5165088_cycle_7,Прибыл_свободным,Санкт-Петербург,Санкт-Петербург,40,16,0
2007-03-15,TOWU7808384,TOWU7808384_cycle_6,Отправлен_по_ЖД,Санкт-Петербург,Москва,40,3,16
2007-03-15,WEDU2383938,WEDU2383938_cycle_8,Отправлен_по_ЖД,Владивосток,Санкт-Петербург,20,2,48
2007-03-15,WEDU6654977,WEDU6654977_cycle_7,Передан_на_погрузку,Москва,Владивосток,20,0,42
2007-03-16,CRTU1167966,CRTU1167966_cycle_8,Отправлен_грузополучателю,Москва,Москва,40,3,22
2007-03-16,CRTU5834937,CRTU5834937_cycle_6,Отправлен_по_ЖД,Владивосток,Москва,20,2,24
2007-03-16,CRTU8114609,CRTU8114609_cycle_9,Прибыл_груженый,Владивосток,Санкт-Петербург,20,6,44
2007-03-16,ERKU3509749,ERKU3509749_cycle_8,Отправлен_по_ЖД,Москва,Санкт-Петербург,20,2,16
2007-03-16,ERKU3509749,ERKU3509749_cycle_8,Прибыл_по_ЖД,Санкт-Петербург,Санкт-Петербург,20,0,16
2007-03-16,ERKU3509749,ERKU3509749_cycle_8,Отправлен_грузополучателю,Санкт-Петербург,Санкт-Петербург,20,0,16
2007-03-16,ERKU4123975,ERKU4123975_cycle_8,Прибыл_свободным,Москва,Москва,40,6,0
2007-03-16,KNYU1773354,KNYU1773354_cycle_7,Прибыл_груженый,Владивосток,Санкт-Петербург,20,7,37
2007-03-16,KNYU4619290,KNYU4619290_cycle_9,Отправлен_по_ЖД,Москва,Владивосток,40,2,23
2007-03-16,KNYU5786200,KNYU5786200_cycle_7,Прибыл_свободным,Владивосток,Владивосток,20,23,0
2007-03-16,TIMU5293271,TIMU5293271_cycle_8,Прибыл_свободным,Санкт-Петербург,Санкт-Петербург,20,19,0
2007-03-16,TIMU7964806,TIMU7964806_cycle_6,Прибыл_свободным,Москва,Москва,40,17,0
2007-03-16,TIMU8887794,TIMU8887794_cycle_7,Прибыл_свободным,Санкт-Петербург,Санкт-Петербург,20,12,0
2007-03-16,TOWU6899546,TOWU6899546_cycle_8,Передан_на_погрузку,Санкт-Петербург,Москва,20,0,37
2007-03-16,TOWU8351331,TOWU8351331_cycle_5,Прибыл_свободным,Владивосток,Владивосток,20,12,0
2007-03-16,TOWU8351331,TOWU8351331_cycle_6,Передан_на_погрузку,Владивосток,Москва,20,0,45
2007-03-16,WEDU4651205,WEDU4651205_cycle_8,Прибыл_свободным,Санкт-Петербург,Санкт-Петербург,20,5,0
2007-03-17,CRTU1937935,CRTU1937935_cycle_6,Прибыл_по_ЖД,Владивосток,Владивосток,40,16,3
2007-03-17,CRTU1937935,CRTU1937935_cycle_6,Отправлен_грузополучателю,Владивосток,Владивосток,40,0,3
2007-03-17,CRTU2183954,CRTU2183954_cycle_8,Передан_на_погрузку,Санкт-Петербург,Владивосток,40,0,34
2007-03-17,CRTU2183954,CRTU2183954_cycle_8,Прибыл_груженый,Санкт-Петербург,Владивосток,40,0,34
2007-03-17,CRTU2183954,CRTU2183954_cycle_8,Отправлен_по_ЖД,Санкт-Петербург,Владивосток,40,0,34
2007-03-17,KNYU8173059,KNYU8173059_cycle_9,Отправлен_по_ЖД,Санкт-Петербург,Москва,20,2,36
2007-03-17,STNU1402586,STNU1402586_cycle_8,Отправлен_по_ЖД,Москва,Владивосток,20,2,29
2007-03-17,TIMU3137493,TIMU3137493_cycle_7,Прибыл_по_ЖД,Москва,Москва,40,3,15
2007-03-17,TIMU7736033,TIMU7736033_cycle_7,Прибыл_по_ЖД,Владивосток,Владивосток,20,14,27
2007-03-17,TOWU5842316,TOWU5842316_cycle_9,Прибыл_по_ЖД,Санкт-Петербург,Санкт-Петербург,40,4,12
2007-03-17,TOWU7808384,TOWU7808384_cycle_6,Прибыл_по_ЖД,Москва,Москва,40,2,14
2007-03-18,BUTU4321000,BUTU4321000_cycle_9,Прибыл_по_ЖД,Москва,Москва,40,16,9
2007-03-18,CRTU8114609,CRTU8114609_cycle_9,Отправлен_по_ЖД,Владивосток,Санкт-Петербург,20,2,42
2007-03-18,STNU6396019,STNU6396019_cycle_7,Прибыл_свободным,Владивосток,Владивосток,40,22,0
2007-03-18,TIMU7736033,TIMU7736033_cycle_7,Отправлен_грузополучателю,Владивосток,Владивосток,20,1,26
2007-03-18,TIMU9543550,TIMU9543550_cycle_9,Прибыл_по_ЖД,Санкт-Петербург,Санкт-Петербург,40,15,24
2007-03-18,TOWU9892746,TOWU9892746_cycle_8,Прибыл_свободным,Владивосток,Владивосток,40,16,0
2007-03-18,WEDU5817433,WEDU5817433_cycle_8,Передан_на_погрузку,Владивосток,Санкт-Петербург,20,0,27
2007-03-18,WEDU6102098,WEDU6102098_cycle_7,Прибыл_груженый,Владивосток,Санкт-Петербург,20,5,21
2007-03-19,BUTU7079823,BUTU7079823_cycle_8,Передан_на_погрузку,Москва,Санкт-Петербург,20,0,16
2007-03-19,CRTU6264170,CRTU6264170_cycle_9,Передан_на_погрузку,Москва,Санкт-Петербург,40,0,31
2007-03-19,KNYU1033833,KNYU1033833_cycle_7,Прибыл_груженый,Санкт-Петербург,Москва,40,9,9
2007-03-19,KNYU1773354,KNYU1773354_cycle_7,Отправлен_по_ЖД,Владивосток,Санкт-Петербург,20,3,34
2007-03-19,KNYU8173059,KNYU8173059_cycle_9,Прибыл_по_ЖД,Москва,Москва,20,2,34
2007-03-19,STNU9767317,STNU9767317_cycle_7,Прибыл_свободным,Москва,Москва,20,8,0
2007-03-19,TIMU3137493,TIMU3137493_cycle_7,Отправлен_грузополучателю,Москва,Москва,40,2,13
2007-03-19,TOWU5842316,TOWU5842316_cycle_9,Отправлен_грузополучателю,Санкт-Петербург,Санкт-Петербург,40,2,10
2007-03-19,TOWU8351331,TOWU8351331_cycle_6,Прибыл_груженый,Владивосток,Москва,20,3,42
2007-03-19,WEDU6874585,WEDU6874585_cycle_7,Прибыл_свободным,Санкт-Петербург,Санкт-Петербург,20,5,0
2007-03-20,BUTU4321000,BUTU4321000_cycle_9,Отправлен_грузополучателю,Москва,Москва,40,2,7
2007-03-20,CRTU1937935,CRTU1937935_cycle_6,Прибыл_свободным,Владивосток,Владивосток,40,3,0
2007-03-20,KNYU1033833,KNYU1033833_cycle_7,Отправлен_по_ЖД,Санкт-Петербург,Москва,40,1,8
2007-03-20,KNYU1033833,KNYU1033833_cycle_7,Прибыл_по_ЖД,Москва,Москва,40,0,8
2007-03-20,KNYU1824938,KNYU1824938_cycle_10,Прибыл_груженый,Москва,Санкт-Петербург,20,15,24
2007-03-20,KNYU8173059,KNYU8173059_cycle_9,Отправлен_грузополучателю,Москва,Москва,20,1,33
2007-03-20,STNU5088417,STNU5088417_cycle_7,Прибыл_груженый,Санкт-Петербург,Владивосток,40,12,20
2007-03-20,STNU5088417,STNU5088417_cycle_7,Отправлен_по_ЖД,Санкт-Петербург,Владивосток,40,0,20
2007-03-20,TIMU9543550,TIMU9543550_cycle_9,Отправлен_грузополучателю,Санкт-Петербург,Санкт-Петербург,40,2,22
2007-03-20,TOWU7808384,TOWU7808384_cycle_6,Отправлен_грузополучателю,Москва,Москва,40,3,11
2007-03-20,TOWU8351331,TOWU8351331_cycle_6,Отправлен_по_ЖД,Владивосток,Москва,20,1,41
2007-03-20,WEDU9910122,WEDU9910122_cycle_8,Прибыл_груженый,Санкт-Петербург,Владивосток,40,7,25
2007-03-21,BUTU8729025,BUTU8729025_cycle_7,Прибыл_груженый,Санкт-Петербург,Москва,40,9,11
2007-03-21,ERKU5435191,ERKU5435191_cycle_7,Прибыл_груженый,Санкт-Петербург,Владивосток,20,18,52
2007-03-21,KNYU3537798,KNYU3537798_cycle_7,Прибыл_по_ЖД,Санкт-Петербург,Санкт-Петербург,20,12,2
2007-03-21,TIMU8250428,TIMU8250428_cycle_8,Прибыл_груженый,Москва,Владивосток,20,9,10
2007-03-21,TIMU8250428,TIMU8250428_cycle_8,Отправлен_по_ЖД,Москва,Владивосток,20,0,10
2007-03-21,WEDU2249581,WEDU2249581_cycle_8,Передан_на_погрузку,Москва,Владивосток,20,0,23
2007-03-21,WEDU6102098,WEDU6102098_cycle_7,Отправлен_по_ЖД,Владивосток,Санкт-Петербург,20,3,18
2007-03-22,KNYU1824938,KNYU1824938_cycle_10,Отправлен_по_ЖД,Москва,Санкт-Петербург,20,2,22
2007-03-22,TIMU6180706,TIMU6180706_cycle_8,Прибыл_груженый,Владивосток,Москва,40,14,14
2007-03-22,TOWU6899546,TOWU6899546_cycle_8,Прибыл_груженый,Санкт-Петербург,Москва,20,6,31
2007-03-22,TOWU7931879,TOWU7931879_cycle_7,Прибыл_груженый,Санкт-Петербург,Москва,40,20,15
2007-03-22,WEDU9910122,WEDU9910122_cycle_8,Отправлен_по_ЖД,Санкт-Петербург,Владивосток,40,2,23
2007-03-23,BUTU8729025,BUTU8729025_cycle_7,Отправлен_по_ЖД,Санкт-Петербург,Москва,40,2,9
2007-03-23,BUTU8729025,BUTU8729025_cycle_7,Прибыл_по_ЖД,Москва,Москва,40,0,9
2007-03-23,CRTU8128829,CRTU8128829_cycle_10,Прибыл_по_ЖД,Владивосток,Владивосток,20,13,23
2007-03-23,KNYU1824938,KNYU1824938_cycle_10,Прибыл_по_ЖД,Санкт-Петербург,Санкт-Петербург,20,1,21
2007-03-23,KNYU3537798,KNYU3537798_cycle_7,Отправлен_грузополучателю,Санкт-Петербург,Санкт-Петербург,20,2,0
2007-03-23,KNYU3537798,KNYU3537798_cycle_7,Прибыл_свободным,Санкт-Петербург,Санкт-Петербург,20,0,0
2007-03-23,TIMU6180706,TIMU6180706_cycle_8,Отправлен_по_ЖД,Владивосток,Москва,40,1,13
2007-03-23,TOWU2835826,TOWU2835826_cycle_6,Передан_на_погрузку,Москва,Владивосток,40,0,44
2007-03-23,TOWU2940273,TOWU2940273_cycle_8,Прибыл_по_ЖД,Владивосток,Владивосток,40,16,18
2007-03-23,TOWU6899546,TOWU6899546_cycle_8,Отправлен_по_ЖД,Санкт-Петербург,Москва,20,1,30
2007-03-23,TOWU6899546,TOWU6899546_cycle_8,Прибыл_по_ЖД,Москва,Москва,20,0,30
2007-03-23,TOWU7931879,TOWU7931879_cycle_7,Отправлен_по_ЖД,Санкт-Петербург,Москва,40,1,14
2007-03-23,WEDU7707795,WEDU7707795_cycle_8,Передан_на_погрузку,Владивосток,Санкт-Петербург,40,0,54
2007-03-24,BUTU7130462,BUTU7130462_cycle_7,Прибыл_по_ЖД,Владивосток,Владивосток,20,19,5
2007-03-24,BUTU8729025,BUTU8729025_cycle_7,Отправлен_грузополучателю,Москва,Москва,40,1,8
2007-03-24,CRTU3557936,CRTU3557936_cycle_8,Прибыл_груженый,Москва,Владивосток,20,11,40
2007-03-24,CRTU8128829,CRTU8128829_cycle_10,Отправлен_грузополучателю,Владивосток,Владивосток,20,1,22
2007-03-24,ERKU5435191,ERKU5435191_cycle_7,Отправлен_по_ЖД,Санкт-Петербург,Владивосток,20,3,49
2007-03-24,KNYU1033833,KNYU1033833_cycle_7,Отправлен_грузополучателю,Москва,Москва,40,4,4
2007-03-24,KNYU3021654,KNYU3021654_cycle_10,Передан_на_погрузку,Санкт-Петербург,Москва,40,0,47
2007-03-24,KNYU8798891,KNYU8798891_cycle_7,Передан_на_погрузку,Санкт-Петербург,Москва,20,0,33
2007-03-24,TOWU2940273,TOWU2940273_cycle_8,Отправлен_грузополучателю,Владивосток,Владивосток,40,1,17
2007-03-25,BUTU7130462,BUTU7130462_cycle_7,Отправлен_грузополучателю,Владивосток,Владивосток,20,1,4
2007-03-25,BUTU8954572,BUTU8954572_cycle_7,Прибыл_по_ЖД,Санкт-Петербург,Санкт-Петербург,40,12,12
2007-03-25,CRTU1715325,CRTU1715325_cycle_8,Прибыл_по_ЖД,Владивосток,Владивосток,40,23,21
2007-03-25,CRTU3557936,CRTU3557936_cycle_8,Отправлен_по_ЖД,Москва,Владивосток,20,1,39
2007-03-25,KNYU1824938,KNYU1824938_cycle_10,Отправлен_грузополучателю,Санкт-Петербург,Санкт-Петербург,20,2,19
2007-03-25,TOWU6899546,TOWU6899546_cycle_8,Отправлен_грузополучателю,Москва,Москва,20,2,28
2007-03-25,WEDU8568487,WEDU8568487_cycle_11,Прибыл_по_ЖД,Владивосток,Владивосток,40,12,32
2007-03-26,CRTU1715325,CRTU1715325_cycle_8,Отправлен_грузополучателю,Владивосток,Владивосток,40,1,20
2007-03-26,ERKU4123975,ERKU4123975_cycle_9,Передан_на_погрузку,Москва,Владивосток,40,0,50
2007-03-26,KNYU4619290,KNYU4619290_cycle_9,Прибыл_по_ЖД,Владивосток,Владивосток,40,10,13
2007-03-26,STNU6396019,STNU6396019_cycle_8,Передан_на_погрузку,Владивосток,Москва,40,0,40
2007-03-26,STNU9767317,STNU9767317_cycle_8,Передан_на_погрузку,Москва,Владивосток,20,0,36
2007-03-26,TIMU5165088,TIMU5165088_cycle_8,Передан_на_погрузку,Санкт-Петербург,Москва,40,0,11
2007-03-26,TIMU5293271,TIMU5293271_cycle_9,Передан_на_погрузку,Санкт-Петербург,Владивосток,20,0,40
2007-03-26,TIMU8061928,TIMU8061928_cycle_7,Передан_на_погрузку,Санкт-Петербург,Владивосток,20,0,30
2007-03-26,WEDU2249581,WEDU2249581_cycle_8,Прибыл_груженый,Москва,Владивосток,20,5,18
2007-03-26,WEDU2249581,WEDU2249581_cycle_8,Отправлен_по_ЖД,Москва,Владивосток,20,0,18
2007-03-26,WEDU5817433,WEDU5817433_cycle_8,Прибыл_груженый,Владивосток,Санкт-Петербург,20,8,19
2007-03-26,WEDU7000544,WEDU7000544_cycle_7,Передан_на_погрузку,Владивосток,Санкт-Петербург,20,0,41
2007-03-26,WEDU8568487,WEDU8568487_cycle_11,Отправлен_грузополучателю,Владивосток,Владивосток,40,1,31
2007-03-27,BUTU4321000,BUTU4321000_cycle_9,Прибыл_свободным,Москва,Москва,40,7,0
2007-03-27,BUTU9513169,BUTU9513169_cycle_9,Передан_на_погрузку,Владивосток,Москва,40,0,34
2007-03-27,CRTU5834937,CRTU5834937_cycle_6,Прибыл_по_ЖД,Москва,Москва,20,11,13
2007-03-27,ERKU3112209,ERKU3112209_cycle_6,Прибыл_по_ЖД,Владивосток,Владивосток,20,16,12
2007-03-27,KNYU9683883,KNYU9683883_cycle_10,Передан_на_погрузку,Москва,Владивосток,20,0,35
2007-03-27,TOWU3611630,TOWU3611630_cycle_8,Прибыл_свободным,Владивосток,Владивосток,40,32,0
2007-03-27,TOWU7931879,TOWU7931879_cycle_7,Прибыл_по_ЖД,Москва,Москва,40,4,10
2007-03-28,BUTU8954572,BUTU8954572_cycle_7,Отправлен_грузополучателю,Санкт-Петербург,Санкт-Петербург,40,3,9
2007-03-28,CRTU1521773,CRTU1521773_cycle_6,Прибыл_свободным,Владивосток,Владивосток,20,14,0
2007-03-28,CRTU2183954,CRTU2183954_cycle_8,Прибыл_по_ЖД,Владивосток,Владивосток,40,11,23
2007-03-28,CRTU3557001,CRTU3557001_cycle_7,Прибыл_по_ЖД,Москва,Москва,20,16,17
2007-03-28,CRTU3557001,CRTU3557001_cycle_7,Отправлен_грузополучателю,Москва,Москва,20,0,17
2007-03-28,CRTU5834937,CRTU5834937_cycle_6,Отправлен_грузополучателю,Москва,Москва,20,1,12
2007-03-28,ERKU5797068,ERKU5797068_cycle_8,Прибыл_груженый,Москва,Санкт-Петербург,40,15,35
2007-03-28,KNYU1033833,KNYU1033833_cycle_7,Прибыл_свободным,Москва,Москва,40,4,0
2007-03-28,KNYU4619290,KNYU4619290_cycle_9,Отправлен_грузополучателю,Владивосток,Владивосток,40,2,11
2007-03-28,KNYU8798891,KNYU8798891_cycle_7,Прибыл_груженый,Санкт-Петербург,Москва,20,4,29
2007-03-28,KNYU9630138,KNYU9630138_cycle_7,Прибыл_свободным,Москва,Москва,20,24,0
2007-03-28,STNU3092282,STNU3092282_cycle_9,Прибыл_груженый,Владивосток,Санкт-Петербург,40,15,38
2007-03-28,TOWU2984334,TOWU2984334_cycle_10,Передан_на_погрузку,Санкт-Петербург,Москва,40,0,51
2007-03-28,TOWU7931879,TOWU7931879_cycle_7,Отправлен_грузополучателю,Москва,Москва,40,1,9
2007-03-28,WEDU5817433,WEDU5817433_cycle_8,Отправлен_по_ЖД,Владивосток,Санкт-Петербург,20,2,17
2007-03-28,WEDU6654977,WEDU6654977_cycle_7,Прибыл_груженый,Москва,Владивосток,20,13,29
2007-03-29,BUTU7130462,BUTU7130462_cycle_7,Прибыл_свободным,Владивосток,Владивосток,20,4,0
2007-03-29,BUTU9513169,BUTU9513169_cycle_9,Прибыл_груженый,Владивосток,Москва,40,2,32
2007-03-29,CRTU2093770,CRTU2093770_cycle_8,Передан_на_погрузку,Владивосток,Санкт-Петербург,40,0,23
2007-03-29,ERKU3112209,ERKU3112209_cycle_6,Отправлен_грузополучателю,Владивосток,Владивосток,20,2,10
2007-03-29,KNYU3537798,KNYU3537798_cycle_8,Передан_на_погрузку,Санкт-Петербург,Москва,20,0,3
2007-03-29,KNYU3537798,KNYU3537798_cycle_8,Прибыл_груженый,Санкт-Петербург,Москва,20,0,3
2007-03-29,KNYU8798891,KNYU8798891_cycle_7,Отправлен_по_ЖД,Санкт-Петербург,Москва,20,1,28
2007-03-29,STNU1402586,STNU1402586_cycle_8,Прибыл_по_ЖД,Владивосток,Владивосток,20,12,17
2007-03-29,STNU2794431,STNU2794431_cycle_7,Прибыл_свободным,Санкт-Петербург,Санкт-Петербург,20,15,0
2007-03-29,STNU9767317,STNU9767317_cycle_8,Прибыл_груженый,Москва,Владивосток,20,3,33
2007-03-29,STNU9767317,STNU9767317_cycle_8,Отправлен_по_ЖД,Москва,Владивосток,20,0,33
2007-03-29,TOWU5842316,TOWU5842316_cycle_9,Прибыл_свободным,Санкт-Петербург,Санкт-Петербург,40,10,0
2007-03-29,WEDU2383938,WEDU2383938_cycle_8,Прибыл_по_ЖД,Санкт-Петербург,Санкт-Петербург,20,14,34
2007-03-29,WEDU6876299,WEDU6876299_cycle_8,Прибыл_свободным,Владивосток,Владивосток,20,19,0
2007-03-30,CRTU2183954,CRTU2183954_cycle_8,Отправлен_грузополучателю,Владивосток,Владивосток,40,2,21
2007-03-30,ERKU5797068,ERKU5797068_cycle_8,Отправлен_по_ЖД,Москва,Санкт-Петербург,40,2,33
2007-03-30,KNYU3537798,KNYU3537798_cycle_8,Отправлен_по_ЖД,Санкт-Петербург,Москва,20,1,2
2007-03-30,KNYU3537798,KNYU3537798_cycle_8,Прибыл_по_ЖД,Москва,Москва,20,0,2
2007-03-30,STNU3092282,STNU3092282_cycle_9,Отправлен_по_ЖД,Владивосток,Санкт-Петербург,40,2,36
2007-03-30,TIMU6310893,TIMU6310893_cycle_9,Прибыл_свободным,Владивосток,Владивосток,40,16,0
2007-03-30,TIMU8250428,TIMU8250428_cycle_8,Прибыл_по_ЖД,Владивосток,Владивосток,20,9,1
2007-03-30,TOWU8381849,TOWU8381849_cycle_7,Передан_на_погрузку,Санкт-Петербург,Владивосток,20,0,29
2007-03-30,WEDU2383938,WEDU2383938_cycle_8,Отправлен_грузополучателю,Санкт-Петербург,Санкт-Петербург,20,1,33
2007-03-30,WEDU6654977,WEDU6654977_cycle_7,Отправлен_по_ЖД,Москва,Владивосток,20,2,27
2007-03-31,BUTU9513169,BUTU9513169_cycle_9,Отправлен_по_ЖД,Владивосток,Москва,40,2,30
2007-03-31,ERKU3123425,ERKU3123425_cycle_8,Прибыл_свободным,Москва,Москва,20,22,0
2007-03-31,TIMU8250428,TIMU8250428_cycle_8,Отправлен_грузополучателю,Владивосток,Владивосток,20,1,0
2007-03-31,TIMU8250428,TIMU8250428_cycle_8,Прибыл_свободным,Владивосток,Владивосток,20,0,0
2007-03-31,TIMU8250428,TIMU8250428_cycle_9,Передан_на_погрузку,Владивосток,Санкт-Петербург,20,0,46
2007-03-31,TOWU7808384,TOWU7808384_cycle_6,Прибыл_свободным,Москва,Москва,40,11,0
2007-04-01,BUTU7079823,BUTU7079823_cycle_8,Прибыл_груженый,Москва,Санкт-Петербург,20,13,3
2007-04-01,BUTU8729025,BUTU8729025_cycle_7,Прибыл_свободным,Москва,Москва,40,8,0
2007-04-01,ERKU3509749,ERKU3509749_cycle_8,Прибыл_свободным,Санкт-Петербург,Санкт-Петербург,20,16,0
2007-04-01,KNYU3537798,KNYU3537798_cycle_8,Отправлен_грузополучателю,Москва,Москва,20,2,0
2007-04-01,KNYU3537798,KNYU3537798_cycle_8,Прибыл_свободным,Москва,Москва,20,0,0
2007-04-01,KNYU5372067,KNYU5372067_cycle_8,Прибыл_груженый,Владивосток,Санкт-Петербург,40,17,31
2007-04-01,KNYU7944727,KNYU7944727_cycle_9,Прибыл_свободным,Владивосток,Владивосток,20,23,0
2007-04-01,STNU1402586,STNU1402586_cycle_8,Отправлен_грузополучателю,Владивосток,Владивосток,20,3,14
2007-04-01,TIMU3137493,TIMU3137493_cycle_7,Прибыл_свободным,Москва,Москва,40,13,0
2007-04-01,TIMU3137493,TIMU3137493_cycle_8,Передан_на_погрузку,Москва,Владивосток,40,0,46
2007-04-01,TIMU5165088,TIMU5165088_cycle_8,Прибыл_груженый,Санкт-Петербург,Москва,40,6,5
2007-04-01,TOWU8161314,TOWU8161314_cycle_8,Передан_на_погрузку,Санкт-Петербург,Владивосток,20,0,35
2007-04-01,WEDU7707795,WEDU7707795_cycle_8,Прибыл_груженый,Владивосток,Санкт-Петербург,40,9,45
2007-04-02,BUTU7079823,BUTU7079823_cycle_8,Отправлен_по_ЖД,Москва,Санкт-Петербург,20,1,2
2007-04-02,BUTU7079823,BUTU7079823_cycle_8,Прибыл_по_ЖД,Санкт-Петербург,Санкт-Петербург,20,0,2
2007-04-02,CRTU8114609,CRTU8114609_cycle_9,Прибыл_по_ЖД,Санкт-Петербург,Санкт-Петербург,20,15,27
2007-04-02,STNU2517447,STNU2517447_cycle_8,Прибыл_свободным,Москва,Москва,40,40,0
2007-04-02,TIMU3656871,TIMU3656871_cycle_7,Прибыл_свободным,Санкт-Петербург,Санкт-Петербург,20,19,0
2007-04-02,TIMU3656871,TIMU3656871_cycle_8,Передан_на_погрузку,Санкт-Петербург,Владивосток,20,0,48
2007-04-03,KNYU3537798,KNYU3537798_cycle_9,Передан_на_погрузку,Москва,Санкт-Петербург,20,0,27
2007-04-03,KNYU5372067,KNYU5372067_cycle_8,Отправлен_по_ЖД,Владивосток,Санкт-Петербург,40,2,29
2007-04-03,TOWU5842316,TOWU5842316_cycle_10,Передан_на_погрузку,Санкт-Петербург,Владивосток,40,0,30
2007-04-03,WEDU7707795,WEDU7707795_cycle_8,Отправлен_по_ЖД,Владивосток,Санкт-Петербург,40,2,43
2007-04-04,BUTU7079823,BUTU7079823_cycle_8,Отправлен_грузополучателю,Санкт-Петербург,Санкт-Петербург,20,2,0
2007-04-04,BUTU7079823,BUTU7079823_cycle_8,Прибыл_свободным,Санкт-Петербург,Санкт-Петербург,20,0,0
2007-04-04,CRTU8114609,CRTU8114609_cycle_9,Отправлен_грузополучателю,Санкт-Петербург,Санкт-Петербург,20,2,25
2007-04-04,ERKU5797068,ERKU5797068_cycle_8,Прибыл_по_ЖД,Санкт-Петербург,Санкт-Петербург,40,5,28
2007-04-04,ERKU8281105,ERKU8281105_cycle_7,Передан_на_погрузку,Владивосток,Санкт-Петербург,40,0,41
2007-04-04,ERKU8324044,ERKU8324044_cycle_8,Передан_на_погрузку,Владивосток,Санкт-Петербург,40,0,63
2007-04-04,KNYU6970613,KNYU6970613_cycle_9,Прибыл_груженый,Москва,Владивосток,20,20,13
2007-04-04,STNU4919514,STNU4919514_cycle_8,Передан_на_погрузку,Владивосток,Москва,40,0,40
2007-04-04,TIMU1636645,TIMU1636645_cycle_7,Прибыл_свободным,Владивосток,Владивосток,20,21,0
2007-04-04,TIMU5165088,TIMU5165088_cycle_8,Отправлен_по_ЖД,Санкт-Петербург,Москва,40,3,2
2007-04-04,TIMU5165088,TIMU5165088_cycle_8,Прибыл_по_ЖД,Москва,Москва,40,0,2
2007-04-04,TIMU6180706,TIMU6180706_cycle_8,Прибыл_по_ЖД,Москва,Москва,40,12,1
2007-04-04,TOWU8351331,TOWU8351331_cycle_6,Прибыл_по_ЖД,Москва,Москва,20,15,26
2007-04-04,WEDU9910122,WEDU9910122_cycle_8,Прибыл_по_ЖД,Владивосток,Владивосток,40,13,10
2007-04-05,BUTU2391445,BUTU2391445_cycle_8,Передан_на_погрузку,Владивосток,Москва,20,0,40
2007-04-05,KNYU1773354,KNYU1773354_cycle_7,Прибыл_по_ЖД,Санкт-Петербург,Санкт-Петербург,20,17,17
2007-04-05,KNYU1773354,KNYU1773354_cycle_7,Отправлен_грузополучателю,Санкт-Петербург,Санкт-Петербург,20,0,17
2007-04-05,STNU2517447,STNU2517447_cycle_9,Передан_на_погрузку,Москва,Владивосток,40,0,40
2007-04-05,STNU5088417,STNU5088417_cycle_7,Прибыл_по_ЖД,Владивосток,Владивосток,40,16,4
2007-04-05,STNU5088417,STNU5088417_cycle_7,Отправлен_грузополучателю,Владивосток,Владивосток,40,0,4
2007-04-05,STNU6396019,STNU6396019_cycle_8,Прибыл_груженый,Владивосток,Москва,40,10,30
2007-04-05,TIMU6180706,TIMU6180706_cycle_8,Отправлен_грузополучателю,Москва,Москва,40,1,0
2007-04-05,TIMU6180706,TIMU6180706_cycle_8,Прибыл_свободным,Москва,Москва,40,0,0
2007-04-05,TIMU6180706,TIMU6180706_cycle_9,Передан_на_погрузку,Москва,Санкт-Петербург,40,0,19
2007-04-05,TIMU8250428,TIMU8250428_cycle_9,Прибыл_груженый,Владивосток,Санкт-Петербург,20,5,41
2007-04-05,TIMU8250428,TIMU8250428_cycle_9,Отправлен_по_ЖД,Владивосток,Санкт-Петербург,20,0,41
2007-04-05,TOWU8351331,TOWU8351331_cycle_6,Отправлен_грузополучателю,Москва,Москва,20,1,25
2007-04-05,TOWU9896330,TOWU9896330_cycle_8,Передан_на_погрузку,Санкт-Петербург,Москва,40,0,20
2007-04-06,BUTU8954572,BUTU8954572_cycle_7,Прибыл_свободным,Санкт-Петербург,Санкт-Петербург,40,9,0
2007-04-06,ERKU5797068,ERKU5797068_cycle_8,Отправлен_грузополучателю,Санкт-Петербург,Санкт-Петербург,40,2,26
2007-04-06,KNYU8798891,KNYU8798891_cycle_7,Прибыл_по_ЖД,Москва,Москва,20,8,20
2007-04-06,STNU2356703,STNU2356703_cycle_7,Прибыл_свободным,Москва,Москва,40,36,0
2007-04-06,STNU4510100,STNU4510100_cycle_8,Прибыл_груженый,Владивосток,Москва,20,22,31
2007-04-06,TIMU5165088,TIMU5165088_cycle_8,Отправлен_грузополучателю,Москва,Москва,40,2,0
2007-04-06,TIMU5165088,TIMU5165088_cycle_8,Прибыл_свободным,Москва,Москва,40,0,0
2007-04-06,TIMU8061928,TIMU8061928_cycle_7,Прибыл_груженый,Санкт-Петербург,Владивосток,20,11,19
2007-04-06,TOWU5842316,TOWU5842316_cycle_10,Прибыл_груженый,Санкт-Петербург,Владивосток,40,3,27
2007-04-06,TOWU5842316,TOWU5842316_cycle_10,Отправлен_по_ЖД,Санкт-Петербург,Владивосток,40,0,27
2007-04-06,TOWU7931879,TOWU7931879_cycle_7,Прибыл_свободным,Москва,Москва,40,9,0
2007-04-06,TOWU7931879,TOWU7931879_cycle_8,Передан_на_погрузку,Москва,Санкт-Петербург,40,0,10
2007-04-06,WEDU7000544,WEDU7000544_cycle_7,Прибыл_груженый,Владивосток,Санкт-Петербург,20,11,30
2007-04-06,WEDU9910122,WEDU9910122_cycle_8,Отправлен_грузополучателю,Владивосток,Владивосток,40,2,8
2007-04-07,CRTU1167966,CRTU1167966_cycle_8,Прибыл_свободным,Москва,Москва,40,22,0
2007-04-07,ERKU7945290,ERKU7945290_cycle_9,Прибыл_свободным,Москва,Москва,20,24,0
2007-04-07,KNYU6970613,KNYU6970613_cycle_9,Отправлен_по_ЖД,Москва,Владивосток,20,3,10
2007-04-07,STNU4510100,STNU4510100_cycle_8,Отправлен_по_ЖД,Владивосток,Москва,20,1,30
2007-04-07,STNU6396019,STNU6396019_cycle_8,Отправлен_по_ЖД,Владивосток,Москва,40,2,28
2007-04-07,TIMU8010374,TIMU8010374_cycle_7,Прибыл_свободным,Москва,Москва,20,33,0
2007-04-07,WEDU6102098,WEDU6102098_cycle_7,Прибыл_по_ЖД,Санкт-Петербург,Санкт-Петербург,20,17,1
2007-04-07,WEDU6102098,WEDU6102098_cycle_7,Отправлен_грузополучателю,Санкт-Петербург,Санкт-Петербург,20,0,1
2007-04-07,WEDU7000544,WEDU7000544_cycle_7,Отправлен_по_ЖД,Владивосток,Санкт-Петербург,20,1,29
2007-04-08,CRTU6264170,CRTU6264170_cycle_9,Прибыл_груженый,Москва,Санкт-Петербург,40,20,11
2007-04-08,ERKU3112209,ERKU3112209_cycle_6,Прибыл_свободным,Владивосток,Владивосток,20,10,0
2007-04-08,ERKU5435191,ERKU5435191_cycle_7,Прибыл_по_ЖД,Владивосток,Владивосток,20,15,34
2007-04-08,ERKU5435191,ERKU5435191_cycle_7,Отправлен_грузополучателю,Владивосток,Владивосток,20,0,34
2007-04-08,ERKU7945290,ERKU7945290_cycle_10,Передан_на_погрузку,Москва,Владивосток,20,0,61
2007-04-08,KNYU3537798,KNYU3537798_cycle_9,Прибыл_груженый,Москва,Санкт-Петербург,20,5,22
2007-04-08,KNYU4619290,KNYU4619290_cycle_9,Прибыл_свободным,Владивосток,Владивосток,40,11,0
2007-04-08,TIMU8061928,TIMU8061928_cycle_7,Отправлен_по_ЖД,Санкт-Петербург,Владивосток,20,2,17
2007-04-08,WEDU6102098,WEDU6102098_cycle_7,Прибыл_свободным,Санкт-Петербург,Санкт-Петербург,20,1,0
2007-04-09,CRTU5834937,CRTU5834937_cycle_6,Прибыл_свободным,Москва,Москва,20,12,0
2007-04-09,CRTU5834937,CRTU5834937_cycle_7,Передан_на_погрузку,Москва,Санкт-Петербург,20,0,34
2007-04-09,CRTU6264170,CRTU6264170_cycle_9,Отправлен_по_ЖД,Москва,Санкт-Петербург,40,1,10
2007-04-09,KNYU3021654,KNYU3021654_cycle_10,Прибыл_груженый,Санкт-Петербург,Москва,40,16,31
2007-04-09,KNYU3537798,KNYU3537798_cycle_9,Отправлен_по_ЖД,Москва,Санкт-Петербург,20,1,21
2007-04-09,KNYU3537798,KNYU3537798_cycle_9,Прибыл_по_ЖД,Санкт-Петербург,Санкт-Петербург,20,0,21
2007-04-09,KNYU8798891,KNYU8798891_cycle_7,Отправлен_грузополучателю,Москва,Москва,20,3,17
2007-04-09,KNYU9683883,KNYU9683883_cycle_10,Прибыл_груженый,Москва,Владивосток,20,13,22
2007-04-09,STNU5088417,STNU5088417_cycle_7,Прибыл_свободным,Владивосток,Владивосток,40,4,0
2007-04-09,TOWU2984334,TOWU2984334_cycle_10,Прибыл_груженый,Санкт-Петербург,Москва,40,12,39
2007-04-10,BUTU2391445,BUTU2391445_cycle_8,Прибыл_груженый,Владивосток,Москва,20,5,35
2007-04-10,BUTU4321000,BUTU4321000_cycle_10,Передан_на_погрузку,Москва,Санкт-Петербург,40,0,37
2007-04-10,CRTU1937935,CRTU1937935_cycle_7,Передан_на_погрузку,Владивосток,Москва,40,0,22
2007-04-10,CRTU2093770,CRTU2093770_cycle_8,Прибыл_груженый,Владивосток,Санкт-Петербург,40,12,11
2007-04-10,ERKU4123975,ERKU4123975_cycle_9,Прибыл_груженый,Москва,Владивосток,40,15,35
2007-04-10,ERKU8281105,ERKU8281105_cycle_7,Прибыл_груженый,Владивосток,Санкт-Петербург,40,6,35
2007-04-10,ERKU8324044,ERKU8324044_cycle_8,Прибыл_груженый,Владивосток,Санкт-Петербург,40,6,57
2007-04-10,KNYU3021654,KNYU3021654_cycle_10,Отправлен_по_ЖД,Санкт-Петербург,Москва,40,1,30
2007-04-10,KNYU9683883,KNYU9683883_cycle_10,Отправлен_по_ЖД,Москва,Владивосток,20,1,21
2007-04-10,STNU9767317,STNU9767317_cycle_8,Прибыл_по_ЖД,Владивосток,Владивосток,20,12,21
2007-04-10,STNU9845862,STNU9845862_cycle_7,Передан_на_погрузку,Москва,Санкт-Петербург,40,0,40
2007-04-10,TOWU2940273,TOWU2940273_cycle_8,Прибыл_свободным,Владивосток,Владивосток,40,17,0
2007-04-10,TOWU5892461,TOWU5892461_cycle_8,Передан_на_погрузку,Москва,Владивосток,40,0,51
2007-04-10,WEDU4651205,WEDU4651205_cycle_9,Передан_на_погрузку,Санкт-Петербург,Москва,20,0,20
2007-04-10,WEDU4651205,WEDU4651205_cycle_9,Прибыл_груженый,Санкт-Петербург,Москва,20,0,20
2007-04-11,ERKU8281105,ERKU8281105_cycle_7,Отправлен_по_ЖД,Владивосток,Санкт-Петербург,40,1,34
2007-04-11,STNU9767317,STNU9767317_cycle_8,Отправлен_грузополучателю,Владивосток,Владивосток,20,1,20
2007-04-11,TIMU5293271,TIMU5293271_cycle_9,Прибыл_груженый,Санкт-Петербург,Владивосток,20,16,24
2007-04-11,TIMU9543550,TIMU9543550_cycle_9,Прибыл_свободным,Санкт-Петербург,Санкт-Петербург,40,22,0
2007-04-11,TIMU9543550,TIMU9543550_cycle_10,Передан_на_погрузку,Санкт-Петербург,Москва,40,0,32
2007-04-11,TOWU2984334,TOWU2984334_cycle_10,Отправлен_по_ЖД,Санкт-Петербург,Москва,40,2,37
2007-04-11,TOWU2984334,TOWU2984334_cycle_10,Прибыл_по_ЖД,Москва,Москва,40,0,37
2007-04-11,TOWU8381849,TOWU8381849_cycle_7,Прибыл_груженый,Санкт-Петербург,Владивосток,20,12,17
2007-04-11,WEDU4651205,WEDU4651205_cycle_9,Отправлен_по_ЖД,Санкт-Петербург,Москва,20,1,19
2007-04-11,WEDU4651205,WEDU4651205_cycle_9,Прибыл_по_ЖД,Москва,Москва,20,0,19
2007-04-12,BUTU2391445,BUTU2391445_cycle_8,Отправлен_по_ЖД,Владивосток,Москва,20,2,33
2007-04-12,BUTU7079823,BUTU7079823_cycle_9,Передан_на_погрузку,Санкт-Петербург,Владивосток,20,0,31
2007-04-12,BUTU9513169,BUTU9513169_cycle_9,Прибыл_по_ЖД,Москва,Москва,40,12,18
2007-04-12,CRTU2093770,CRTU2093770_cycle_8,Отправлен_по_ЖД,Владивосток,Санкт-Петербург,40,2,9
2007-04-12,CRTU3557936,CRTU3557936_cycle_8,Прибыл_по_ЖД,Владивосток,Владивосток,20,18,21
2007-04-12,ERKU8324044,ERKU8324044_cycle_8,Отправлен_по_ЖД,Владивосток,Санкт-Петербург,40,2,55
2007-04-12,KNYU3537798,KNYU3537798_cycle_9,Отправлен_грузополучателю,Санкт-Петербург,Санкт-Петербург,20,3,18
2007-04-12,TIMU5293271,TIMU5293271_cycle_9,Отправлен_по_ЖД,Санкт-Петербург,Владивосток,20,1,23
2007-04-12,TOWU7931879,TOWU7931879_cycle_8,Прибыл_груженый,Москва,Санкт-Петербург,40,6,4
2007-04-12,TOWU8381849,TOWU8381849_cycle_7,Отправлен_по_ЖД,Санкт-Петербург,Владивосток,20,1,16
2007-04-12,WEDU2249581,WEDU2249581_cycle_8,Прибыл_по_ЖД,Владивосток,Владивосток,20,17,1
2007-04-12,WEDU5817433,WEDU5817433_cycle_8,Прибыл_по_ЖД,Санкт-Петербург,Санкт-Петербург,20,15,2
2007-04-12,WEDU6654977,WEDU6654977_cycle_7,Прибыл_по_ЖД,Владивосток,Владивосток,20,13,14
2007-04-13,BUTU9513169,BUTU9513169_cycle_9,Отправлен_грузополучателю,Москва,Москва,40,1,17
2007-04-13,CRTU5834937,CRTU5834937_cycle_7,Прибыл_груженый,Москва,Санкт-Петербург,20,4,30
2007-04-13,CRTU6264170,CRTU6264170_cycle_9,Прибыл_по_ЖД,Санкт-Петербург,Санкт-Петербург,40,4,6
2007-04-13,ERKU3509749,ERKU3509749_cycle_9,Передан_на_погрузку,Санкт-Петербург,Москва,20,0,36
2007-04-13,ERKU4123975,ERKU4123975_cycle_9,Отправлен_по_ЖД,Москва,Владивосток,40,3,32
2007-04-13,KNYU1824938,KNYU1824938_cycle_10,Прибыл_свободным,Санкт-Петербург,Санкт-Петербург,20,19,0
2007-04-13,KNYU1824938,KNYU1824938_cycle_11,Передан_на_погрузку,Санкт-Петербург,Владивосток,20,0,18
2007-04-13,KNYU6806102,KNYU6806102_cycle_8,Передан_на_погрузку,Санкт-Петербург,Москва,20,0,38
2007-04-13,TIMU7736033,TIMU7736033_cycle_7,Прибыл_свободным,Владивосток,Владивосток,20,26,0
2007-04-13,TOWU2984334,TOWU2984334_cycle_10,Отправлен_грузополучателю,Москва,Москва,40,2,35
2007-04-13,WEDU2249581,WEDU2249581_cycle_8,Отправлен_грузополучателю,Владивосток,Владивосток,20,1,0
2007-04-13,WEDU2249581,WEDU2249581_cycle_8,Прибыл_свободным,Владивосток,Владивосток,20,0,0
2007-04-13,WEDU2249581,WEDU2249581_cycle_9,Передан_на_погрузку,Владивосток,Санкт-Петербург,20,0,44
2007-04-13,WEDU4651205,WEDU4651205_cycle_9,Отправлен_грузополучателю,Москва,Москва,20,2,17
2007-04-14,CRTU3557001,CRTU3557001_cycle_7,Прибыл_свободным,Москва,Москва,20,17,0
2007-04-14,CRTU3557001,CRTU3557001_cycle_8,Передан_на_погрузку,Москва,Владивосток,20,0,30
2007-04-14,CRTU3557936,CRTU3557936_cycle_8,Отправлен_грузополучателю,Владивосток,Владивосток,20,2,19
2007-04-14,CRTU6264170,CRTU6264170_cycle_9,Отправлен_грузополучателю,Санкт-Петербург,Санкт-Петербург,40,1,5
2007-04-14,KNYU3021654,KNYU3021654_cycle_10,Прибыл_по_ЖД,Москва,Москва,40,4,26
2007-04-14,TIMU3137493,TIMU3137493_cycle_8,Прибыл_груженый,Москва,Владивосток,40,13,33
2007-04-14,TIMU6310893,TIMU6310893_cycle_10,Передан_на_погрузку,Владивосток,Москва,40,0,39
2007-04-14,TOWU2835826,TOWU2835826_cycle_6,Прибыл_груженый,Москва,Владивосток,40,22,22
2007-04-14,TOWU7931879,TOWU7931879_cycle_8,Отправлен_по_ЖД,Москва,Санкт-Петербург,40,2,2
2007-04-14,TOWU7931879,TOWU7931879_cycle_8,Прибыл_по_ЖД,Санкт-Петербург,Санкт-Петербург,40,0,2
2007-04-14,WEDU5817433,WEDU5817433_cycle_8,Отправлен_грузополучателю,Санкт-Петербург,Санкт-Петербург,20,2,0
2007-04-14,WEDU5817433,WEDU5817433_cycle_8,Прибыл_свободным,Санкт-Петербург,Санкт-Петербург,20,0,0
2007-04-14,WEDU6654977,WEDU6654977_cycle_7,Отправлен_грузополучателю,Владивосток,Владивосток,20,2,12
2007-04-14,WEDU9910122,WEDU9910122_cycle_8,Прибыл_свободным,Владивосток,Владивосток,40,8,0
2007-04-15,BUTU7079823,BUTU7079823_cycle_9,Прибыл_груженый,Санкт-Петербург,Владивосток,20,3,28
2007-04-15,CRTU1715325,CRTU1715325_cycle_8,Прибыл_свободным,Владивосток,Владивосток,40,20,0
2007-04-15,CRTU8128829,CRTU8128829_cycle_10,Прибыл_свободным,Владивосток,Владивосток,20,22,0
2007-04-15,CRTU8128829,CRTU8128829_cycle_11,Передан_на_погрузку,Владивосток,Санкт-Петербург,20,0,48
2007-04-15,KNYU1824938,KNYU1824938_cycle_11,Прибыл_груженый,Санкт-Петербург,Владивосток,20,2,16
2007-04-15,KNYU3021654,KNYU3021654_cycle_10,Отправлен_грузополучателю,Москва,Москва,40,1,25
2007-04-15,STNU1402586,STNU1402586_cycle_8,Прибыл_свободным,Владивосток,Владивосток,20,14,0
2007-04-15,STNU1402586,STNU1402586_cycle_9,Передан_на_погрузку,Владивосток,Москва,20,0,46
2007-04-15,STNU2517447,STNU2517447_cycle_9,Прибыл_груженый,Москва,Владивосток,40,10,30
2007-04-15,STNU3092282,STNU3092282_cycle_9,Прибыл_по_ЖД,Санкт-Петербург,Санкт-Петербург,40,16,20
2007-04-15,STNU6396019,STNU6396019_cycle_8,Прибыл_по_ЖД,Москва,Москва,40,8,20
2007-04-15,STNU6396019,STNU6396019_cycle_8,Отправлен_грузополучателю,Москва,Москва,40,0,20
2007-04-15,TIMU3137493,TIMU3137493_cycle_8,Отправлен_по_ЖД,Москва,Владивосток,40,1,32
2007-04-16,CRTU5834937,CRTU5834937_cycle_7,Отправлен_по_ЖД,Москва,Санкт-Петербург,20,3,27
2007-04-16,KNYU9683883,KNYU9683883_cycle_10,Прибыл_по_ЖД,Владивосток,Владивосток,20,6,15
2007-04-16,KNYU9683883,KNYU9683883_cycle_10,Отправлен_грузополучателю,Владивосток,Владивосток,20,0,15
2007-04-16,STNU9487869,STNU9487869_cycle_10,Передан_на_погрузку,Санкт-Петербург,Владивосток,40,0,24
2007-04-16,TIMU6180706,TIMU6180706_cycle_9,Прибыл_груженый,Москва,Санкт-Петербург,40,11,8
2007-04-16,TOWU2835826,TOWU2835826_cycle_6,Отправлен_по_ЖД,Москва,Владивосток,40,2,20
2007-04-16,TOWU7931879,TOWU7931879_cycle_8,Отправлен_грузополучателю,Санкт-Петербург,Санкт-Петербург,40,2,0
2007-04-16,TOWU7931879,TOWU7931879_cycle_8,Прибыл_свободным,Санкт-Петербург,Санкт-Петербург,40,0,0
2007-04-17,BUTU8729025,BUTU8729025_cycle_8,Передан_на_погрузку,Москва,Санкт-Петербург,40,0,19
2007-04-17,KNYU1033833,KNYU1033833_cycle_8,Передан_на_погрузку,Москва,Санкт-Петербург,40,0,35
2007-04-17,KNYU6970613,KNYU6970613_cycle_9,Прибыл_по_ЖД,Владивосток,Владивосток,20,10,0
2007-04-17,KNYU6970613,KNYU6970613_cycle_9,Отправлен_грузополучателю,Владивосток,Владивосток,20,0,0
2007-04-17,KNYU6970613,KNYU6970613_cycle_9,Прибыл_свободным,Владивосток,Владивосток,20,0,0
2007-04-17,STNU2517447,STNU2517447_cycle_9,Отправлен_по_ЖД,Москва,Владивосток,40,2,28
2007-04-17,TOWU8161314,TOWU8161314_cycle_8,Прибыл_груженый,Санкт-Петербург,Владивосток,20,16,19
2007-04-17,TOWU9892746,TOWU9892746_cycle_9,Передан_на_погрузку,Владивосток,Москва,40,0,46
2007-04-18,BUTU1300953,BUTU1300953_cycle_8,Передан_на_погрузку,Санкт-Петербург,Владивосток,40,0,49
2007-04-18,BUTU7079823,BUTU7079823_cycle_9,Отправлен_по_ЖД,Санкт-Петербург,Владивосток,20,3,25
2007-04-18,KNYU1824938,KNYU1824938_cycle_11,Отправлен_по_ЖД,Санкт-Петербург,Владивосток,20,3,13
2007-04-18,STNU3092282,STNU3092282_cycle_9,Отправлен_грузополучателю,Санкт-Петербург,Санкт-Петербург,40,3,17
2007-04-18,STNU4919514,STNU4919514_cycle_8,Прибыл_груженый,Владивосток,Москва,40,14,26
2007-04-18,STNU4919514,STNU4919514_cycle_8,Отправлен_по_ЖД,Владивосток,Москва,40,0,26
2007-04-18,TIMU9543550,TIMU9543550_cycle_10,Прибыл_груженый,Санкт-Петербург,Москва,40,7,25
2007-04-18,TIMU9543550,TIMU9543550_cycle_10,Отправлен_по_ЖД,Санкт-Петербург,Москва,40,0,25
2007-04-18,TIMU9543550,TIMU9543550_cycle_10,Прибыл_по_ЖД,Москва,Москва,40,0,25
2007-04-18,TOWU8161314,TOWU8161314_cycle_8,Отправлен_по_ЖД,Санкт-Петербург,Владивосток,20,1,18
2007-04-18,WEDU6874585,WEDU6874585_cycle_8,Передан_на_погрузку,Санкт-Петербург,Москва,20,0,47
2007-04-19,BUTU8729025,BUTU8729025_cycle_8,Прибыл_груженый,Москва,Санкт-Петербург,40,2,17
2007-04-19,CRTU3557001,CRTU3557001_cycle_8,Прибыл_груженый,Москва,Владивосток,20,5,25
2007-04-19,CRTU3557001,CRTU3557001_cycle_8,Отправлен_по_ЖД,Москва,Владивосток,20,0,25
2007-04-19,CRTU6264170,CRTU6264170_cycle_9,Прибыл_свободным,Санкт-Петербург,Санкт-Петербург,40,5,0
2007-04-19,KNYU4619290,KNYU4619290_cycle_10,Передан_на_погрузку,Владивосток,Москва,40,0,51
2007-04-19,TIMU7964806,TIMU7964806_cycle_7,Передан_на_погрузку,Москва,Санкт-Петербург,40,0,33
2007-04-19,TIMU8061928,TIMU8061928_cycle_7,Прибыл_по_ЖД,Владивосток,Владивосток,20,11,6
2007-04-20,BUTU4321000,BUTU4321000_cycle_10,Прибыл_груженый,Москва,Санкт-Петербург,40,10,27
2007-04-20,BUTU8729025,BUTU8729025_cycle_8,Отправлен_по_ЖД,Москва,Санкт-Петербург,40,1,16
2007-04-20,BUTU8729025,BUTU8729025_cycle_8,Прибыл_по_ЖД,Санкт-Петербург,Санкт-Петербург,40,0,16
2007-04-20,CRTU1937935,CRTU1937935_cycle_7,Прибыл_груженый,Владивосток,Москва,40,10,12
2007-04-20,CRTU2183954,CRTU2183954_cycle_8,Прибыл_свободным,Владивосток,Владивосток,40,21,0
2007-04-20,TIMU6180706,TIMU6180706_cycle_9,Отправлен_по_ЖД,Москва,Санкт-Петербург,40,4,4
2007-04-21,BUTU7130462,BUTU7130462_cycle_8,Передан_на_погрузку,Владивосток,Санкт-Петербург,20,0,27
2007-04-21,CRTU2093770,CRTU2093770_cycle_8,Прибыл_по_ЖД,Санкт-Петербург,Санкт-Петербург,40,9,0
2007-04-21,CRTU2093770,CRTU2093770_cycle_8,Отправлен_грузополучателю,Санкт-Петербург,Санкт-Петербург,40,0,0
2007-04-21,CRTU2093770,CRTU2093770_cycle_8,Прибыл_свободным,Санкт-Петербург,Санкт-Петербург,40,0,0
2007-04-21,CRTU2093770,CRTU2093770_cycle_9,Передан_на_погрузку,Санкт-Петербург,Москва,40,0,26
2007-04-21,ERKU7945290,ERKU7945290_cycle_10,Прибыл_груженый,Москва,Владивосток,20,13,48
2007-04-21,ERKU7945290,ERKU7945290_cycle_10,Отправлен_по_ЖД,Москва,Владивосток,20,0,48
2007-04-21,KNYU3335859,KNYU3335859_cycle_8,Передан_на_погрузку,Владивосток,Москва,20,0,32
2007-04-21,TIMU3656871,TIMU3656871_cycle_8,Прибыл_груженый,Санкт-Петербург,Владивосток,20,19,29
2007-04-21,TIMU6180706,TIMU6180706_cycle_9,Прибыл_по_ЖД,Санкт-Петербург,Санкт-Петербург,40,1,3
2007-04-21,TIMU8061928,TIMU8061928_cycle_7,Отправлен_грузополучателю,Владивосток,Владивосток,20,2,4
2007-04-21,TIMU9543550,TIMU9543550_cycle_10,Отправлен_грузополучателю,Москва,Москва,40,3,22
2007-04-21,WEDU7000544,WEDU7000544_cycle_7,Прибыл_по_ЖД,Санкт-Петербург,Санкт-Петербург,20,14,15
2007-04-22,CRTU1937935,CRTU1937935_cycle_7,Отправлен_по_ЖД,Владивосток,Москва,40,2,10
2007-04-22,CRTU5834937,CRTU5834937_cycle_7,Прибыл_по_ЖД,Санкт-Петербург,Санкт-Петербург,20,6,21
2007-04-22,CRTU5834937,CRTU5834937_cycle_7,Отправлен_грузополучателю,Санкт-Петербург,Санкт-Петербург,20,0,21
2007-04-22,KNYU1773354,KNYU1773354_cycle_7,Прибыл_свободным,Санкт-Петербург,Санкт-Петербург,20,17,0
2007-04-22,KNYU5372067,KNYU5372067_cycle_8,Прибыл_по_ЖД,Санкт-Петербург,Санкт-Петербург,40,19,10
2007-04-22,KNYU5372067,KNYU5372067_cycle_8,Отправлен_грузополучателю,Санкт-Петербург,Санкт-Петербург,40,0,10
2007-04-22,KNYU8173059,KNYU8173059_cycle_9,Прибыл_свободным,Москва,Москва,20,33,0
2007-04-22,STNU4510100,STNU4510100_cycle_8,Прибыл_по_ЖД,Москва,Москва,20,15,15
2007-04-22,TIMU6310893,TIMU6310893_cycle_10,Прибыл_груженый,Владивосток,Москва,40,8,31
2007-04-22,TIMU8250428,TIMU8250428_cycle_9,Прибыл_по_ЖД,Санкт-Петербург,Санкт-Петербург,20,17,24
2007-04-22,TOWU6899546,TOWU6899546_cycle_8,Прибыл_свободным,Москва,Москва,20,28,0
2007-04-22,WEDU6876299,WEDU6876299_cycle_9,Передан_на_погрузку,Владивосток,Санкт-Петербург,20,0,47
2007-04-22,WEDU7707795,WEDU7707795_cycle_8,Прибыл_по_ЖД,Санкт-Петербург,Санкт-Петербург,40,19,24
2007-04-22,WEDU7707795,WEDU7707795_cycle_8,Отправлен_грузополучателю,Санкт-Петербург,Санкт-Петербург,40,0,24
2007-04-23,BUTU4321000,BUTU4321000_cycle_10,Отправлен_по_ЖД,Москва,Санкт-Петербург,40,3,24
2007-04-23,BUTU4321000,BUTU4321000_cycle_10,Прибыл_по_ЖД,Санкт-Петербург,Санкт-Петербург,40,0,24
2007-04-23,BUTU4321000,BUTU4321000_cycle_10,Отправлен_грузополучателю,Санкт-Петербург,Санкт-Петербург,40,0,24
2007-04-23,STNU9487869,STNU9487869_cycle_10,Прибыл_груженый,Санкт-Петербург,Владивосток,40,7,17
2007-04-23,TIMU3631350,TIMU3631350_cycle_7,Передан_на_погрузку,Москва,Владивосток,20,0,46
2007-04-23,TIMU5293271,TIMU5293271_cycle_9,Прибыл_по_ЖД,Владивосток,Владивосток,20,11,12
2007-04-23,TOWU5842316,TOWU5842316_cycle_10,Прибыл_по_ЖД,Владивосток,Владивосток,40,17,10
2007-04-23,TOWU9896330,TOWU9896330_cycle_8,Прибыл_груженый,Санкт-Петербург,Москва,40,18,2
2007-04-23,TOWU9896330,TOWU9896330_cycle_8,Отправлен_по_ЖД,Санкт-Петербург,Москва,40,0,2
2007-04-23,WEDU7000544,WEDU7000544_cycle_7,Отправлен_грузополучателю,Санкт-Петербург,Санкт-Петербург,20,2,13
2007-04-24,BUTU8729025,BUTU8729025_cycle_8,Отправлен_грузополучателю,Санкт-Петербург,Санкт-Петербург,40,4,12
2007-04-24,CRTU8128829,CRTU8128829_cycle_11,Прибыл_груженый,Владивосток,Санкт-Петербург,20,9,39
2007-04-24,KNYU9630138,KNYU9630138_cycle_8,Передан_на_погрузку,Москва,Владивосток,20,0,38
2007-04-24,STNU9487869,STNU9487869_cycle_10,Отправлен_по_ЖД,Санкт-Петербург,Владивосток,40,1,16
2007-04-24,TIMU3656871,TIMU3656871_cycle_8,Отправлен_по_ЖД,Санкт-Петербург,Владивосток,20,3,26
2007-04-24,TIMU5293271,TIMU5293271_cycle_9,Отправлен_грузополучателю,Владивосток,Владивосток,20,1,11
2007-04-24,TIMU6180706,TIMU6180706_cycle_9,Отправлен_грузополучателю,Санкт-Петербург,Санкт-Петербург,40,3,0
2007-04-24,TIMU6180706,TIMU6180706_cycle_9,Прибыл_свободным,Санкт-Петербург,Санкт-Петербург,40,0,0
2007-04-24,TIMU6310893,TIMU6310893_cycle_10,Отправлен_по_ЖД,Владивосток,Москва,40,2,29
2007-04-24,TIMU8010374,TIMU8010374_cycle_8,Передан_на_погрузку,Москва,Владивосток,20,0,50
2007-04-24,TOWU2940273,TOWU2940273_cycle_9,Передан_на_погрузку,Владивосток,Санкт-Петербург,40,0,35
2007-04-24,WEDU6876299,WEDU6876299_cycle_9,Прибыл_груженый,Владивосток,Санкт-Петербург,20,2,45
2007-04-25,KNYU1437543,KNYU1437543_cycle_9,Прибыл_свободным,Москва,Москва,20,46,0
2007-04-25,KNYU6806102,KNYU6806102_cycle_8,Прибыл_груженый,Санкт-Петербург,Москва,20,12,26
2007-04-25,STNU2794431,STNU2794431_cycle_8,Передан_на_погрузку,Санкт-Петербург,Владивосток,20,0,35
2007-04-25,STNU4510100,STNU4510100_cycle_8,Отправлен_грузополучателю,Москва,Москва,20,3,12
2007-04-25,STNU5088417,STNU5088417_cycle_8,Передан_на_погрузку,Владивосток,Москва,40,0,43
2007-04-25,TIMU8061928,TIMU8061928_cycle_7,Прибыл_свободным,Владивосток,Владивосток,20,4,0
2007-04-25,TIMU8250428,TIMU8250428_cycle_9,Отправлен_грузополучателю,Санкт-Петербург,Санкт-Петербург,20,3,21
2007-04-25,TIMU8887794,TIMU8887794_cycle_8,Передан_на_погрузку,Санкт-Петербург,Владивосток,20,0,39
2007-04-25,TIMU8887794,TIMU8887794_cycle_8,Прибыл_груженый,Санкт-Петербург,Владивосток,20,0,39
2007-04-25,TOWU5842316,TOWU5842316_cycle_10,Отправлен_грузополучателю,Владивосток,Владивосток,40,2,8
2007-04-25,TOWU9896330,TOWU9896330_cycle_8,Прибыл_по_ЖД,Москва,Москва,40,2,0
2007-04-25,TOWU9896330,TOWU9896330_cycle_8,Отправлен_грузополучателю,Москва,Москва,40,0,0
2007-04-25,TOWU9896330,TOWU9896330_cycle_8,Прибыл_свободным,Москва,Москва,40,0,0
2007-04-25,WEDU6876299,WEDU6876299_cycle_9,Отправлен_по_ЖД,Владивосток,Санкт-Петербург,20,1,44
2007-04-26,BUTU2391445,BUTU2391445_cycle_8,Прибыл_по_ЖД,Москва,Москва,20,14,19
2007-04-26,CRTU8128829,CRTU8128829_cycle_11,Отправлен_по_ЖД,Владивосток,Санкт-Петербург,20,2,37
2007-04-26,ERKU3509749,ERKU3509749_cycle_9,Прибыл_груженый,Санкт-Петербург,Москва,20,13,23
2007-04-26,KNYU6806102,KNYU6806102_cycle_8,Отправлен_по_ЖД,Санкт-Петербург,Москва,20,1,25
2007-04-26,KNYU6806102,KNYU6806102_cycle_8,Прибыл_по_ЖД,Москва,Москва,20,0,25
2007-04-26,KNYU8798891,KNYU8798891_cycle_7,Прибыл_свободным,Москва,Москва,20,17,0
2007-04-26,STNU4919514,STNU4919514_cycle_8,Прибыл_по_ЖД,Москва,Москва,40,8,18
2007-04-26,TOWU9892746,TOWU9892746_cycle_9,Прибыл_груженый,Владивосток,Москва,40,9,37
2007-04-26,TOWU9892746,TOWU9892746_cycle_9,Отправлен_по_ЖД,Владивосток,Москва,40,0,37
2007-04-26,WEDU6654977,WEDU6654977_cycle_7,Прибыл_свободным,Владивосток,Владивосток,20,12,0
2007-04-26,WEDU8568487,WEDU8568487_cycle_11,Прибыл_свободным,Владивосток,Владивосток,40,31,0
2007-04-27,CRTU6264170,CRTU6264170_cycle_10,Передан_на_погрузку,Санкт-Петербург,Москва,40,0,42
2007-04-27,STNU2794431,STNU2794431_cycle_8,Прибыл_груженый,Санкт-Петербург,Владивосток,20,2,33
2007-04-27,STNU9845862,STNU9845862_cycle_7,Прибыл_груженый,Москва,Санкт-Петербург,40,17,23
2007-04-27,TOWU2835826,TOWU2835826_cycle_6,Прибыл_по_ЖД,Владивосток,Владивосток,40,11,9
2007-04-27,TOWU5892461,TOWU5892461_cycle_8,Прибыл_груженый,Москва,Владивосток,40,17,34
2007-04-27,TOWU8381849,TOWU8381849_cycle_7,Прибыл_по_ЖД,Владивосток,Владивосток,20,15,1
2007-04-28,BUTU2391445,BUTU2391445_cycle_8,Отправлен_грузополучателю,Москва,Москва,20,2,17
2007-04-28,ERKU4123975,ERKU4123975_cycle_9,Прибыл_по_ЖД,Владивосток,Владивосток,40,15,17
2007-04-28,STNU9845862,STNU9845862_cycle_7,Отправлен_по_ЖД,Москва,Санкт-Петербург,40,1,22
2007-04-28,STNU9845862,STNU9845862_cycle_7,Прибыл_по_ЖД,Санкт-Петербург,Санкт-Петербург,40,0,22
2007-04-28,TIMU8887794,TIMU8887794_cycle_8,Отправлен_по_ЖД,Санкт-Петербург,Владивосток,20,3,36
2007-04-28,TOWU2940273,TOWU2940273_cycle_9,Прибыл_груженый,Владивосток,Санкт-Петербург,40,4,31
2007-04-28,TOWU5892461,TOWU5892461_cycle_8,Отправлен_по_ЖД,Москва,Владивосток,40,1,33
2007-04-28,TOWU8381849,TOWU8381849_cycle_7,Отправлен_грузополучателю,Владивосток,Владивосток,20,1,0
2007-04-28,TOWU8381849,TOWU8381849_cycle_7,Прибыл_свободным,Владивосток,Владивосток,20,0,0
2007-04-29,BUTU7130462,BUTU7130462_cycle_8,Прибыл_груженый,Владивосток,Санкт-Петербург,20,8,19
2007-04-29,CRTU1521773,CRTU1521773_cycle_7,Передан_на_погрузку,Владивосток,Санкт-Петербург,20,0,44
2007-04-29,CRTU8114609,CRTU8114609_cycle_9,Прибыл_свободным,Санкт-Петербург,Санкт-Петербург,20,25,0
2007-04-29,ERKU4123975,ERKU4123975_cycle_9,Отправлен_грузополучателю,Владивосток,Владивосток,40,1,16
2007-04-29,ERKU8324044,ERKU8324044_cycle_8,Прибыл_по_ЖД,Санкт-Петербург,Санкт-Петербург,40,17,38
2007-04-29,KNYU6806102,KNYU6806102_cycle_8,Отправлен_грузополучателю,Москва,Москва,20,3,22
2007-04-29,STNU4919514,STNU4919514_cycle_8,Отправлен_грузополучателю,Москва,Москва,40,3,15
2007-04-29,STNU9845862,STNU9845862_cycle_7,Отправлен_грузополучателю,Санкт-Петербург,Санкт-Петербург,40,1,21
2007-04-29,TOWU2835826,TOWU2835826_cycle_6,Отправлен_грузополучателю,Владивосток,Владивосток,40,2,7
2007-04-30,BUTU1300953,BUTU1300953_cycle_8,Прибыл_груженый,Санкт-Петербург,Владивосток,40,12,37
2007-04-30,BUTU9513169,BUTU9513169_cycle_9,Прибыл_свободным,Москва,Москва,40,17,0
2007-04-30,ERKU3123425,ERKU3123425_cycle_9,Передан_на_погрузку,Москва,Владивосток,20,0,38
2007-04-30,ERKU3509749,ERKU3509749_cycle_9,Отправлен_по_ЖД,Санкт-Петербург,Москва,20,4,19
2007-04-30,ERKU8324044,ERKU8324044_cycle_8,Отправлен_грузополучателю,Санкт-Петербург,Санкт-Петербург,40,1,37
2007-04-30,KNYU3537798,KNYU3537798_cycle_9,Прибыл_свободным,Санкт-Петербург,Санкт-Петербург,20,18,0
2007-04-30,KNYU3537798,KNYU3537798_cycle_10,Передан_на_погрузку,Санкт-Петербург,Москва,20,0,17
2007-04-30,KNYU5786200,KNYU5786200_cycle_8,Передан_на_погрузку,Владивосток,Москва,20,0,38
2007-04-30,KNYU6970613,KNYU6970613_cycle_10,Передан_на_погрузку,Владивосток,Санкт-Петербург,20,0,39
2007-04-30,STNU1402586,STNU1402586_cycle_9,Прибыл_груженый,Владивосток,Москва,20,15,31
2007-04-30,STNU1402586,STNU1402586_cycle_9,Отправлен_по_ЖД,Владивосток,Москва,20,0,31
2007-04-30,STNU2794431,STNU2794431_cycle_8,Отправлен_по_ЖД,Санкт-Петербург,Владивосток,20,3,30
2007-04-30,TOWU8351331,TOWU8351331_cycle_6,Прибыл_свободным,Москва,Москва,20,25,0
2007-04-30,WEDU4651205,WEDU4651205_cycle_9,Прибыл_свободным,Москва,Москва,20,17,0
2007-05-01,CRTU1937935,CRTU1937935_cycle_7,Прибыл_по_ЖД,Москва,Москва,40,9,1
2007-05-01,ERKU8281105,ERKU8281105_cycle_7,Прибыл_по_ЖД,Санкт-Петербург,Санкт-Петербург,40,20,14
2007-05-01,KNYU1824938,KNYU1824938_cycle_11,Прибыл_по_ЖД,Владивосток,Владивосток,20,13,0
2007-05-01,KNYU1824938,KNYU1824938_cycle_11,Отправлен_грузополучателю,Владивосток,Владивосток,20,0,0
2007-05-01,KNYU1824938,KNYU1824938_cycle_11,Прибыл_свободным,Владивосток,Владивосток,20,0,0
2007-05-01,KNYU4619290,KNYU4619290_cycle_10,Прибыл_груженый,Владивосток,Москва,40,12,39
2007-05-01,KNYU9683883,KNYU9683883_cycle_10,Прибыл_свободным,Владивосток,Владивосток,20,15,0
2007-05-01,STNU9767317,STNU9767317_cycle_8,Прибыл_свободным,Владивосток,Владивосток,20,20,0
2007-05-01,TIMU7964806,TIMU7964806_cycle_7,Прибыл_груженый,Москва,Санкт-Петербург,40,12,21
2007-05-01,TOWU2940273,TOWU2940273_cycle_9,Отправлен_по_ЖД,Владивосток,Санкт-Петербург,40,3,28
2007-05-01,WEDU2249581,WEDU2249581_cycle_9,Прибыл_груженый,Владивосток,Санкт-Петербург,20,18,26
2007-05-01,WEDU2249581,WEDU2249581_cycle_9,Отправлен_по_ЖД,Владивосток,Санкт-Петербург,20,0,26
2007-05-01,WEDU5817433,WEDU5817433_cycle_9,Передан_на_погрузку,Санкт-Петербург,Владивосток,20,0,49
2007-05-02,BUTU7130462,BUTU7130462_cycle_8,Отправлен_по_ЖД,Владивосток,Санкт-Петербург,20,3,16
2007-05-02,CRTU1937935,CRTU1937935_cycle_7,Отправлен_грузополучателю,Москва,Москва,40,1,0
2007-05-02,CRTU1937935,CRTU1937935_cycle_7,Прибыл_свободным,Москва,Москва,40,0,0
2007-05-02,ERKU5797068,ERKU5797068_cycle_8,Прибыл_свободным,Санкт-Петербург,Санкт-Петербург,40,26,0
2007-05-02,ERKU8281105,ERKU8281105_cycle_7,Отправлен_грузополучателю,Санкт-Петербург,Санкт-Петербург,40,1,13
2007-05-02,KNYU1033833,KNYU1033833_cycle_8,Прибыл_груженый,Москва,Санкт-Петербург,40,15,20
2007-05-02,KNYU5372067,KNYU5372067_cycle_8,Прибыл_свободным,Санкт-Петербург,Санкт-Петербург,40,10,0
2007-05-02,KNYU7944727,KNYU7944727_cycle_10,Передан_на_погрузку,Владивосток,Москва,20,0,37
2007-05-02,TIMU3631350,TIMU3631350_cycle_7,Прибыл_груженый,Москва,Владивосток,20,9,37
2007-05-02,WEDU2383938,WEDU2383938_cycle_8,Прибыл_свободным,Санкт-Петербург,Санкт-Петербург,20,33,0
2007-05-03,CRTU1715325,CRTU1715325_cycle_9,Передан_на_погрузку,Владивосток,Санкт-Петербург,40,0,51
2007-05-03,CRTU3557936,CRTU3557936_cycle_8,Прибыл_свободным,Владивосток,Владивосток,20,19,0
2007-05-03,ERKU7945290,ERKU7945290_cycle_10,Прибыл_по_ЖД,Владивосток,Владивосток,20,12,36
2007-05-03,ERKU7945290,ERKU7945290_cycle_10,Отправлен_грузополучателю,Владивосток,Владивосток,20,0,36
2007-05-03,KNYU8173059,KNYU8173059_cycle_10,Передан_на_погрузку,Москва,Санкт-Петербург,20,0,32
2007-05-03,TIMU3137493,TIMU3137493_cycle_8,Прибыл_по_ЖД,Владивосток,Владивосток,40,18,14
2007-05-03,TIMU3137493,TIMU3137493_cycle_8,Отправлен_грузополучателю,Владивосток,Владивосток,40,0,14
2007-05-03,TIMU7964806,TIMU7964806_cycle_7,Отправлен_по_ЖД,Москва,Санкт-Петербург,40,2,19
2007-05-03,TOWU5842316,TOWU5842316_cycle_10,Прибыл_свободным,Владивосток,Владивосток,40,8,0
2007-05-03,WEDU6654977,WEDU6654977_cycle_8,Передан_на_погрузку,Владивосток,Санкт-Петербург,20,0,35
2007-05-04,BUTU1300953,BUTU1300953_cycle_8,Отправлен_по_ЖД,Санкт-Петербург,Владивосток,40,4,33
2007-05-04,BUTU7001309,BUTU7001309_cycle_9,Передан_на_погрузку,Санкт-Петербург,Москва,20,0,25
2007-05-04,CRTU2183954,CRTU2183954_cycle_9,Передан_на_погрузку,Владивосток,Москва,40,0,35
2007-05-04,CRTU8128829,CRTU8128829_cycle_11,Прибыл_по_ЖД,Санкт-Петербург,Санкт-Петербург,20,8,29
2007-05-04,ERKU3509749,ERKU3509749_cycle_9,Прибыл_по_ЖД,Москва,Москва,20,4,15
2007-05-04,KNYU1033833,KNYU1033833_cycle_8,Отправлен_по_ЖД,Москва,Санкт-Петербург,40,2,18
2007-05-04,KNYU1033833,KNYU1033833_cycle_8,Прибыл_по_ЖД,Санкт-Петербург,Санкт-Петербург,40,0,18
2007-05-04,KNYU4619290,KNYU4619290_cycle_10,Отправлен_по_ЖД,Владивосток,Москва,40,3,36
2007-05-04,STNU2517447,STNU2517447_cycle_9,Прибыл_по_ЖД,Владивосток,Владивосток,40,17,11
2007-05-04,TIMU7964806,TIMU7964806_cycle_7,Прибыл_по_ЖД,Санкт-Петербург,Санкт-Петербург,40,1,18
2007-05-04,TOWU8161314,TOWU8161314_cycle_8,Прибыл_по_ЖД,Владивосток,Владивосток,20,16,2
2007-05-05,CRTU1167966,CRTU1167966_cycle_9,Передан_на_погрузку,Москва,Владивосток,40,0,60
2007-05-05,KNYU1033833,KNYU1033833_cycle_8,Отправлен_грузополучателю,Санкт-Петербург,Санкт-Петербург,40,1,17
2007-05-05,KNYU5372067,KNYU5372067_cycle_9,Передан_на_погрузку,Санкт-Петербург,Москва,40,0,32
2007-05-05,STNU2517447,STNU2517447_cycle_9,Отправлен_грузополучателю,Владивосток,Владивосток,40,1,10
2007-05-05,STNU3092282,STNU3092282_cycle_9,Прибыл_свободным,Санкт-Петербург,Санкт-Петербург,40,17,0
2007-05-05,STNU6396019,STNU6396019_cycle_8,Прибыл_свободным,Москва,Москва,40,20,0
2007-05-05,STNU9487869,STNU9487869_cycle_10,Прибыл_по_ЖД,Владивосток,Владивосток,40,11,5
2007-05-05,TIMU3631350,TIMU3631350_cycle_7,Отправлен_по_ЖД,Москва,Владивосток,20,3,34
2007-05-05,TIMU5165088,TIMU5165088_cycle_9,Передан_на_погрузку,Москва,Владивосток,40,0,64
2007-05-05,TIMU5293271,TIMU5293271_cycle_9,Прибыл_свободным,Владивосток,Владивосток,20,11,0
2007-05-05,TIMU6310893,TIMU6310893_cycle_10,Прибыл_по_ЖД,Москва,Москва,40,11,18
2007-05-05,TIMU6310893,TIMU6310893_cycle_10,Отправлен_грузополучателю,Москва,Москва,40,0,18
2007-05-05,TIMU7964806,TIMU7964806_cycle_7,Отправлен_грузополучателю,Санкт-Петербург,Санкт-Петербург,40,1,17
2007-05-06,BUTU7079823,BUTU7079823_cycle_9,Прибыл_по_ЖД,Владивосток,Владивосток,20,18,7
2007-05-06,BUTU8729025,BUTU8729025_cycle_8,Прибыл_свободным,Санкт-Петербург,Санкт-Петербург,40,12,0
2007-05-06,CRTU8128829,CRTU8128829_cycle_11,Отправлен_грузополучателю,Санкт-Петербург,Санкт-Петербург,20,2,27
2007-05-06,ERKU3112209,ERKU3112209_cycle_7,Передан_на_погрузку,Владивосток,Санкт-Петербург,20,0,42
2007-05-06,ERKU3509749,ERKU3509749_cycle_9,Отправлен_грузополучателю,Москва,Москва,20,2,13
2007-05-06,KNYU3335859,KNYU3335859_cycle_8,Прибыл_груженый,Владивосток,Москва,20,15,17
2007-05-06,KNYU9683883,KNYU9683883_cycle_11,Передан_на_погрузку,Владивосток,Санкт-Петербург,20,0,57
2007-05-06,STNU5088417,STNU5088417_cycle_8,Прибыл_груженый,Владивосток,Москва,40,11,32
2007-05-06,STNU5088417,STNU5088417_cycle_8,Отправлен_по_ЖД,Владивосток,Москва,40,0,32
2007-05-06,STNU9487869,STNU9487869_cycle_10,Отправлен_грузополучателю,Владивосток,Владивосток,40,1,4
2007-05-06,TOWU2835826,TOWU2835826_cycle_6,Прибыл_свободным,Владивосток,Владивосток,40,7,0
2007-05-06,TOWU8161314,TOWU8161314_cycle_8,Отправлен_грузополучателю,Владивосток,Владивосток,20,2,0
2007-05-06,TOWU8161314,TOWU8161314_cycle_8,Прибыл_свободным,Владивосток,Владивосток,20,0,0
2007-05-06,WEDU7000544,WEDU7000544_cycle_7,Прибыл_свободным,Санкт-Петербург,Санкт-Петербург,20,13,0
2007-05-07,BUTU7079823,BUTU7079823_cycle_9,Отправлен_грузополучателю,Владивосток,Владивосток,20,1,6
2007-05-07,KNYU1773354,KNYU1773354_cycle_8,Передан_на_погрузку,Санкт-Петербург,Владивосток,20,0,59
2007-05-07,KNYU3335859,KNYU3335859_cycle_8,Отправлен_по_ЖД,Владивосток,Москва,20,1,16
2007-05-07,KNYU7944727,KNYU7944727_cycle_10,Прибыл_груженый,Владивосток,Москва,20,5,32
2007-05-07,STNU4510100,STNU4510100_cycle_8,Прибыл_свободным,Москва,Москва,20,12,0
2007-05-07,STNU4510100,STNU4510100_cycle_9,Передан_на_погрузку,Москва,Санкт-Петербург,20,0,22
2007-05-07,TIMU3656871,TIMU3656871_cycle_8,Прибыл_по_ЖД,Владивосток,Владивосток,20,13,13
2007-05-07,TIMU5293271,TIMU5293271_cycle_10,Передан_на_погрузку,Владивосток,Москва,20,0,33
2007-05-07,TIMU8010374,TIMU8010374_cycle_8,Прибыл_груженый,Москва,Владивосток,20,13,37
2007-05-08,KNYU7944727,KNYU7944727_cycle_10,Отправлен_по_ЖД,Владивосток,Москва,20,1,31
2007-05-08,WEDU7000544,WEDU7000544_cycle_8,Передан_на_погрузку,Санкт-Петербург,Москва,20,0,19
2007-05-09,CRTU3557001,CRTU3557001_cycle_8,Прибыл_по_ЖД,Владивосток,Владивосток,20,20,5
2007-05-09,CRTU6264170,CRTU6264170_cycle_10,Прибыл_груженый,Санкт-Петербург,Москва,40,12,30
2007-05-09,ERKU5797068,ERKU5797068_cycle_9,Передан_на_погрузку,Санкт-Петербург,Москва,40,0,30
2007-05-09,KNYU6970613,KNYU6970613_cycle_10,Прибыл_груженый,Владивосток,Санкт-Петербург,20,9,30
2007-05-09,KNYU6970613,KNYU6970613_cycle_10,Отправлен_по_ЖД,Владивосток,Санкт-Петербург,20,0,30
2007-05-09,TIMU3656871,TIMU3656871_cycle_8,Отправлен_грузополучателю,Владивосток,Владивосток,20,2,11
2007-05-10,CRTU2183954,CRTU2183954_cycle_9,Прибыл_груженый,Владивосток,Москва,40,6,29
2007-05-10,CRTU3557001,CRTU3557001_cycle_8,Отправлен_грузополучателю,Владивосток,Владивосток,20,1,4
2007-05-10,CRTU6264170,CRTU6264170_cycle_10,Отправлен_по_ЖД,Санкт-Петербург,Москва,40,1,29
2007-05-10,KNYU3021654,KNYU3021654_cycle_10,Прибыл_свободным,Москва,Москва,40,25,0
2007-05-10,KNYU9630138,KNYU9630138_cycle_8,Прибыл_груженый,Москва,Владивосток,20,16,22
2007-05-10,STNU2356703,STNU2356703_cycle_8,Передан_на_погрузку,Москва,Санкт-Петербург,40,0,71
2007-05-10,STNU9487869,STNU9487869_cycle_10,Прибыл_свободным,Владивосток,Владивосток,40,4,0
2007-05-10,TIMU8010374,TIMU8010374_cycle_8,Отправлен_по_ЖД,Москва,Владивосток,20,3,34
2007-05-10,TOWU7808384,TOWU7808384_cycle_7,Передан_на_погрузку,Москва,Санкт-Петербург,40,0,23
2007-05-10,WEDU6654977,WEDU6654977_cycle_8,Прибыл_груженый,Владивосток,Санкт-Петербург,20,7,28
2007-05-11,CRTU2183954,CRTU2183954_cycle_9,Отправлен_по_ЖД,Владивосток,Москва,40,1,28
2007-05-11,CRTU8114609,CRTU8114609_cycle_10,Передан_на_погрузку,Санкт-Петербург,Москва,20,0,35
2007-05-11,KNYU9630138,KNYU9630138_cycle_8,Отправлен_по_ЖД,Москва,Владивосток,20,1,21
2007-05-11,TOWU7931879,TOWU7931879_cycle_9,Передан_на_погрузку,Санкт-Петербург,Москва,40,0,6
2007-05-11,TOWU7931879,TOWU7931879_cycle_9,Прибыл_груженый,Санкт-Петербург,Москва,40,0,6
2007-05-11,TOWU7931879,TOWU7931879_cycle_9,Отправлен_по_ЖД,Санкт-Петербург,Москва,40,0,6
2007-05-11,WEDU6654977,WEDU6654977_cycle_8,Отправлен_по_ЖД,Владивосток,Санкт-Петербург,20,1,27
2007-05-11,WEDU6874585,WEDU6874585_cycle_8,Прибыл_груженый,Санкт-Петербург,Москва,20,23,24
2007-05-11,WEDU7000544,WEDU7000544_cycle_8,Прибыл_груженый,Санкт-Петербург,Москва,20,3,16
2007-05-12,CRTU2093770,CRTU2093770_cycle_9,Прибыл_груженый,Санкт-Петербург,Москва,40,21,5
2007-05-12,CRTU2093770,CRTU2093770_cycle_9,Отправлен_по_ЖД,Санкт-Петербург,Москва,40,0,5
2007-05-12,CRTU2093770,CRTU2093770_cycle_9,Прибыл_по_ЖД,Москва,Москва,40,0,5
2007-05-12,CRTU2093770,CRTU2093770_cycle_9,Отправлен_грузополучателю,Москва,Москва,40,0,5
2007-05-12,ERKU5435191,ERKU5435191_cycle_7,Прибыл_свободным,Владивосток,Владивосток,20,34,0
2007-05-12,KNYU3537798,KNYU3537798_cycle_10,Прибыл_груженый,Санкт-Петербург,Москва,20,12,5
2007-05-12,STNU1402586,STNU1402586_cycle_9,Прибыл_по_ЖД,Москва,Москва,20,12,19
2007-05-12,STNU1402586,STNU1402586_cycle_9,Отправлен_грузополучателю,Москва,Москва,20,0,19
2007-05-12,TOWU5892461,TOWU5892461_cycle_8,Прибыл_по_ЖД,Владивосток,Владивосток,40,14,19
2007-05-12,TOWU8351331,TOWU8351331_cycle_7,Передан_на_погрузку,Москва,Санкт-Петербург,20,0,30
2007-05-13,BUTU7079823,BUTU7079823_cycle_9,Прибыл_свободным,Владивосток,Владивосток,20,6,0
2007-05-13,BUTU7079823,BUTU7079823_cycle_10,Передан_на_погрузку,Владивосток,Санкт-Петербург,20,0,34
2007-05-13,CRTU5834937,CRTU5834937_cycle_7,Прибыл_свободным,Санкт-Петербург,Санкт-Петербург,20,21,0
2007-05-13,CRTU5834937,CRTU5834937_cycle_8,Передан_на_погрузку,Санкт-Петербург,Москва,20,0,26
2007-05-13,ERKU3123425,ERKU3123425_cycle_9,Прибыл_груженый,Москва,Владивосток,20,13,25
2007-05-13,ERKU3123425,ERKU3123425_cycle_9,Отправлен_по_ЖД,Москва,Владивосток,20,0,25
2007-05-13,KNYU8173059,KNYU8173059_cycle_10,Прибыл_груженый,Москва,Санкт-Петербург,20,10,22
2007-05-13,STNU9767317,STNU9767317_cycle_9,Передан_на_погрузку,Владивосток,Москва,20,0,35
2007-05-13,TIMU9543550,TIMU9543550_cycle_10,Прибыл_свободным,Москва,Москва,40,22,0
2007-05-13,TOWU3611630,TOWU3611630_cycle_9,Передан_на_погрузку,Владивосток,Санкт-Петербург,40,0,60
2007-05-13,TOWU5892461,TOWU5892461_cycle_8,Отправлен_грузополучателю,Владивосток,Владивосток,40,1,18
2007-05-13,WEDU2249581,WEDU2249581_cycle_9,Прибыл_по_ЖД,Санкт-Петербург,Санкт-Петербург,20,12,14
2007-05-13,WEDU6874585,WEDU6874585_cycle_8,Отправлен_по_ЖД,Санкт-Петербург,Москва,20,2,22
2007-05-14,BUTU7130462,BUTU7130462_cycle_8,Прибыл_по_ЖД,Санкт-Петербург,Санкт-Петербург,20,12,4
2007-05-14,BUTU7130462,BUTU7130462_cycle_8,Отправлен_грузополучателю,Санкт-Петербург,Санкт-Петербург,20,0,4
2007-05-14,CRTU1521773,CRTU1521773_cycle_7,Прибыл_груженый,Владивосток,Санкт-Петербург,20,15,29
2007-05-14,CRTU3557001,CRTU3557001_cycle_8,Прибыл_свободным,Владивосток,Владивосток,20,4,0
2007-05-14,CRTU6264170,CRTU6264170_cycle_10,Прибыл_по_ЖД,Москва,Москва,40,4,25
2007-05-14,KNYU3537798,KNYU3537798_cycle_10,Отправлен_по_ЖД,Санкт-Петербург,Москва,20,2,3
2007-05-14,KNYU3537798,KNYU3537798_cycle_10,Прибыл_по_ЖД,Москва,Москва,20,0,3
2007-05-14,KNYU8173059,KNYU8173059_cycle_10,Отправлен_по_ЖД,Москва,Санкт-Петербург,20,1,21
2007-05-14,KNYU8173059,KNYU8173059_cycle_10,Прибыл_по_ЖД,Санкт-Петербург,Санкт-Петербург,20,0,21
2007-05-14,STNU4919514,STNU4919514_cycle_8,Прибыл_свободным,Москва,Москва,40,15,0
2007-05-14,STNU5088417,STNU5088417_cycle_8,Прибыл_по_ЖД,Москва,Москва,40,8,24
2007-05-14,STNU5088417,STNU5088417_cycle_8,Отправлен_грузополучателю,Москва,Москва,40,0,24
2007-05-14,TIMU8887794,TIMU8887794_cycle_8,Прибыл_по_ЖД,Владивосток,Владивосток,20,16,20
2007-05-14,TOWU7931879,TOWU7931879_cycle_9,Прибыл_по_ЖД,Москва,Москва,40,3,3
2007-05-14,WEDU7000544,WEDU7000544_cycle_8,Отправлен_по_ЖД,Санкт-Петербург,Москва,20,3,13
2007-05-14,WEDU7000544,WEDU7000544_cycle_8,Прибыл_по_ЖД,Москва,Москва,20,0,13
2007-05-15,BUTU2391445,BUTU2391445_cycle_8,Прибыл_свободным,Москва,Москва,20,17,0
2007-05-15,CRTU1521773,CRTU1521773_cycle_7,Отправлен_по_ЖД,Владивосток,Санкт-Петербург,20,1,28
2007-05-15,CRTU5834937,CRTU5834937_cycle_8,Прибыл_груженый,Санкт-Петербург,Москва,20,2,24
2007-05-15,CRTU6264170,CRTU6264170_cycle_10,Отправлен_грузополучателю,Москва,Москва,40,1,24
2007-05-15,ERKU4123975,ERKU4123975_cycle_9,Прибыл_свободным,Владивосток,Владивосток,40,16,0
2007-05-15,ERKU8281105,ERKU8281105_cycle_7,Прибыл_свободным,Санкт-Петербург,Санкт-Петербург,40,13,0
2007-05-15,ERKU8281105,ERKU8281105_cycle_8,Передан_на_погрузку,Санкт-Петербург,Владивосток,40,0,36
2007-05-15,STNU2517447,STNU2517447_cycle_9,Прибыл_свободным,Владивосток,Владивосток,40,10,0
2007-05-15,STNU2794431,STNU2794431_cycle_8,Прибыл_по_ЖД,Владивосток,Владивосток,20,15,15
2007-05-15,WEDU6874585,WEDU6874585_cycle_8,Прибыл_по_ЖД,Москва,Москва,20,2,20
2007-05-15,WEDU7000544,WEDU7000544_cycle_8,Отправлен_грузополучателю,Москва,Москва,20,1,12
2007-05-16,BUTU7079823,BUTU7079823_cycle_10,Прибыл_груженый,Владивосток,Санкт-Петербург,20,3,31
2007-05-16,KNYU3537798,KNYU3537798_cycle_10,Отправлен_грузополучателю,Москва,Москва,20,2,1
2007-05-16,KNYU5372067,KNYU5372067_cycle_9,Прибыл_груженый,Санкт-Петербург,Москва,40,11,21
2007-05-16,KNYU5786200,KNYU5786200_cycle_8,Прибыл_груженый,Владивосток,Москва,20,16,22
2007-05-16,STNU2794431,STNU2794431_cycle_8,Отправлен_грузополучателю,Владивосток,Владивосток,20,1,14
2007-05-16,TIMU8250428,TIMU8250428_cycle_9,Прибыл_свободным,Санкт-Петербург,Санкт-Петербург,20,21,0
2007-05-16,TOWU7931879,TOWU7931879_cycle_9,Отправлен_грузополучателю,Москва,Москва,40,2,1
2007-05-16,TOWU9892746,TOWU9892746_cycle_9,Прибыл_по_ЖД,Москва,Москва,40,20,17
2007-05-16,WEDU2249581,WEDU2249581_cycle_9,Отправлен_грузополучателю,Санкт-Петербург,Санкт-Петербург,20,3,11
2007-05-16,WEDU6876299,WEDU6876299_cycle_9,Прибыл_по_ЖД,Санкт-Петербург,Санкт-Петербург,20,21,23
2007-05-16,WEDU7707795,WEDU7707795_cycle_8,Прибыл_свободным,Санкт-Петербург,Санкт-Петербург,40,24,0
2007-05-17,BUTU4321000,BUTU4321000_cycle_10,Прибыл_свободным,Санкт-Петербург,Санкт-Петербург,40,24,0
2007-05-17,BUTU7079823,BUTU7079823_cycle_10,Отправлен_по_ЖД,Владивосток,Санкт-Петербург,20,1,30
2007-05-17,CRTU2093770,CRTU2093770_cycle_9,Прибыл_свободным,Москва,Москва,40,5,0
2007-05-17,KNYU3537798,KNYU3537798_cycle_10,Прибыл_свободным,Москва,Москва,20,1,0
2007-05-17,KNYU4619290,KNYU4619290_cycle_10,Прибыл_по_ЖД,Москва,Москва,40,13,23
2007-05-17,KNYU9683883,KNYU9683883_cycle_11,Прибыл_груженый,Владивосток,Санкт-Петербург,20,11,46
2007-05-17,KNYU9683883,KNYU9683883_cycle_11,Отправлен_по_ЖД,Владивосток,Санкт-Петербург,20,0,46
2007-05-17,TIMU3137493,TIMU3137493_cycle_8,Прибыл_свободным,Владивосток,Владивосток,40,14,0
2007-05-17,TOWU2835826,TOWU2835826_cycle_7,Передан_на_погрузку,Владивосток,Москва,40,0,49
2007-05-17,TOWU2940273,TOWU2940273_cycle_9,Прибыл_по_ЖД,Санкт-Петербург,Санкт-Петербург,40,16,12
2007-05-17,TOWU2940273,TOWU2940273_cycle_9,Отправлен_грузополучателю,Санкт-Петербург,Санкт-Петербург,40,0,12
2007-05-17,TOWU7931879,TOWU7931879_cycle_9,Прибыл_свободным,Москва,Москва,40,1,0
2007-05-17,WEDU6874585,WEDU6874585_cycle_8,Отправлен_грузополучателю,Москва,Москва,20,2,18
2007-05-17,WEDU6876299,WEDU6876299_cycle_9,Отправлен_грузополучателю,Санкт-Петербург,Санкт-Петербург,20,1,22
2007-05-18,BUTU7130462,BUTU7130462_cycle_8,Прибыл_свободным,Санкт-Петербург,Санкт-Петербург,20,4,0
2007-05-18,CRTU1715325,CRTU1715325_cycle_9,Прибыл_груженый,Владивосток,Санкт-Петербург,40,15,36
2007-05-18,CRTU5834937,CRTU5834937_cycle_8,Отправлен_по_ЖД,Санкт-Петербург,Москва,20,3,21
2007-05-18,KNYU5372067,KNYU5372067_cycle_9,Отправлен_по_ЖД,Санкт-Петербург,Москва,40,2,19
2007-05-18,KNYU5786200,KNYU5786200_cycle_8,Отправлен_по_ЖД,Владивосток,Москва,20,2,20
2007-05-18,KNYU8173059,KNYU8173059_cycle_10,Отправлен_грузополучателю,Санкт-Петербург,Санкт-Петербург,20,4,17
2007-05-18,TIMU8887794,TIMU8887794_cycle_8,Отправлен_грузополучателю,Владивосток,Владивосток,20,4,16
2007-05-18,TOWU2984334,TOWU2984334_cycle_10,Прибыл_свободным,Москва,Москва,40,35,0
2007-05-18,TOWU2984334,TOWU2984334_cycle_11,Передан_на_погрузку,Москва,Санкт-Петербург,40,0,24
2007-05-18,TOWU9892746,TOWU9892746_cycle_9,Отправлен_грузополучателю,Москва,Москва,40,2,15
2007-05-19,ERKU3112209,ERKU3112209_cycle_7,Прибыл_груженый,Владивосток,Санкт-Петербург,20,13,29
2007-05-19,ERKU3509749,ERKU3509749_cycle_9,Прибыл_свободным,Москва,Москва,20,13,0
2007-05-19,ERKU5797068,ERKU5797068_cycle_9,Прибыл_груженый,Санкт-Петербург,Москва,40,10,20
2007-05-19,ERKU5797068,ERKU5797068_cycle_9,Отправлен_по_ЖД,Санкт-Петербург,Москва,40,0,20
2007-05-19,ERKU5797068,ERKU5797068_cycle_9,Прибыл_по_ЖД,Москва,Москва,40,0,20
2007-05-19,ERKU5797068,ERKU5797068_cycle_9,Отправлен_грузополучателю,Москва,Москва,40,0,20
2007-05-19,KNYU4619290,KNYU4619290_cycle_10,Отправлен_грузополучателю,Москва,Москва,40,2,21
2007-05-19,KNYU9630138,KNYU9630138_cycle_8,Прибыл_по_ЖД,Владивосток,Владивосток,20,8,13
2007-05-19,STNU4510100,STNU4510100_cycle_9,Прибыл_груженый,Москва,Санкт-Петербург,20,12,10
2007-05-19,STNU6396019,STNU6396019_cycle_9,Передан_на_погрузку,Москва,Санкт-Петербург,40,0,18
2007-05-20,BUTU1300953,BUTU1300953_cycle_8,Прибыл_по_ЖД,Владивосток,Владивосток,40,16,17
2007-05-20,CRTU1715325,CRTU1715325_cycle_9,Отправлен_по_ЖД,Владивосток,Санкт-Петербург,40,2,34
2007-05-20,KNYU9630138,KNYU9630138_cycle_8,Отправлен_грузополучателю,Владивосток,Владивосток,20,1,12
2007-05-20,STNU4919514,STNU4919514_cycle_9,Передан_на_погрузку,Москва,Владивосток,40,0,30
2007-05-20,STNU9845862,STNU9845862_cycle_7,Прибыл_свободным,Санкт-Петербург,Санкт-Петербург,40,21,0
2007-05-20,STNU9845862,STNU9845862_cycle_8,Передан_на_погрузку,Санкт-Петербург,Москва,40,0,33
2007-05-20,TIMU3631350,TIMU3631350_cycle_7,Прибыл_по_ЖД,Владивосток,Владивосток,20,15,19
2007-05-20,TIMU3656871,TIMU3656871_cycle_8,Прибыл_свободным,Владивосток,Владивосток,20,11,0
2007-05-20,TIMU5293271,TIMU5293271_cycle_10,Прибыл_груженый,Владивосток,Москва,20,13,20
2007-05-20,TOWU7808384,TOWU7808384_cycle_7,Прибыл_груженый,Москва,Санкт-Петербург,40,10,13
2007-05-21,CRTU5834937,CRTU5834937_cycle_8,Прибыл_по_ЖД,Москва,Москва,20,3,18
2007-05-21,CRTU5834937,CRTU5834937_cycle_8,Отправлен_грузополучателю,Москва,Москва,20,0,18
2007-05-21,ERKU3112209,ERKU3112209_cycle_7,Отправлен_по_ЖД,Владивосток,Санкт-Петербург,20,2,27
2007-05-21,KNYU1773354,KNYU1773354_cycle_8,Прибыл_груженый,Санкт-Петербург,Владивосток,20,14,45
2007-05-21,KNYU3335859,KNYU3335859_cycle_8,Прибыл_по_ЖД,Москва,Москва,20,14,2
2007-05-21,KNYU6806102,KNYU6806102_cycle_8,Прибыл_свободным,Москва,Москва,20,22,0
2007-05-21,STNU4510100,STNU4510100_cycle_9,Отправлен_по_ЖД,Москва,Санкт-Петербург,20,2,8
2007-05-21,TIMU3631350,TIMU3631350_cycle_7,Отправлен_грузополучателю,Владивосток,Владивосток,20,1,18
2007-05-21,TIMU9543550,TIMU9543550_cycle_11,Передан_на_погрузку,Москва,Владивосток,40,0,13
2007-05-21,WEDU5817433,WEDU5817433_cycle_9,Прибыл_груженый,Санкт-Петербург,Владивосток,20,20,29
2007-05-22,BUTU1300953,BUTU1300953_cycle_8,Отправлен_грузополучателю,Владивосток,Владивосток,40,2,15
2007-05-22,BUTU8729025,BUTU8729025_cycle_9,Передан_на_погрузку,Санкт-Петербург,Москва,40,0,39
2007-05-22,CRTU1167966,CRTU1167966_cycle_9,Прибыл_груженый,Москва,Владивосток,40,17,43
2007-05-22,KNYU1033833,KNYU1033833_cycle_8,Прибыл_свободным,Санкт-Петербург,Санкт-Петербург,40,17,0
2007-05-22,KNYU6970613,KNYU6970613_cycle_10,Прибыл_по_ЖД,Санкт-Петербург,Санкт-Петербург,20,13,17
2007-05-22,KNYU7944727,KNYU7944727_cycle_10,Прибыл_по_ЖД,Москва,Москва,20,14,17
2007-05-22,TIMU5165088,TIMU5165088_cycle_9,Прибыл_груженый,Москва,Владивосток,40,17,47
2007-05-22,TIMU5293271,TIMU5293271_cycle_10,Отправлен_по_ЖД,Владивосток,Москва,20,2,18
2007-05-22,TIMU7964806,TIMU7964806_cycle_7,Прибыл_свободным,Санкт-Петербург,Санкт-Петербург,40,17,0
2007-05-22,TIMU9543550,TIMU9543550_cycle_11,Прибыл_груженый,Москва,Владивосток,40,1,12
2007-05-22,TOWU7808384,TOWU7808384_cycle_7,Отправлен_по_ЖД,Москва,Санкт-Петербург,40,2,11
2007-05-22,WEDU5817433,WEDU5817433_cycle_9,Отправлен_по_ЖД,Санкт-Петербург,Владивосток,20,1,28
2007-05-23,BUTU7001309,BUTU7001309_cycle_9,Прибыл_груженый,Санкт-Петербург,Москва,20,19,6
2007-05-23,CRTU8114609,CRTU8114609_cycle_10,Прибыл_груженый,Санкт-Петербург,Москва,20,12,23
2007-05-23,ERKU3123425,ERKU3123425_cycle_9,Прибыл_по_ЖД,Владивосток,Владивосток,20,10,15
2007-05-23,ERKU3123425,ERKU3123425_cycle_9,Отправлен_грузополучателю,Владивосток,Владивосток,20,0,15
2007-05-23,KNYU1773354,KNYU1773354_cycle_8,Отправлен_по_ЖД,Санкт-Петербург,Владивосток,20,2,43
2007-05-23,KNYU3335859,KNYU3335859_cycle_8,Отправлен_грузополучателю,Москва,Москва,20,2,0
2007-05-23,KNYU3335859,KNYU3335859_cycle_8,Прибыл_свободным,Москва,Москва,20,0,0
2007-05-23,KNYU6970613,KNYU6970613_cycle_10,Отправлен_грузополучателю,Санкт-Петербург,Санкт-Петербург,20,1,16
2007-05-23,TIMU6310893,TIMU6310893_cycle_10,Прибыл_свободным,Москва,Москва,40,18,0
2007-05-23,TIMU8061928,TIMU8061928_cycle_8,Передан_на_погрузку,Владивосток,Санкт-Петербург,20,0,56
2007-05-23,TIMU9543550,TIMU9543550_cycle_11,Отправлен_по_ЖД,Москва,Владивосток,40,1,11
2007-05-23,TOWU7808384,TOWU7808384_cycle_7,Прибыл_по_ЖД,Санкт-Петербург,Санкт-Петербург,40,1,10
2007-05-24,BUTU7001309,BUTU7001309_cycle_9,Отправлен_по_ЖД,Санкт-Петербург,Москва,20,1,5
2007-05-24,CRTU2183954,CRTU2183954_cycle_9,Прибыл_по_ЖД,Москва,Москва,40,13,15
2007-05-24,KNYU7944727,KNYU7944727_cycle_10,Отправлен_грузополучателю,Москва,Москва,20,2,15
2007-05-24,STNU4510100,STNU4510100_cycle_9,Прибыл_по_ЖД,Санкт-Петербург,Санкт-Петербург,20,3,5
2007-05-24,STNU4510100,STNU4510100_cycle_9,Отправлен_грузополучателю,Санкт-Петербург,Санкт-Петербург,20,0,5
2007-05-24,STNU9767317,STNU9767317_cycle_9,Прибыл_груженый,Владивосток,Москва,20,11,24
2007-05-24,STNU9767317,STNU9767317_cycle_9,Отправлен_по_ЖД,Владивосток,Москва,20,0,24
2007-05-24,TIMU5165088,TIMU5165088_cycle_9,Отправлен_по_ЖД,Москва,Владивосток,40,2,45
2007-05-24,TOWU3611630,TOWU3611630_cycle_9,Прибыл_груженый,Владивосток,Санкт-Петербург,40,11,49
2007-05-25,BUTU9513169,BUTU9513169_cycle_10,Передан_на_погрузку,Москва,Санкт-Петербург,40,0,23
2007-05-25,CRTU1167966,CRTU1167966_cycle_9,Отправлен_по_ЖД,Москва,Владивосток,40,3,40
2007-05-25,KNYU1437543,KNYU1437543_cycle_10,Передан_на_погрузку,Москва,Владивосток,20,0,39
2007-05-25,KNYU5372067,KNYU5372067_cycle_9,Прибыл_по_ЖД,Москва,Москва,40,7,12
2007-05-25,KNYU5786200,KNYU5786200_cycle_8,Прибыл_по_ЖД,Москва,Москва,20,7,13
2007-05-25,STNU4919514,STNU4919514_cycle_9,Прибыл_груженый,Москва,Владивосток,40,5,25
2007-05-25,STNU4919514,STNU4919514_cycle_9,Отправлен_по_ЖД,Москва,Владивосток,40,0,25
2007-05-25,TIMU8010374,TIMU8010374_cycle_8,Прибыл_по_ЖД,Владивосток,Владивосток,20,15,19
2007-05-25,TIMU8010374,TIMU8010374_cycle_8,Отправлен_грузополучателю,Владивосток,Владивосток,20,0,19
2007-05-25,TOWU3611630,TOWU3611630_cycle_9,Отправлен_по_ЖД,Владивосток,Санкт-Петербург,40,1,48
2007-05-25,TOWU8351331,TOWU8351331_cycle_7,Прибыл_груженый,Москва,Санкт-Петербург,20,13,17
2007-05-25,WEDU6102098,WEDU6102098_cycle_8,Передан_на_погрузку,Санкт-Петербург,Владивосток,20,0,36
2007-05-26,BUTU7001309,BUTU7001309_cycle_9,Прибыл_по_ЖД,Москва,Москва,20,2,3
2007-05-26,CRTU2183954,CRTU2183954_cycle_9,Отправлен_грузополучателю,Москва,Москва,40,2,13
2007-05-26,CRTU3557936,CRTU3557936_cycle_9,Передан_на_погрузку,Владивосток,Санкт-Петербург,20,0,54
2007-05-26,CRTU8114609,CRTU8114609_cycle_10,Отправлен_по_ЖД,Санкт-Петербург,Москва,20,3,20
2007-05-26,CRTU8114609,CRTU8114609_cycle_10,Прибыл_по_ЖД,Москва,Москва,20,0,20
2007-05-26,STNU9845862,STNU9845862_cycle_8,Прибыл_груженый,Санкт-Петербург,Москва,40,6,27
2007-05-26,TIMU3137493,TIMU3137493_cycle_9,Передан_на_погрузку,Владивосток,Москва,40,0,26
2007-05-26,TOWU7808384,TOWU7808384_cycle_7,Отправлен_грузополучателю,Санкт-Петербург,Санкт-Петербург,40,3,7
2007-05-26,TOWU8351331,TOWU8351331_cycle_7,Отправлен_по_ЖД,Москва,Санкт-Петербург,20,1,16
2007-05-26,TOWU8351331,TOWU8351331_cycle_7,Прибыл_по_ЖД,Санкт-Петербург,Санкт-Петербург,20,0,16
2007-05-26,WEDU6102098,WEDU6102098_cycle_8,Прибыл_груженый,Санкт-Петербург,Владивосток,20,1,35
2007-05-27,ERKU8281105,ERKU8281105_cycle_8,Прибыл_груженый,Санкт-Петербург,Владивосток,40,12,24
2007-05-27,KNYU5372067,KNYU5372067_cycle_9,Отправлен_грузополучателю,Москва,Москва,40,2,10
2007-05-27,KNYU5786200,KNYU5786200_cycle_8,Отправлен_грузополучателю,Москва,Москва,20,2,11
2007-05-27,TIMU1636645,TIMU1636645_cycle_8,Передан_на_погрузку,Владивосток,Санкт-Петербург,20,0,68
2007-05-27,TIMU3137493,TIMU3137493_cycle_9,Прибыл_груженый,Владивосток,Москва,40,1,25
2007-05-27,WEDU2249581,WEDU2249581_cycle_9,Прибыл_свободным,Санкт-Петербург,Санкт-Петербург,20,11,0
2007-05-27,WEDU6102098,WEDU6102098_cycle_8,Отправлен_по_ЖД,Санкт-Петербург,Владивосток,20,1,34
2007-05-27,WEDU7000544,WEDU7000544_cycle_8,Прибыл_свободным,Москва,Москва,20,12,0
2007-05-28,BUTU7001309,BUTU7001309_cycle_9,Отправлен_грузополучателю,Москва,Москва,20,2,1
2007-05-28,CRTU8114609,CRTU8114609_cycle_10,Отправлен_грузополучателю,Москва,Москва,20,2,18
2007-05-28,ERKU5435191,ERKU5435191_cycle_8,Передан_на_погрузку,Владивосток,Москва,20,0,47
2007-05-28,ERKU8281105,ERKU8281105_cycle_8,Отправлен_по_ЖД,Санкт-Петербург,Владивосток,40,1,23
2007-05-28,KNYU3335859,KNYU3335859_cycle_9,Передан_на_погрузку,Москва,Владивосток,20,0,41
2007-05-28,STNU9845862,STNU9845862_cycle_8,Отправлен_по_ЖД,Санкт-Петербург,Москва,40,2,25
2007-05-28,TIMU3137493,TIMU3137493_cycle_9,Отправлен_по_ЖД,Владивосток,Москва,40,1,24
2007-05-28,TOWU5842316,TOWU5842316_cycle_11,Передан_на_погрузку,Владивосток,Москва,40,0,46
2007-05-28,TOWU8351331,TOWU8351331_cycle_7,Отправлен_грузополучателю,Санкт-Петербург,Санкт-Петербург,20,2,14
2007-05-28,WEDU4651205,WEDU4651205_cycle_10,Передан_на_погрузку,Москва,Владивосток,20,0,61
2007-05-28,WEDU6654977,WEDU6654977_cycle_8,Прибыл_по_ЖД,Санкт-Петербург,Санкт-Петербург,20,17,10
2007-05-28,WEDU9910122,WEDU9910122_cycle_9,Передан_на_погрузку,Владивосток,Санкт-Петербург,40,0,48
2007-05-29,BUTU7001309,BUTU7001309_cycle_9,Прибыл_свободным,Москва,Москва,20,1,0
2007-05-29,CRTU2093770,CRTU2093770_cycle_10,Передан_на_погрузку,Москва,Владивосток,40,0,68
2007-05-29,KNYU1437543,KNYU1437543_cycle_10,Прибыл_груженый,Москва,Владивосток,20,4,35
2007-05-29,KNYU8798891,KNYU8798891_cycle_8,Передан_на_погрузку,Москва,Санкт-Петербург,20,0,25
2007-05-29,STNU4510100,STNU4510100_cycle_9,Прибыл_свободным,Санкт-Петербург,Санкт-Петербург,20,5,0
2007-05-29,TOWU2940273,TOWU2940273_cycle_9,Прибыл_свободным,Санкт-Петербург,Санкт-Петербург,40,12,0
2007-05-30,BUTU2391445,BUTU2391445_cycle_9,Передан_на_погрузку,Москва,Санкт-Петербург,20,0,13
2007-05-30,STNU2794431,STNU2794431_cycle_8,Прибыл_свободным,Владивосток,Владивосток,20,14,0
2007-05-30,STNU2794431,STNU2794431_cycle_9,Передан_на_погрузку,Владивосток,Санкт-Петербург,20,0,30
2007-05-30,STNU2794431,STNU2794431_cycle_9,Прибыл_груженый,Владивосток,Санкт-Петербург,20,0,30
2007-05-30,TIMU9543550,TIMU9543550_cycle_11,Прибыл_по_ЖД,Владивосток,Владивосток,40,7,4
2007-05-30,TOWU8381849,TOWU8381849_cycle_8,Передан_на_погрузку,Владивосток,Санкт-Петербург,20,0,54
2007-05-30,WEDU6654977,WEDU6654977_cycle_8,Отправлен_грузополучателю,Санкт-Петербург,Санкт-Петербург,20,2,8
2007-05-31,CRTU3557936,CRTU3557936_cycle_9,Прибыл_груженый,Владивосток,Санкт-Петербург,20,5,49
2007-05-31,KNYU1824938,KNYU1824938_cycle_12,Передан_на_погрузку,Владивосток,Москва,20,0,49
2007-05-31,STNU1402586,STNU1402586_cycle_9,Прибыл_свободным,Москва,Москва,20,19,0
2007-05-31,STNU2794431,STNU2794431_cycle_9,Отправлен_по_ЖД,Владивосток,Санкт-Петербург,20,1,29
2007-05-31,STNU6396019,STNU6396019_cycle_9,Прибыл_груженый,Москва,Санкт-Петербург,40,12,6
2007-05-31,STNU9845862,STNU9845862_cycle_8,Прибыл_по_ЖД,Москва,Москва,40,3,22
2007-05-31,TIMU9543550,TIMU9543550_cycle_11,Отправлен_грузополучателю,Владивосток,Владивосток,40,1,3
2007-05-31,TOWU5842316,TOWU5842316_cycle_11,Прибыл_груженый,Владивосток,Москва,40,3,43
2007-05-31,TOWU5892461,TOWU5892461_cycle_8,Прибыл_свободным,Владивосток,Владивосток,40,18,0
2007-05-31,WEDU9910122,WEDU9910122_cycle_9,Прибыл_груженый,Владивосток,Санкт-Петербург,40,3,45
2007-06-01,BUTU7079823,BUTU7079823_cycle_10,Прибыл_по_ЖД,Санкт-Петербург,Санкт-Петербург,20,15,15
2007-06-01,KNYU1437543,KNYU1437543_cycle_10,Отправлен_по_ЖД,Москва,Владивосток,20,3,32
2007-06-01,KNYU9630138,KNYU9630138_cycle_8,Прибыл_свободным,Владивосток,Владивосток,20,12,0
2007-06-01,STNU9845862,STNU9845862_cycle_8,Отправлен_грузополучателю,Москва,Москва,40,1,21
2007-06-02,BUTU9513169,BUTU9513169_cycle_10,Прибыл_груженый,Москва,Санкт-Петербург,40,8,15
2007-06-02,CRTU8128829,CRTU8128829_cycle_11,Прибыл_свободным,Санкт-Петербург,Санкт-Петербург,20,27,0
2007-06-02,CRTU8128829,CRTU8128829_cycle_12,Передан_на_погрузку,Санкт-Петербург,Владивосток,20,0,39
2007-06-02,STNU6396019,STNU6396019_cycle_9,Отправлен_по_ЖД,Москва,Санкт-Петербург,40,2,4
2007-06-02,TOWU2835826,TOWU2835826_cycle_7,Прибыл_груженый,Владивосток,Москва,40,16,33
2007-06-02,TOWU2984334,TOWU2984334_cycle_11,Прибыл_груженый,Москва,Санкт-Петербург,40,15,9
2007-06-02,TOWU2984334,TOWU2984334_cycle_11,Отправлен_по_ЖД,Москва,Санкт-Петербург,40,0,9
2007-06-02,TOWU2984334,TOWU2984334_cycle_11,Прибыл_по_ЖД,Санкт-Петербург,Санкт-Петербург,40,0,9
2007-06-02,TOWU7808384,TOWU7808384_cycle_7,Прибыл_свободным,Санкт-Петербург,Санкт-Петербург,40,7,0
2007-06-02,TOWU7808384,TOWU7808384_cycle_8,Передан_на_погрузку,Санкт-Петербург,Владивосток,40,0,48
2007-06-02,TOWU9892746,TOWU9892746_cycle_9,Прибыл_свободным,Москва,Москва,40,15,0
2007-06-02,WEDU9910122,WEDU9910122_cycle_9,Отправлен_по_ЖД,Владивосток,Санкт-Петербург,40,2,43
2007-06-03,BUTU7079823,BUTU7079823_cycle_10,Отправлен_грузополучателю,Санкт-Петербург,Санкт-Петербург,20,2,13
2007-06-03,BUTU8729025,BUTU8729025_cycle_9,Прибыл_груженый,Санкт-Петербург,Москва,40,12,27
2007-06-03,CRTU3557936,CRTU3557936_cycle_9,Отправлен_по_ЖД,Владивосток,Санкт-Петербург,20,3,46
2007-06-03,STNU4919514,STNU4919514_cycle_9,Прибыл_по_ЖД,Владивосток,Владивосток,40,9,16
2007-06-03,TIMU8061928,TIMU8061928_cycle_8,Прибыл_груженый,Владивосток,Санкт-Петербург,20,11,45
2007-06-03,TIMU8887794,TIMU8887794_cycle_8,Прибыл_свободным,Владивосток,Владивосток,20,16,0
2007-06-03,TIMU9543550,TIMU9543550_cycle_11,Прибыл_свободным,Владивосток,Владивосток,40,3,0
2007-06-03,TIMU9543550,TIMU9543550_cycle_12,Передан_на_погрузку,Владивосток,Москва,40,0,43
2007-06-03,WEDU2383938,WEDU2383938_cycle_9,Передан_на_погрузку,Санкт-Петербург,Владивосток,20,0,41
2007-06-04,BUTU8729025,BUTU8729025_cycle_9,Отправлен_по_ЖД,Санкт-Петербург,Москва,40,1,26
2007-06-04,CRTU1521773,CRTU1521773_cycle_7,Прибыл_по_ЖД,Санкт-Петербург,Санкт-Петербург,20,20,8
2007-06-04,KNYU8173059,KNYU8173059_cycle_10,Прибыл_свободным,Санкт-Петербург,Санкт-Петербург,20,17,0
2007-06-04,STNU9767317,STNU9767317_cycle_9,Прибыл_по_ЖД,Москва,Москва,20,11,13
2007-06-04,TOWU2984334,TOWU2984334_cycle_11,Отправлен_грузополучателю,Санкт-Петербург,Санкт-Петербург,40,2,7
2007-06-04,TOWU7808384,TOWU7808384_cycle_8,Прибыл_груженый,Санкт-Петербург,Владивосток,40,2,46
2007-06-04,TOWU8381849,TOWU8381849_cycle_8,Прибыл_груженый,Владивосток,Санкт-Петербург,20,5,49
2007-06-04,WEDU6874585,WEDU6874585_cycle_8,Прибыл_свободным,Москва,Москва,20,18,0
2007-06-05,BUTU9513169,BUTU9513169_cycle_10,Отправлен_по_ЖД,Москва,Санкт-Петербург,40,3,12
2007-06-05,BUTU9513169,BUTU9513169_cycle_10,Прибыл_по_ЖД,Санкт-Петербург,Санкт-Петербург,40,0,12
2007-06-05,CRTU1521773,CRTU1521773_cycle_7,Отправлен_грузополучателю,Санкт-Петербург,Санкт-Петербург,20,1,7
2007-06-05,KNYU9683883,KNYU9683883_cycle_11,Прибыл_по_ЖД,Санкт-Петербург,Санкт-Петербург,20,19,27
2007-06-05,STNU2356703,STNU2356703_cycle_8,Прибыл_груженый,Москва,Санкт-Петербург,40,26,45
2007-06-05,STNU6396019,STNU6396019_cycle_9,Прибыл_по_ЖД,Санкт-Петербург,Санкт-Петербург,40,3,1
2007-06-05,STNU9767317,STNU9767317_cycle_9,Отправлен_грузополучателю,Москва,Москва,20,1,12
2007-06-05,TIMU8061928,TIMU8061928_cycle_8,Отправлен_по_ЖД,Владивосток,Санкт-Петербург,20,2,43
2007-06-05,TOWU2835826,TOWU2835826_cycle_7,Отправлен_по_ЖД,Владивосток,Москва,40,3,30
2007-06-05,TOWU5842316,TOWU5842316_cycle_11,Отправлен_по_ЖД,Владивосток,Москва,40,5,38
2007-06-05,TOWU8381849,TOWU8381849_cycle_8,Отправлен_по_ЖД,Владивосток,Санкт-Петербург,20,1,48
2007-06-05,WEDU7707795,WEDU7707795_cycle_9,Передан_на_погрузку,Санкт-Петербург,Москва,40,0,7
2007-06-06,BUTU1300953,BUTU1300953_cycle_8,Прибыл_свободным,Владивосток,Владивосток,40,15,0
2007-06-06,BUTU9513169,BUTU9513169_cycle_10,Отправлен_грузополучателю,Санкт-Петербург,Санкт-Петербург,40,1,11
2007-06-06,ERKU3112209,ERKU3112209_cycle_7,Прибыл_по_ЖД,Санкт-Петербург,Санкт-Петербург,20,16,11
2007-06-06,ERKU8324044,ERKU8324044_cycle_8,Прибыл_свободным,Санкт-Петербург,Санкт-Петербург,40,37,0
2007-06-06,KNYU5372067,KNYU5372067_cycle_9,Прибыл_свободным,Москва,Москва,40,10,0
2007-06-06,KNYU9630138,KNYU9630138_cycle_9,Передан_на_погрузку,Владивосток,Санкт-Петербург,20,0,54
2007-06-06,STNU1402586,STNU1402586_cycle_10,Передан_на_погрузку,Москва,Санкт-Петербург,20,0,30
2007-06-06,STNU4919514,STNU4919514_cycle_9,Отправлен_грузополучателю,Владивосток,Владивосток,40,3,13
2007-06-06,STNU6396019,STNU6396019_cycle_9,Отправлен_грузополучателю,Санкт-Петербург,Санкт-Петербург,40,1,0
2007-06-06,STNU6396019,STNU6396019_cycle_9,Прибыл_свободным,Санкт-Петербург,Санкт-Петербург,40,0,0
2007-06-06,TIMU1636645,TIMU1636645_cycle_8,Прибыл_груженый,Владивосток,Санкт-Петербург,20,10,58
2007-06-06,TIMU1636645,TIMU1636645_cycle_8,Отправлен_по_ЖД,Владивосток,Санкт-Петербург,20,0,58
2007-06-06,TIMU5293271,TIMU5293271_cycle_10,Прибыл_по_ЖД,Москва,Москва,20,15,3
2007-06-06,TOWU7808384,TOWU7808384_cycle_8,Отправлен_по_ЖД,Санкт-Петербург,Владивосток,40,2,44
2007-06-06,WEDU5817433,WEDU5817433_cycle_9,Прибыл_по_ЖД,Владивосток,Владивосток,20,15,13
2007-06-07,ERKU3123425,ERKU3123425_cycle_9,Прибыл_свободным,Владивосток,Владивосток,20,15,0
2007-06-07,KNYU5786200,KNYU5786200_cycle_8,Прибыл_свободным,Москва,Москва,20,11,0
2007-06-07,STNU2356703,STNU2356703_cycle_8,Отправлен_по_ЖД,Москва,Санкт-Петербург,40,2,43
2007-06-07,STNU5088417,STNU5088417_cycle_8,Прибыл_свободным,Москва,Москва,40,24,0
2007-06-07,WEDU5817433,WEDU5817433_cycle_9,Отправлен_грузополучателю,Владивосток,Владивосток,20,1,12
2007-06-07,WEDU6654977,WEDU6654977_cycle_8,Прибыл_свободным,Санкт-Петербург,Санкт-Петербург,20,8,0
2007-06-08,BUTU2391445,BUTU2391445_cycle_9,Прибыл_груженый,Москва,Санкт-Петербург,20,9,4
2007-06-08,BUTU8729025,BUTU8729025_cycle_9,Прибыл_по_ЖД,Москва,Москва,40,4,22
2007-06-08,CRTU1715325,CRTU1715325_cycle_9,Прибыл_по_ЖД,Санкт-Петербург,Санкт-Петербург,40,19,15
2007-06-08,CRTU2183954,CRTU2183954_cycle_9,Прибыл_свободным,Москва,Москва,40,13,0
2007-06-08,CRTU5834937,CRTU5834937_cycle_8,Прибыл_свободным,Москва,Москва,20,18,0
2007-06-08,CRTU6264170,CRTU6264170_cycle_10,Прибыл_свободным,Москва,Москва,40,24,0
2007-06-08,CRTU8128829,CRTU8128829_cycle_12,Прибыл_груженый,Санкт-Петербург,Владивосток,20,6,33
2007-06-08,CRTU8128829,CRTU8128829_cycle_12,Отправлен_по_ЖД,Санкт-Петербург,Владивосток,20,0,33
2007-06-08,ERKU5797068,ERKU5797068_cycle_9,Прибыл_свободным,Москва,Москва,40,20,0
2007-06-08,ERKU7945290,ERKU7945290_cycle_10,Прибыл_свободным,Владивосток,Владивосток,20,36,0
2007-06-08,KNYU3335859,KNYU3335859_cycle_9,Прибыл_груженый,Москва,Владивосток,20,11,30
2007-06-08,KNYU3335859,KNYU3335859_cycle_9,Отправлен_по_ЖД,Москва,Владивосток,20,0,30
2007-06-08,KNYU6970613,KNYU6970613_cycle_10,Прибыл_свободным,Санкт-Петербург,Санкт-Петербург,20,16,0
2007-06-08,KNYU7944727,KNYU7944727_cycle_10,Прибыл_свободным,Москва,Москва,20,15,0
2007-06-08,KNYU7944727,KNYU7944727_cycle_11,Передан_на_погрузку,Москва,Владивосток,20,0,34
2007-06-08,KNYU9683883,KNYU9683883_cycle_11,Отправлен_грузополучателю,Санкт-Петербург,Санкт-Петербург,20,3,24
2007-06-08,STNU1402586,STNU1402586_cycle_10,Прибыл_груженый,Москва,Санкт-Петербург,20,2,28
2007-06-08,TIMU3631350,TIMU3631350_cycle_7,Прибыл_свободным,Владивосток,Владивосток,20,18,0
2007-06-08,TIMU5165088,TIMU5165088_cycle_9,Прибыл_по_ЖД,Владивосток,Владивосток,40,15,30
2007-06-08,TIMU5293271,TIMU5293271_cycle_10,Отправлен_грузополучателю,Москва,Москва,20,2,1
2007-06-08,TIMU7964806,TIMU7964806_cycle_8,Передан_на_погрузку,Санкт-Петербург,Владивосток,40,0,47
2007-06-08,WEDU6876299,WEDU6876299_cycle_9,Прибыл_свободным,Санкт-Петербург,Санкт-Петербург,20,22,0
2007-06-09,BUTU4321000,BUTU4321000_cycle_11,Передан_на_погрузку,Санкт-Петербург,Москва,40,0,10
2007-06-09,ERKU3112209,ERKU3112209_cycle_7,Отправлен_грузополучателю,Санкт-Петербург,Санкт-Петербург,20,3,8
2007-06-09,KNYU1773354,KNYU1773354_cycle_8,Прибыл_по_ЖД,Владивосток,Владивосток,20,17,26
2007-06-09,KNYU1773354,KNYU1773354_cycle_8,Отправлен_грузополучателю,Владивосток,Владивосток,20,0,26
2007-06-09,KNYU4619290,KNYU4619290_cycle_10,Прибыл_свободным,Москва,Москва,40,21,0
2007-06-09,TIMU5165088,TIMU5165088_cycle_9,Отправлен_грузополучателю,Владивосток,Владивосток,40,1,29
2007-06-09,TIMU5293271,TIMU5293271_cycle_10,Прибыл_свободным,Москва,Москва,20,1,0
2007-06-09,TIMU6180706,TIMU6180706_cycle_10,Передан_на_погрузку,Санкт-Петербург,Москва,40,0,16
2007-06-09,WEDU8568487,WEDU8568487_cycle_12,Передан_на_погрузку,Владивосток,Санкт-Петербург,40,0,32
2007-06-09,WEDU8568487,WEDU8568487_cycle_12,Прибыл_груженый,Владивосток,Санкт-Петербург,40,0,32
2007-06-09,WEDU8568487,WEDU8568487_cycle_12,Отправлен_по_ЖД,Владивосток,Санкт-Петербург,40,0,32
2007-06-10,BUTU2391445,BUTU2391445_cycle_9,Отправлен_по_ЖД,Москва,Санкт-Петербург,20,2,2
2007-06-10,BUTU2391445,BUTU2391445_cycle_9,Прибыл_по_ЖД,Санкт-Петербург,Санкт-Петербург,20,0,2
2007-06-10,BUTU4321000,BUTU4321000_cycle_11,Прибыл_груженый,Санкт-Петербург,Москва,40,1,9
2007-06-10,BUTU7001309,BUTU7001309_cycle_10,Передан_на_погрузку,Москва,Владивосток,20,0,39
2007-06-10,BUTU8729025,BUTU8729025_cycle_9,Отправлен_грузополучателю,Москва,Москва,40,2,20
2007-06-10,CRTU1715325,CRTU1715325_cycle_9,Отправлен_грузополучателю,Санкт-Петербург,Санкт-Петербург,40,2,13
2007-06-10,STNU1402586,STNU1402586_cycle_10,Отправлен_по_ЖД,Москва,Санкт-Петербург,20,2,26
2007-06-10,STNU1402586,STNU1402586_cycle_10,Прибыл_по_ЖД,Санкт-Петербург,Санкт-Петербург,20,0,26
2007-06-10,STNU9487869,STNU9487869_cycle_11,Передан_на_погрузку,Владивосток,Санкт-Петербург,40,0,20
2007-06-10,STNU9487869,STNU9487869_cycle_11,Прибыл_груженый,Владивосток,Санкт-Петербург,40,0,20
2007-06-10,STNU9487869,STNU9487869_cycle_11,Отправлен_по_ЖД,Владивосток,Санкт-Петербург,40,0,20
2007-06-10,TIMU9543550,TIMU9543550_cycle_12,Прибыл_груженый,Владивосток,Москва,40,7,36
2007-06-10,TIMU9543550,TIMU9543550_cycle_12,Отправлен_по_ЖД,Владивосток,Москва,40,0,36
2007-06-11,BUTU2391445,BUTU2391445_cycle_9,Отправлен_грузополучателю,Санкт-Петербург,Санкт-Петербург,20,1,1
2007-06-11,BUTU4321000,BUTU4321000_cycle_11,Отправлен_по_ЖД,Санкт-Петербург,Москва,40,1,8
2007-06-11,CRTU5834937,CRTU5834937_cycle_9,Передан_на_погрузку,Москва,Владивосток,20,0,35
2007-06-11,ERKU7945290,ERKU7945290_cycle_11,Передан_на_погрузку,Владивосток,Москва,20,0,22
2007-06-11,ERKU7945290,ERKU7945290_cycle_11,Прибыл_груженый,Владивосток,Москва,20,0,22
2007-06-11,KNYU3537798,KNYU3537798_cycle_11,Передан_на_погрузку,Москва,Владивосток,20,0,37
2007-06-11,TIMU3137493,TIMU3137493_cycle_9,Прибыл_по_ЖД,Москва,Москва,40,14,10
2007-06-11,TIMU6180706,TIMU6180706_cycle_10,Прибыл_груженый,Санкт-Петербург,Москва,40,2,14
2007-06-11,TOWU2984334,TOWU2984334_cycle_11,Прибыл_свободным,Санкт-Петербург,Санкт-Петербург,40,7,0
2007-06-11,TOWU8351331,TOWU8351331_cycle_7,Прибыл_свободным,Санкт-Петербург,Санкт-Петербург,20,14,0
2007-06-11,TOWU8351331,TOWU8351331_cycle_8,Передан_на_погрузку,Санкт-Петербург,Москва,20,0,28
2007-06-11,WEDU4651205,WEDU4651205_cycle_10,Прибыл_груженый,Москва,Владивосток,20,14,47
2007-06-11,WEDU7707795,WEDU7707795_cycle_9,Прибыл_груженый,Санкт-Петербург,Москва,40,6,1
2007-06-12,BUTU2391445,BUTU2391445_cycle_9,Прибыл_свободным,Санкт-Петербург,Санкт-Петербург,20,1,0
2007-06-12,BUTU4321000,BUTU4321000_cycle_11,Прибыл_по_ЖД,Москва,Москва,40,1,7
2007-06-12,CRTU1167966,CRTU1167966_cycle_9,Прибыл_по_ЖД,Владивосток,Владивосток,40,18,22
2007-06-12,CRTU1521773,CRTU1521773_cycle_7,Прибыл_свободным,Санкт-Петербург,Санкт-Петербург,20,7,0
2007-06-12,ERKU8324044,ERKU8324044_cycle_9,Передан_на_погрузку,Санкт-Петербург,Москва,40,0,27
2007-06-12,STNU1402586,STNU1402586_cycle_10,Отправлен_грузополучателю,Санкт-Петербург,Санкт-Петербург,20,2,24
2007-06-12,STNU2356703,STNU2356703_cycle_8,Прибыл_по_ЖД,Санкт-Петербург,Санкт-Петербург,40,5,38
2007-06-12,TIMU3137493,TIMU3137493_cycle_9,Отправлен_грузополучателю,Москва,Москва,40,1,9
2007-06-12,TIMU6180706,TIMU6180706_cycle_10,Отправлен_по_ЖД,Санкт-Петербург,Москва,40,1,13
2007-06-12,WEDU7707795,WEDU7707795_cycle_9,Отправлен_по_ЖД,Санкт-Петербург,Москва,40,1,0
2007-06-12,WEDU7707795,WEDU7707795_cycle_9,Прибыл_по_ЖД,Москва,Москва,40,0,0
2007-06-12,WEDU7707795,WEDU7707795_cycle_9,Отправлен_грузополучателю,Москва,Москва,40,0,0
2007-06-12,WEDU7707795,WEDU7707795_cycle_9,Прибыл_свободным,Москва,Москва,40,0,0
2007-06-12,WEDU7707795,WEDU7707795_cycle_10,Передан_на_погрузку,Москва,Санкт-Петербург,40,0,33
2007-06-13,CRTU3557001,CRTU3557001_cycle_9,Передан_на_погрузку,Владивосток,Москва,20,0,27
2007-06-13,ERKU7945290,ERKU7945290_cycle_11,Отправлен_по_ЖД,Владивосток,Москва,20,2,20
2007-06-13,ERKU8281105,ERKU8281105_cycle_8,Прибыл_по_ЖД,Владивосток,Владивосток,40,16,7
2007-06-13,ERKU8281105,ERKU8281105_cycle_8,Отправлен_грузополучателю,Владивосток,Владивосток,40,0,7
2007-06-13,KNYU8173059,KNYU8173059_cycle_11,Передан_на_погрузку,Санкт-Петербург,Владивосток,20,0,50
2007-06-13,STNU2356703,STNU2356703_cycle_8,Отправлен_грузополучателю,Санкт-Петербург,Санкт-Петербург,40,1,37
2007-06-13,STNU2517447,STNU2517447_cycle_10,Передан_на_погрузку,Владивосток,Москва,40,0,50
2007-06-13,TIMU8010374,TIMU8010374_cycle_8,Прибыл_свободным,Владивосток,Владивосток,20,19,0
2007-06-13,TOWU3611630,TOWU3611630_cycle_9,Прибыл_по_ЖД,Санкт-Петербург,Санкт-Петербург,40,19,29
2007-06-13,WEDU6876299,WEDU6876299_cycle_10,Передан_на_погрузку,Санкт-Петербург,Владивосток,20,0,47
2007-06-14,BUTU4321000,BUTU4321000_cycle_11,Отправлен_грузополучателю,Москва,Москва,40,2,5
2007-06-14,KNYU8798891,KNYU8798891_cycle_8,Прибыл_груженый,Москва,Санкт-Петербург,20,16,9
2007-06-14,STNU6396019,STNU6396019_cycle_10,Передан_на_погрузку,Санкт-Петербург,Владивосток,40,0,32
2007-06-14,STNU6396019,STNU6396019_cycle_10,Прибыл_груженый,Санкт-Петербург,Владивосток,40,0,32
2007-06-14,STNU6396019,STNU6396019_cycle_10,Отправлен_по_ЖД,Санкт-Петербург,Владивосток,40,0,32
2007-06-14,TIMU6180706,TIMU6180706_cycle_10,Прибыл_по_ЖД,Москва,Москва,40,2,11
2007-06-14,WEDU4651205,WEDU4651205_cycle_10,Отправлен_по_ЖД,Москва,Владивосток,20,3,44
2007-06-14,WEDU6102098,WEDU6102098_cycle_8,Прибыл_по_ЖД,Владивосток,Владивосток,20,18,16
2007-06-14,WEDU6102098,WEDU6102098_cycle_8,Отправлен_грузополучателю,Владивосток,Владивосток,20,0,16
2007-06-15,BUTU1300953,BUTU1300953_cycle_9,Передан_на_погрузку,Владивосток,Санкт-Петербург,40,0,45
2007-06-15,CRTU8114609,CRTU8114609_cycle_10,Прибыл_свободным,Москва,Москва,20,18,0
2007-06-15,ERKU5435191,ERKU5435191_cycle_8,Прибыл_груженый,Владивосток,Москва,20,18,29
2007-06-15,ERKU5435191,ERKU5435191_cycle_8,Отправлен_по_ЖД,Владивосток,Москва,20,0,29
2007-06-15,KNYU8798891,KNYU8798891_cycle_8,Отправлен_по_ЖД,Москва,Санкт-Петербург,20,1,8
2007-06-15,KNYU8798891,KNYU8798891_cycle_8,Прибыл_по_ЖД,Санкт-Петербург,Санкт-Петербург,20,0,8
2007-06-15,TIMU6180706,TIMU6180706_cycle_10,Отправлен_грузополучателю,Москва,Москва,40,1,10
2007-06-15,TIMU8250428,TIMU8250428_cycle_10,Передан_на_погрузку,Санкт-Петербург,Москва,20,0,18
2007-06-15,TOWU3611630,TOWU3611630_cycle_9,Отправлен_грузополучателю,Санкт-Петербург,Санкт-Петербург,40,2,27
2007-06-15,TOWU7931879,TOWU7931879_cycle_10,Передан_на_погрузку,Москва,Санкт-Петербург,40,0,26
2007-06-16,BUTU7079823,BUTU7079823_cycle_10,Прибыл_свободным,Санкт-Петербург,Санкт-Петербург,20,13,0
2007-06-16,CRTU1167966,CRTU1167966_cycle_9,Отправлен_грузополучателю,Владивосток,Владивосток,40,4,18
2007-06-16,KNYU3335859,KNYU3335859_cycle_9,Прибыл_по_ЖД,Владивосток,Владивосток,20,8,22
2007-06-16,STNU2794431,STNU2794431_cycle_9,Прибыл_по_ЖД,Санкт-Петербург,Санкт-Петербург,20,16,13
2007-06-16,STNU2794431,STNU2794431_cycle_9,Отправлен_грузополучателю,Санкт-Петербург,Санкт-Петербург,20,0,13
2007-06-16,TIMU8250428,TIMU8250428_cycle_10,Прибыл_груженый,Санкт-Петербург,Москва,20,1,17
2007-06-16,WEDU7000544,WEDU7000544_cycle_9,Передан_на_погрузку,Москва,Владивосток,20,0,29
2007-06-17,BUTU8954572,BUTU8954572_cycle_8,Передан_на_погрузку,Санкт-Петербург,Москва,40,0,46
2007-06-17,BUTU9513169,BUTU9513169_cycle_10,Прибыл_свободным,Санкт-Петербург,Санкт-Петербург,40,11,0
2007-06-17,ERKU3112209,ERKU3112209_cycle_7,Прибыл_свободным,Санкт-Петербург,Санкт-Петербург,20,8,0
2007-06-17,KNYU3537798,KNYU3537798_cycle_11,Прибыл_груженый,Москва,Владивосток,20,6,31
2007-06-17,KNYU8798891,KNYU8798891_cycle_8,Отправлен_грузополучателю,Санкт-Петербург,Санкт-Петербург,20,2,6
2007-06-17,STNU9767317,STNU9767317_cycle_9,Прибыл_свободным,Москва,Москва,20,12,0
2007-06-17,STNU9767317,STNU9767317_cycle_10,Передан_на_погрузку,Москва,Санкт-Петербург,20,0,28
2007-06-17,TIMU8010374,TIMU8010374_cycle_9,Передан_на_погрузку,Владивосток,Санкт-Петербург,20,0,45
2007-06-17,TOWU2835826,TOWU2835826_cycle_7,Прибыл_по_ЖД,Москва,Москва,40,12,18
2007-06-17,TOWU2984334,TOWU2984334_cycle_12,Передан_на_погрузку,Санкт-Петербург,Москва,40,0,20
2007-06-17,TOWU7808384,TOWU7808384_cycle_8,Прибыл_по_ЖД,Владивосток,Владивосток,40,11,33
2007-06-17,WEDU6876299,WEDU6876299_cycle_10,Прибыл_груженый,Санкт-Петербург,Владивосток,20,4,43
2007-06-18,CRTU2093770,CRTU2093770_cycle_10,Прибыл_груженый,Москва,Владивосток,40,20,48
2007-06-18,CRTU2093770,CRTU2093770_cycle_10,Отправлен_по_ЖД,Москва,Владивосток,40,0,48
2007-06-18,CRTU3557001,CRTU3557001_cycle_9,Прибыл_груженый,Владивосток,Москва,20,5,22
2007-06-18,CRTU3557936,CRTU3557936_cycle_9,Прибыл_по_ЖД,Санкт-Петербург,Санкт-Петербург,20,15,31
2007-06-18,KNYU3335859,KNYU3335859_cycle_9,Отправлен_грузополучателю,Владивосток,Владивосток,20,2,20
2007-06-18,TOWU2835826,TOWU2835826_cycle_7,Отправлен_грузополучателю,Москва,Москва,40,1,17
2007-06-18,TOWU2940273,TOWU2940273_cycle_10,Передан_на_погрузку,Санкт-Петербург,Владивосток,40,0,19
2007-06-18,TOWU8351331,TOWU8351331_cycle_8,Прибыл_груженый,Санкт-Петербург,Москва,20,7,21
2007-06-18,TOWU8351331,TOWU8351331_cycle_8,Отправлен_по_ЖД,Санкт-Петербург,Москва,20,0,21
2007-06-18,TOWU9892746,TOWU9892746_cycle_10,Передан_на_погрузку,Москва,Санкт-Петербург,40,0,11
2007-06-19,BUTU1300953,BUTU1300953_cycle_9,Прибыл_груженый,Владивосток,Санкт-Петербург,40,4,41
2007-06-19,BUTU4321000,BUTU4321000_cycle_11,Прибыл_свободным,Москва,Москва,40,5,0
2007-06-19,CRTU1937935,CRTU1937935_cycle_8,Передан_на_погрузку,Москва,Санкт-Петербург,40,0,32
2007-06-19,CRTU5834937,CRTU5834937_cycle_9,Прибыл_груженый,Москва,Владивосток,20,8,27
2007-06-19,KNYU1824938,KNYU1824938_cycle_12,Прибыл_груженый,Владивосток,Москва,20,19,30
2007-06-19,KNYU3537798,KNYU3537798_cycle_11,Отправлен_по_ЖД,Москва,Владивосток,20,2,29
2007-06-19,KNYU9630138,KNYU9630138_cycle_9,Прибыл_груженый,Владивосток,Санкт-Петербург,20,13,41
2007-06-19,KNYU9630138,KNYU9630138_cycle_9,Отправлен_по_ЖД,Владивосток,Санкт-Петербург,20,0,41
2007-06-19,STNU4919514,STNU4919514_cycle_9,Прибыл_свободным,Владивосток,Владивосток,40,13,0
2007-06-19,TIMU8250428,TIMU8250428_cycle_10,Отправлен_по_ЖД,Санкт-Петербург,Москва,20,3,14
2007-06-19,TIMU8250428,TIMU8250428_cycle_10,Прибыл_по_ЖД,Москва,Москва,20,0,14
2007-06-19,TOWU2984334,TOWU2984334_cycle_12,Прибыл_груженый,Санкт-Петербург,Москва,40,2,18
2007-06-19,WEDU2383938,WEDU2383938_cycle_9,Прибыл_груженый,Санкт-Петербург,Владивосток,20,16,25
2007-06-19,WEDU5817433,WEDU5817433_cycle_9,Прибыл_свободным,Владивосток,Владивосток,20,12,0
2007-06-19,WEDU6874585,WEDU6874585_cycle_9,Передан_на_погрузку,Москва,Санкт-Петербург,20,0,39
2007-06-19,WEDU6876299,WEDU6876299_cycle_10,Отправлен_по_ЖД,Санкт-Петербург,Владивосток,20,2,41
2007-06-20,CRTU3557001,CRTU3557001_cycle_9,Отправлен_по_ЖД,Владивосток,Москва,20,2,20
2007-06-20,ERKU8281105,ERKU8281105_cycle_8,Прибыл_свободным,Владивосток,Владивосток,40,7,0
2007-06-20,KNYU1033833,KNYU1033833_cycle_9,Передан_на_погрузку,Санкт-Петербург,Владивосток,40,0,44
2007-06-20,KNYU1437543,KNYU1437543_cycle_10,Прибыл_по_ЖД,Владивосток,Владивосток,20,19,13
2007-06-20,KNYU1824938,KNYU1824938_cycle_12,Отправлен_по_ЖД,Владивосток,Москва,20,1,29
2007-06-20,TOWU6899546,TOWU6899546_cycle_9,Передан_на_погрузку,Москва,Владивосток,20,0,37
2007-06-20,TOWU7808384,TOWU7808384_cycle_8,Отправлен_грузополучателю,Владивосток,Владивосток,40,3,30
2007-06-21,CRTU3557936,CRTU3557936_cycle_9,Отправлен_грузополучателю,Санкт-Петербург,Санкт-Петербург,20,3,28
2007-06-21,CRTU5834937,CRTU5834937_cycle_9,Отправлен_по_ЖД,Москва,Владивосток,20,2,25
2007-06-21,ERKU8324044,ERKU8324044_cycle_9,Прибыл_груженый,Санкт-Петербург,Москва,40,9,18
2007-06-21,KNYU1437543,KNYU1437543_cycle_10,Отправлен_грузополучателю,Владивосток,Владивосток,20,1,12
2007-06-21,KNYU7944727,KNYU7944727_cycle_11,Прибыл_груженый,Москва,Владивосток,20,13,21
2007-06-21,TIMU3137493,TIMU3137493_cycle_9,Прибыл_свободным,Москва,Москва,40,9,0
2007-06-21,TIMU6310893,TIMU6310893_cycle_11,Передан_на_погрузку,Москва,Владивосток,40,0,16
2007-06-21,TOWU2984334,TOWU2984334_cycle_12,Отправлен_по_ЖД,Санкт-Петербург,Москва,40,2,16
2007-06-21,TOWU8161314,TOWU8161314_cycle_9,Передан_на_погрузку,Владивосток,Санкт-Петербург,20,0,47
2007-06-22,ERKU8324044,ERKU8324044_cycle_9,Отправлен_по_ЖД,Санкт-Петербург,Москва,40,1,17
2007-06-22,ERKU8324044,ERKU8324044_cycle_9,Прибыл_по_ЖД,Москва,Москва,40,0,17
2007-06-22,STNU9845862,STNU9845862_cycle_8,Прибыл_свободным,Москва,Москва,40,21,0
2007-06-22,TIMU8250428,TIMU8250428_cycle_10,Отправлен_грузополучателю,Москва,Москва,20,3,11
2007-06-22,TOWU2940273,TOWU2940273_cycle_10,Прибыл_груженый,Санкт-Петербург,Владивосток,40,4,15
2007-06-22,TOWU5842316,TOWU5842316_cycle_11,Прибыл_по_ЖД,Москва,Москва,40,17,21
2007-06-22,TOWU5842316,TOWU5842316_cycle_11,Отправлен_грузополучателю,Москва,Москва,40,0,21
2007-06-22,TOWU7931879,TOWU7931879_cycle_10,Прибыл_груженый,Москва,Санкт-Петербург,40,7,19
2007-06-22,TOWU8381849,TOWU8381849_cycle_8,Прибыл_по_ЖД,Санкт-Петербург,Санкт-Петербург,20,17,31
2007-06-22,WEDU2383938,WEDU2383938_cycle_9,Отправлен_по_ЖД,Санкт-Петербург,Владивосток,20,3,22
2007-06-22,WEDU9910122,WEDU9910122_cycle_9,Прибыл_по_ЖД,Санкт-Петербург,Санкт-Петербург,40,20,23
2007-06-22,WEDU9910122,WEDU9910122_cycle_9,Отправлен_грузополучателю,Санкт-Петербург,Санкт-Петербург,40,0,23
2007-06-23,BUTU1300953,BUTU1300953_cycle_9,Отправлен_по_ЖД,Владивосток,Санкт-Петербург,40,4,37
2007-06-23,CRTU1715325,CRTU1715325_cycle_9,Прибыл_свободным,Санкт-Петербург,Санкт-Петербург,40,13,0
2007-06-23,CRTU1715325,CRTU1715325_cycle_10,Передан_на_погрузку,Санкт-Петербург,Москва,40,0,32
2007-06-23,ERKU8324044,ERKU8324044_cycle_9,Отправлен_грузополучателю,Москва,Москва,40,1,16
2007-06-23,KNYU8798891,KNYU8798891_cycle_8,Прибыл_свободным,Санкт-Петербург,Санкт-Петербург,20,6,0
2007-06-23,KNYU8798891,KNYU8798891_cycle_9,Передан_на_погрузку,Санкт-Петербург,Москва,20,0,72
2007-06-23,TIMU3137493,TIMU3137493_cycle_10,Передан_на_погрузку,Москва,Санкт-Петербург,40,0,17
2007-06-23,TIMU8887794,TIMU8887794_cycle_9,Передан_на_погрузку,Владивосток,Москва,20,0,54
2007-06-23,TOWU7931879,TOWU7931879_cycle_10,Отправлен_по_ЖД,Москва,Санкт-Петербург,40,1,18
2007-06-23,TOWU7931879,TOWU7931879_cycle_10,Прибыл_по_ЖД,Санкт-Петербург,Санкт-Петербург,40,0,18
2007-06-23,TOWU9892746,TOWU9892746_cycle_10,Прибыл_груженый,Москва,Санкт-Петербург,40,5,6
2007-06-23,WEDU7000544,WEDU7000544_cycle_9,Прибыл_груженый,Москва,Владивосток,20,7,22
2007-06-23,WEDU8568487,WEDU8568487_cycle_12,Прибыл_по_ЖД,Санкт-Петербург,Санкт-Петербург,40,14,18
2007-06-23,WEDU8568487,WEDU8568487_cycle_12,Отправлен_грузополучателю,Санкт-Петербург,Санкт-Петербург,40,0,18
2007-06-24,BUTU7001309,BUTU7001309_cycle_10,Прибыл_груженый,Москва,Владивосток,20,14,25
2007-06-24,CRTU8128829,CRTU8128829_cycle_12,Прибыл_по_ЖД,Владивосток,Владивосток,20,16,17
2007-06-24,KNYU6970613,KNYU6970613_cycle_11,Передан_на_погрузку,Санкт-Петербург,Владивосток,20,0,21
2007-06-24,KNYU7944727,KNYU7944727_cycle_11,Отправлен_по_ЖД,Москва,Владивосток,20,3,18
2007-06-24,TIMU8061928,TIMU8061928_cycle_8,Прибыл_по_ЖД,Санкт-Петербург,Санкт-Петербург,20,19,24
2007-06-24,TOWU2940273,TOWU2940273_cycle_10,Отправлен_по_ЖД,Санкт-Петербург,Владивосток,40,2,13
2007-06-24,TOWU7931879,TOWU7931879_cycle_10,Отправлен_грузополучателю,Санкт-Петербург,Санкт-Петербург,40,1,17
2007-06-24,TOWU9892746,TOWU9892746_cycle_10,Отправлен_по_ЖД,Москва,Санкт-Петербург,40,1,5
2007-06-24,TOWU9892746,TOWU9892746_cycle_10,Прибыл_по_ЖД,Санкт-Петербург,Санкт-Петербург,40,0,5
2007-06-24,WEDU5817433,WEDU5817433_cycle_10,Передан_на_погрузку,Владивосток,Москва,20,0,45
2007-06-25,ERKU5435191,ERKU5435191_cycle_8,Прибыл_по_ЖД,Москва,Москва,20,10,19
2007-06-25,KNYU3537798,KNYU3537798_cycle_11,Прибыл_по_ЖД,Владивосток,Владивосток,20,6,23
2007-06-25,KNYU6970613,KNYU6970613_cycle_11,Прибыл_груженый,Санкт-Петербург,Владивосток,20,1,20
2007-06-25,KNYU8173059,KNYU8173059_cycle_11,Прибыл_груженый,Санкт-Петербург,Владивосток,20,12,38
2007-06-25,TIMU1636645,TIMU1636645_cycle_8,Прибыл_по_ЖД,Санкт-Петербург,Санкт-Петербург,20,19,39
2007-06-25,TIMU6180706,TIMU6180706_cycle_10,Прибыл_свободным,Москва,Москва,40,10,0
2007-06-25,TIMU6310893,TIMU6310893_cycle_11,Прибыл_груженый,Москва,Владивосток,40,4,12
2007-06-25,TIMU6310893,TIMU6310893_cycle_11,Отправлен_по_ЖД,Москва,Владивосток,40,0,12
2007-06-25,TIMU7736033,TIMU7736033_cycle_8,Передан_на_погрузку,Владивосток,Москва,20,0,58
2007-06-25,TOWU8351331,TOWU8351331_cycle_8,Прибыл_по_ЖД,Москва,Москва,20,7,14
2007-06-25,TOWU8381849,TOWU8381849_cycle_8,Отправлен_грузополучателю,Санкт-Петербург,Санкт-Петербург,20,3,28
2007-06-25,WEDU7000544,WEDU7000544_cycle_9,Отправлен_по_ЖД,Москва,Владивосток,20,2,20
2007-06-26,BUTU7001309,BUTU7001309_cycle_10,Отправлен_по_ЖД,Москва,Владивосток,20,2,23
2007-06-26,CRTU8114609,CRTU8114609_cycle_11,Передан_на_погрузку,Москва,Санкт-Петербург,20,0,26
2007-06-26,ERKU3112209,ERKU3112209_cycle_8,Передан_на_погрузку,Санкт-Петербург,Владивосток,20,0,34
2007-06-26,ERKU7945290,ERKU7945290_cycle_11,Прибыл_по_ЖД,Москва,Москва,20,13,7
2007-06-26,KNYU1033833,KNYU1033833_cycle_9,Прибыл_груженый,Санкт-Петербург,Владивосток,40,6,38
2007-06-26,KNYU6970613,KNYU6970613_cycle_11,Отправлен_по_ЖД,Санкт-Петербург,Владивосток,20,1,19
2007-06-26,STNU2517447,STNU2517447_cycle_10,Прибыл_груженый,Владивосток,Москва,40,13,37
2007-06-26,STNU9767317,STNU9767317_cycle_10,Прибыл_груженый,Москва,Санкт-Петербург,20,9,19
2007-06-26,TIMU1636645,TIMU1636645_cycle_8,Отправлен_грузополучателю,Санкт-Петербург,Санкт-Петербург,20,1,38
2007-06-26,TIMU8061928,TIMU8061928_cycle_8,Отправлен_грузополучателю,Санкт-Петербург,Санкт-Петербург,20,2,22
2007-06-26,TOWU8161314,TOWU8161314_cycle_9,Прибыл_груженый,Владивосток,Санкт-Петербург,20,5,42
2007-06-26,TOWU8351331,TOWU8351331_cycle_8,Отправлен_грузополучателю,Москва,Москва,20,1,13
2007-06-26,TOWU9892746,TOWU9892746_cycle_10,Отправлен_грузополучателю,Санкт-Петербург,Санкт-Петербург,40,2,3
2007-06-27,CRTU8128829,CRTU8128829_cycle_12,Отправлен_грузополучателю,Владивосток,Владивосток,20,3,14
2007-06-27,ERKU3123425,ERKU3123425_cycle_10,Передан_на_погрузку,Владивосток,Москва,20,0,43
2007-06-27,ERKU5435191,ERKU5435191_cycle_8,Отправлен_грузополучателю,Москва,Москва,20,2,17
2007-06-27,ERKU7945290,ERKU7945290_cycle_11,Отправлен_грузополучателю,Москва,Москва,20,1,6
2007-06-27,KNYU3537798,KNYU3537798_cycle_11,Отправлен_грузополучателю,Владивосток,Владивосток,20,2,21
2007-06-27,KNYU8173059,KNYU8173059_cycle_11,Отправлен_по_ЖД,Санкт-Петербург,Владивосток,20,2,36
2007-06-27,STNU9487869,STNU9487869_cycle_11,Прибыл_по_ЖД,Санкт-Петербург,Санкт-Петербург,40,17,3
2007-06-27,STNU9767317,STNU9767317_cycle_10,Отправлен_по_ЖД,Москва,Санкт-Петербург,20,1,18
2007-06-27,STNU9767317,STNU9767317_cycle_10,Прибыл_по_ЖД,Санкт-Петербург,Санкт-Петербург,20,0,18
2007-06-27,TIMU7964806,TIMU7964806_cycle_8,Прибыл_груженый,Санкт-Петербург,Владивосток,40,19,28
2007-06-27,TOWU2984334,TOWU2984334_cycle_12,Прибыл_по_ЖД,Москва,Москва,40,6,10
2007-06-27,TOWU8161314,TOWU8161314_cycle_9,Отправлен_по_ЖД,Владивосток,Санкт-Петербург,20,1,41
2007-06-27,WEDU7707795,WEDU7707795_cycle_10,Прибыл_груженый,Москва,Санкт-Петербург,40,15,18
2007-06-29,BUTU2391445,BUTU2391445_cycle_10,Передан_на_погрузку,Санкт-Петербург,Владивосток,20,0,35
2007-06-29,BUTU2391445,BUTU2391445_cycle_10,Прибыл_груженый,Санкт-Петербург,Владивосток,20,0,35
2007-06-29,BUTU2391445,BUTU2391445_cycle_10,Отправлен_по_ЖД,Санкт-Петербург,Владивосток,20,0,35
2007-06-29,BUTU8954572,BUTU8954572_cycle_8,Прибыл_груженый,Санкт-Петербург,Москва,40,12,34
2007-06-29,CRTU1715325,CRTU1715325_cycle_10,Прибыл_груженый,Санкт-Петербург,Москва,40,6,26
2007-06-29,CRTU1715325,CRTU1715325_cycle_10,Отправлен_по_ЖД,Санкт-Петербург,Москва,40,0,26
2007-06-29,CRTU3557001,CRTU3557001_cycle_9,Прибыл_по_ЖД,Москва,Москва,20,9,11
2007-06-29,STNU2517447,STNU2517447_cycle_10,Отправлен_по_ЖД,Владивосток,Москва,40,3,34
2007-06-29,STNU2794431,STNU2794431_cycle_9,Прибыл_свободным,Санкт-Петербург,Санкт-Петербург,20,13,0
2007-06-29,STNU6396019,STNU6396019_cycle_10,Прибыл_по_ЖД,Владивосток,Владивосток,40,15,17
2007-06-29,STNU9487869,STNU9487869_cycle_11,Отправлен_грузополучателю,Санкт-Петербург,Санкт-Петербург,40,2,1
2007-06-29,STNU9767317,STNU9767317_cycle_10,Отправлен_грузополучателю,Санкт-Петербург,Санкт-Петербург,20,2,16
2007-06-29,TIMU7964806,TIMU7964806_cycle_8,Отправлен_по_ЖД,Санкт-Петербург,Владивосток,40,2,26
2007-06-29,TIMU9543550,TIMU9543550_cycle_12,Прибыл_по_ЖД,Москва,Москва,40,19,17
2007-06-29,TOWU2984334,TOWU2984334_cycle_12,Отправлен_грузополучателю,Москва,Москва,40,2,8
2007-06-29,TOWU9892746,TOWU9892746_cycle_10,Прибыл_свободным,Санкт-Петербург,Санкт-Петербург,40,3,0
2007-06-29,WEDU7707795,WEDU7707795_cycle_10,Отправлен_по_ЖД,Москва,Санкт-Петербург,40,2,16
2007-06-30,BUTU8729025,BUTU8729025_cycle_9,Прибыл_свободным,Москва,Москва,40,20,0
2007-06-30,CRTU8114609,CRTU8114609_cycle_11,Прибыл_груженый,Москва,Санкт-Петербург,20,4,22
2007-06-30,KNYU1033833,KNYU1033833_cycle_9,Отправлен_по_ЖД,Санкт-Петербург,Владивосток,40,4,34
2007-06-30,KNYU1824938,KNYU1824938_cycle_12,Прибыл_по_ЖД,Москва,Москва,20,10,19
2007-06-30,KNYU3021654,KNYU3021654_cycle_11,Передан_на_погрузку,Москва,Владивосток,40,0,46
2007-06-30,STNU9487869,STNU9487869_cycle_11,Прибыл_свободным,Санкт-Петербург,Санкт-Петербург,40,1,0
2007-06-30,TIMU3137493,TIMU3137493_cycle_10,Прибыл_груженый,Москва,Санкт-Петербург,40,7,10
2007-06-30,TOWU9896330,TOWU9896330_cycle_9,Передан_на_погрузку,Москва,Владивосток,40,0,24
2007-06-30,TOWU9896330,TOWU9896330_cycle_9,Прибыл_груженый,Москва,Владивосток,40,0,24
2007-06-30,WEDU6102098,WEDU6102098_cycle_8,Прибыл_свободным,Владивосток,Владивосток,20,16,0
2007-07-01,BUTU8954572,BUTU8954572_cycle_8,Отправлен_по_ЖД,Санкт-Петербург,Москва,40,2,32
2007-07-01,CRTU1521773,CRTU1521773_cycle_8,Передан_на_погрузку,Санкт-Петербург,Владивосток,20,0,28
2007-07-01,CRTU1937935,CRTU1937935_cycle_8,Прибыл_груженый,Москва,Санкт-Петербург,40,12,20
2007-07-01,STNU3092282,STNU3092282_cycle_10,Передан_на_погрузку,Санкт-Петербург,Владивосток,40,0,30
2007-07-01,STNU6396019,STNU6396019_cycle_10,Отправлен_грузополучателю,Владивосток,Владивосток,40,2,15
2007-07-01,TIMU8010374,TIMU8010374_cycle_9,Прибыл_груженый,Владивосток,Санкт-Петербург,20,14,31
2007-07-01,WEDU4651205,WEDU4651205_cycle_10,Прибыл_по_ЖД,Владивосток,Владивосток,20,17,27
2007-07-01,WEDU5817433,WEDU5817433_cycle_10,Прибыл_груженый,Владивосток,Москва,20,7,38
2007-07-02,BUTU8954572,BUTU8954572_cycle_8,Прибыл_по_ЖД,Москва,Москва,40,1,31
2007-07-02,CRTU1937935,CRTU1937935_cycle_8,Отправлен_по_ЖД,Москва,Санкт-Петербург,40,1,19
2007-07-02,CRTU2093770,CRTU2093770_cycle_10,Прибыл_по_ЖД,Владивосток,Владивосток,40,14,34
2007-07-02,CRTU3557001,CRTU3557001_cycle_9,Отправлен_грузополучателю,Москва,Москва,20,3,8
2007-07-02,CRTU8114609,CRTU8114609_cycle_11,Отправлен_по_ЖД,Москва,Санкт-Петербург,20,2,20
2007-07-02,CRTU8114609,CRTU8114609_cycle_11,Прибыл_по_ЖД,Санкт-Петербург,Санкт-Петербург,20,0,20
2007-07-02,KNYU9683883,KNYU9683883_cycle_11,Прибыл_свободным,Санкт-Петербург,Санкт-Петербург,20,24,0
2007-07-02,TIMU3137493,TIMU3137493_cycle_10,Отправлен_по_ЖД,Москва,Санкт-Петербург,40,2,8
2007-07-02,TIMU3631350,TIMU3631350_cycle_8,Передан_на_погрузку,Владивосток,Санкт-Петербург,20,0,51
2007-07-02,TIMU6310893,TIMU6310893_cycle_11,Прибыл_по_ЖД,Владивосток,Владивосток,40,7,5
2007-07-02,TIMU9543550,TIMU9543550_cycle_12,Отправлен_грузополучателю,Москва,Москва,40,3,14
2007-07-02,WEDU7707795,WEDU7707795_cycle_10,Прибыл_по_ЖД,Санкт-Петербург,Санкт-Петербург,40,3,13
2007-07-03,BUTU8954572,BUTU8954572_cycle_8,Отправлен_грузополучателю,Москва,Москва,40,1,30
2007-07-03,BUTU9513169,BUTU9513169_cycle_11,Передан_на_погрузку,Санкт-Петербург,Москва,40,0,20
2007-07-03,CRTU8114609,CRTU8114609_cycle_11,Отправлен_грузополучателю,Санкт-Петербург,Санкт-Петербург,20,1,19
2007-07-03,ERKU3112209,ERKU3112209_cycle_8,Прибыл_груженый,Санкт-Петербург,Владивосток,20,7,27
2007-07-03,ERKU7945290,ERKU7945290_cycle_11,Прибыл_свободным,Москва,Москва,20,6,0
2007-07-03,KNYU1437543,KNYU1437543_cycle_10,Прибыл_свободным,Владивосток,Владивосток,20,12,0
2007-07-03,TIMU3137493,TIMU3137493_cycle_10,Прибыл_по_ЖД,Санкт-Петербург,Санкт-Петербург,40,1,7
2007-07-03,TIMU8250428,TIMU8250428_cycle_10,Прибыл_свободным,Москва,Москва,20,11,0
2007-07-03,TOWU9896330,TOWU9896330_cycle_9,Отправлен_по_ЖД,Москва,Владивосток,40,3,21
2007-07-03,WEDU4651205,WEDU4651205_cycle_10,Отправлен_грузополучателю,Владивосток,Владивосток,20,2,25
2007-07-04,CRTU1167966,CRTU1167966_cycle_9,Прибыл_свободным,Владивосток,Владивосток,40,18,0
2007-07-04,CRTU1715325,CRTU1715325_cycle_10,Прибыл_по_ЖД,Москва,Москва,40,5,21
2007-07-04,KNYU1824938,KNYU1824938_cycle_12,Отправлен_грузополучателю,Москва,Москва,20,4,15
2007-07-04,KNYU7944727,KNYU7944727_cycle_11,Прибыл_по_ЖД,Владивосток,Владивосток,20,10,8
2007-07-04,TIMU3137493,TIMU3137493_cycle_10,Отправлен_грузополучателю,Санкт-Петербург,Санкт-Петербург,40,1,6
2007-07-04,TIMU6310893,TIMU6310893_cycle_11,Отправлен_грузополучателю,Владивосток,Владивосток,40,2,3
2007-07-04,TIMU8010374,TIMU8010374_cycle_9,Отправлен_по_ЖД,Владивосток,Санкт-Петербург,20,3,28
2007-07-04,TOWU5892461,TOWU5892461_cycle_9,Передан_на_погрузку,Владивосток,Москва,40,0,24
2007-07-04,TOWU6899546,TOWU6899546_cycle_9,Прибыл_груженый,Москва,Владивосток,20,14,23
2007-07-04,WEDU5817433,WEDU5817433_cycle_10,Отправлен_по_ЖД,Владивосток,Москва,20,3,35
2007-07-04,WEDU7707795,WEDU7707795_cycle_10,Отправлен_грузополучателю,Санкт-Петербург,Санкт-Петербург,40,2,11
2007-07-05,CRTU1715325,CRTU1715325_cycle_10,Отправлен_грузополучателю,Москва,Москва,40,1,20
2007-07-05,CRTU1937935,CRTU1937935_cycle_8,Прибыл_по_ЖД,Санкт-Петербург,Санкт-Петербург,40,3,16
2007-07-05,CRTU1937935,CRTU1937935_cycle_8,Отправлен_грузополучателю,Санкт-Петербург,Санкт-Петербург,40,0,16
2007-07-05,CRTU2093770,CRTU2093770_cycle_10,Отправлен_грузополучателю,Владивосток,Владивосток,40,3,31
2007-07-05,CRTU5834937,CRTU5834937_cycle_9,Прибыл_по_ЖД,Владивосток,Владивосток,20,14,11
2007-07-05,ERKU3112209,ERKU3112209_cycle_8,Отправлен_по_ЖД,Санкт-Петербург,Владивосток,20,2,25
2007-07-05,ERKU4123975,ERKU4123975_cycle_10,Передан_на_погрузку,Владивосток,Москва,40,0,41
2007-07-05,KNYU1773354,KNYU1773354_cycle_8,Прибыл_свободным,Владивосток,Владивосток,20,26,0
2007-07-05,KNYU7944727,KNYU7944727_cycle_11,Отправлен_грузополучателю,Владивосток,Владивосток,20,1,7
2007-07-05,STNU4510100,STNU4510100_cycle_10,Передан_на_погрузку,Санкт-Петербург,Москва,20,0,27
2007-07-05,STNU5088417,STNU5088417_cycle_9,Передан_на_погрузку,Москва,Санкт-Петербург,40,0,40
2007-07-05,TOWU2835826,TOWU2835826_cycle_7,Прибыл_свободным,Москва,Москва,40,17,0
2007-07-05,TOWU2835826,TOWU2835826_cycle_8,Передан_на_погрузку,Москва,Санкт-Петербург,40,0,25
2007-07-05,TOWU2835826,TOWU2835826_cycle_8,Прибыл_груженый,Москва,Санкт-Петербург,40,0,25
2007-07-05,TOWU6899546,TOWU6899546_cycle_9,Отправлен_по_ЖД,Москва,Владивосток,20,1,22
2007-07-05,WEDU7000544,WEDU7000544_cycle_9,Прибыл_по_ЖД,Владивосток,Владивосток,20,10,10
2007-07-06,BUTU7130462,BUTU7130462_cycle_9,Передан_на_погрузку,Санкт-Петербург,Владивосток,20,0,45
2007-07-06,CRTU5834937,CRTU5834937_cycle_9,Отправлен_грузополучателю,Владивосток,Владивосток,20,1,10
2007-07-06,STNU1402586,STNU1402586_cycle_10,Прибыл_свободным,Санкт-Петербург,Санкт-Петербург,20,24,0
2007-07-06,STNU9845862,STNU9845862_cycle_9,Передан_на_погрузку,Москва,Владивосток,40,0,31
2007-07-06,TIMU3656871,TIMU3656871_cycle_9,Передан_на_погрузку,Владивосток,Москва,20,0,43
2007-07-06,WEDU7000544,WEDU7000544_cycle_9,Отправлен_грузополучателю,Владивосток,Владивосток,20,1,9
2007-07-07,BUTU7130462,BUTU7130462_cycle_9,Прибыл_груженый,Санкт-Петербург,Владивосток,20,1,44
2007-07-07,KNYU3021654,KNYU3021654_cycle_11,Прибыл_груженый,Москва,Владивосток,40,7,39
2007-07-07,KNYU9630138,KNYU9630138_cycle_9,Прибыл_по_ЖД,Санкт-Петербург,Санкт-Петербург,20,18,23
2007-07-07,STNU3092282,STNU3092282_cycle_10,Прибыл_груженый,Санкт-Петербург,Владивосток,40,6,24
2007-07-07,TIMU6310893,TIMU6310893_cycle_11,Прибыл_свободным,Владивосток,Владивосток,40,3,0
2007-07-07,TIMU8887794,TIMU8887794_cycle_9,Прибыл_груженый,Владивосток,Москва,20,14,40
2007-07-07,TOWU2940273,TOWU2940273_cycle_10,Прибыл_по_ЖД,Владивосток,Владивосток,40,13,0
2007-07-07,TOWU2940273,TOWU2940273_cycle_10,Отправлен_грузополучателю,Владивосток,Владивосток,40,0,0
2007-07-07,TOWU2940273,TOWU2940273_cycle_10,Прибыл_свободным,Владивосток,Владивосток,40,0,0
2007-07-07,TOWU2984334,TOWU2984334_cycle_12,Прибыл_свободным,Москва,Москва,40,8,0
2007-07-08,BUTU7001309,BUTU7001309_cycle_10,Прибыл_по_ЖД,Владивосток,Владивосток,20,12,11
2007-07-08,BUTU7001309,BUTU7001309_cycle_10,Отправлен_грузополучателю,Владивосток,Владивосток,20,0,11
2007-07-08,KNYU3335859,KNYU3335859_cycle_9,Прибыл_свободным,Владивосток,Владивосток,20,20,0
2007-07-08,KNYU3335859,KNYU3335859_cycle_10,Передан_на_погрузку,Владивосток,Москва,20,0,25
2007-07-08,TIMU5165088,TIMU5165088_cycle_9,Прибыл_свободным,Владивосток,Владивосток,40,29,0
2007-07-08,WEDU6874585,WEDU6874585_cycle_9,Прибыл_груженый,Москва,Санкт-Петербург,20,19,20
2007-07-08,WEDU6876299,WEDU6876299_cycle_10,Прибыл_по_ЖД,Владивосток,Владивосток,20,19,22
2007-07-09,BUTU1300953,BUTU1300953_cycle_9,Прибыл_по_ЖД,Санкт-Петербург,Санкт-Петербург,40,16,21
2007-07-09,BUTU7130462,BUTU7130462_cycle_9,Отправлен_по_ЖД,Санкт-Петербург,Владивосток,20,2,42
2007-07-09,ERKU8324044,ERKU8324044_cycle_9,Прибыл_свободным,Москва,Москва,40,16,0
2007-07-09,TIMU8887794,TIMU8887794_cycle_9,Отправлен_по_ЖД,Владивосток,Москва,20,2,38
2007-07-09,TOWU2835826,TOWU2835826_cycle_8,Отправлен_по_ЖД,Москва,Санкт-Петербург,40,4,21
2007-07-09,TOWU8351331,TOWU8351331_cycle_8,Прибыл_свободным,Москва,Москва,20,13,0
2007-07-09,TOWU9892746,TOWU9892746_cycle_11,Передан_на_погрузку,Санкт-Петербург,Владивосток,40,0,52
2007-07-10,BUTU1300953,BUTU1300953_cycle_9,Отправлен_грузополучателю,Санкт-Петербург,Санкт-Петербург,40,1,20
2007-07-10,CRTU3557001,CRTU3557001_cycle_9,Прибыл_свободным,Москва,Москва,20,8,0
2007-07-10,KNYU3021654,KNYU3021654_cycle_11,Отправлен_по_ЖД,Москва,Владивосток,40,3,36
2007-07-10,KNYU6970613,KNYU6970613_cycle_11,Прибыл_по_ЖД,Владивосток,Владивосток,20,14,5
2007-07-10,KNYU9630138,KNYU9630138_cycle_9,Отправлен_грузополучателю,Санкт-Петербург,Санкт-Петербург,20,3,20
2007-07-10,STNU3092282,STNU3092282_cycle_10,Отправлен_по_ЖД,Санкт-Петербург,Владивосток,40,3,21
2007-07-10,TIMU3137493,TIMU3137493_cycle_10,Прибыл_свободным,Санкт-Петербург,Санкт-Петербург,40,6,0
2007-07-10,TOWU2835826,TOWU2835826_cycle_8,Прибыл_по_ЖД,Санкт-Петербург,Санкт-Петербург,40,1,20
2007-07-10,WEDU6874585,WEDU6874585_cycle_9,Отправлен_по_ЖД,Москва,Санкт-Петербург,20,2,18
2007-07-10,WEDU6874585,WEDU6874585_cycle_9,Прибыл_по_ЖД,Санкт-Петербург,Санкт-Петербург,20,0,18
2007-07-10,WEDU6876299,WEDU6876299_cycle_10,Отправлен_грузополучателю,Владивосток,Владивосток,20,2,20
2007-07-11,CRTU2183954,CRTU2183954_cycle_10,Передан_на_погрузку,Москва,Санкт-Петербург,40,0,13
2007-07-11,CRTU2183954,CRTU2183954_cycle_10,Прибыл_груженый,Москва,Санкт-Петербург,40,0,13
2007-07-11,CRTU3557001,CRTU3557001_cycle_10,Передан_на_погрузку,Москва,Санкт-Петербург,20,0,41
2007-07-11,CRTU8128829,CRTU8128829_cycle_12,Прибыл_свободным,Владивосток,Владивосток,20,14,0
2007-07-11,STNU2517447,STNU2517447_cycle_10,Прибыл_по_ЖД,Москва,Москва,40,12,22
2007-07-11,STNU4919514,STNU4919514_cycle_10,Передан_на_погрузку,Владивосток,Москва,40,0,43
2007-07-11,STNU9845862,STNU9845862_cycle_9,Прибыл_груженый,Москва,Владивосток,40,5,26
2007-07-11,TIMU7736033,TIMU7736033_cycle_8,Прибыл_груженый,Владивосток,Москва,20,16,42
2007-07-11,TOWU7931879,TOWU7931879_cycle_10,Прибыл_свободным,Санкт-Петербург,Санкт-Петербург,40,17,0
2007-07-11,TOWU7931879,TOWU7931879_cycle_11,Передан_на_погрузку,Санкт-Петербург,Москва,40,0,13
2007-07-11,WEDU2249581,WEDU2249581_cycle_10,Передан_на_погрузку,Санкт-Петербург,Владивосток,20,0,49
2007-07-11,WEDU2383938,WEDU2383938_cycle_9,Прибыл_по_ЖД,Владивосток,Владивосток,20,19,3
2007-07-11,WEDU8568487,WEDU8568487_cycle_12,Прибыл_свободным,Санкт-Петербург,Санкт-Петербург,40,18,0
2007-07-12,BUTU9513169,BUTU9513169_cycle_11,Прибыл_груженый,Санкт-Петербург,Москва,40,9,11
2007-07-12,KNYU1033833,KNYU1033833_cycle_9,Прибыл_по_ЖД,Владивосток,Владивосток,40,12,22
2007-07-12,KNYU6970613,KNYU6970613_cycle_11,Отправлен_грузополучателю,Владивосток,Владивосток,20,2,3
2007-07-12,KNYU7944727,KNYU7944727_cycle_11,Прибыл_свободным,Владивосток,Владивосток,20,7,0
2007-07-12,KNYU8173059,KNYU8173059_cycle_11,Прибыл_по_ЖД,Владивосток,Владивосток,20,15,21
2007-07-12,TOWU3611630,TOWU3611630_cycle_9,Прибыл_свободным,Санкт-Петербург,Санкт-Петербург,40,27,0
2007-07-12,WEDU6874585,WEDU6874585_cycle_9,Отправлен_грузополучателю,Санкт-Петербург,Санкт-Петербург,20,2,16
2007-07-13,ERKU8281105,ERKU8281105_cycle_9,Передан_на_погрузку,Владивосток,Москва,40,0,24
2007-07-13,KNYU5786200,KNYU5786200_cycle_9,Передан_на_погрузку,Москва,Санкт-Петербург,20,0,27
2007-07-13,KNYU8173059,KNYU8173059_cycle_11,Отправлен_грузополучателю,Владивосток,Владивосток,20,1,20
2007-07-13,STNU9845862,STNU9845862_cycle_9,Отправлен_по_ЖД,Москва,Владивосток,40,2,24
2007-07-13,TIMU7736033,TIMU7736033_cycle_8,Отправлен_по_ЖД,Владивосток,Москва,20,2,40
2007-07-13,TOWU2835826,TOWU2835826_cycle_8,Отправлен_грузополучателю,Санкт-Петербург,Санкт-Петербург,40,3,17
2007-07-13,TOWU5842316,TOWU5842316_cycle_11,Прибыл_свободным,Москва,Москва,40,21,0
2007-07-13,TOWU8161314,TOWU8161314_cycle_9,Прибыл_по_ЖД,Санкт-Петербург,Санкт-Петербург,20,16,25
2007-07-13,TOWU8161314,TOWU8161314_cycle_9,Отправлен_грузополучателю,Санкт-Петербург,Санкт-Петербург,20,0,25
2007-07-14,CRTU1167966,CRTU1167966_cycle_10,Передан_на_погрузку,Владивосток,Москва,40,0,32
2007-07-14,CRTU1521773,CRTU1521773_cycle_8,Прибыл_груженый,Санкт-Петербург,Владивосток,20,13,15
2007-07-14,CRTU1521773,CRTU1521773_cycle_8,Отправлен_по_ЖД,Санкт-Петербург,Владивосток,20,0,15
2007-07-14,ERKU5435191,ERKU5435191_cycle_8,Прибыл_свободным,Москва,Москва,20,17,0
2007-07-14,KNYU1033833,KNYU1033833_cycle_9,Отправлен_грузополучателю,Владивосток,Владивосток,40,2,20
2007-07-14,KNYU5372067,KNYU5372067_cycle_10,Передан_на_погрузку,Москва,Санкт-Петербург,40,0,11
2007-07-14,KNYU6806102,KNYU6806102_cycle_9,Передан_на_погрузку,Москва,Владивосток,20,0,29
2007-07-14,STNU2517447,STNU2517447_cycle_10,Отправлен_грузополучателю,Москва,Москва,40,3,19
2007-07-14,TIMU7964806,TIMU7964806_cycle_8,Прибыл_по_ЖД,Владивосток,Владивосток,40,15,11
2007-07-14,WEDU2383938,WEDU2383938_cycle_9,Отправлен_грузополучателю,Владивосток,Владивосток,20,3,0
2007-07-14,WEDU2383938,WEDU2383938_cycle_9,Прибыл_свободным,Владивосток,Владивосток,20,0,0
2007-07-15,BUTU7079823,BUTU7079823_cycle_11,Передан_на_погрузку,Санкт-Петербург,Владивосток,20,0,35
2007-07-15,BUTU9513169,BUTU9513169_cycle_11,Отправлен_по_ЖД,Санкт-Петербург,Москва,40,3,8
2007-07-15,BUTU9513169,BUTU9513169_cycle_11,Прибыл_по_ЖД,Москва,Москва,40,0,8
2007-07-15,CRTU2183954,CRTU2183954_cycle_10,Отправлен_по_ЖД,Москва,Санкт-Петербург,40,4,9
2007-07-15,CRTU2183954,CRTU2183954_cycle_10,Прибыл_по_ЖД,Санкт-Петербург,Санкт-Петербург,40,0,9
2007-07-15,ERKU3123425,ERKU3123425_cycle_10,Прибыл_груженый,Владивосток,Москва,20,18,25
2007-07-15,KNYU6970613,KNYU6970613_cycle_11,Прибыл_свободным,Владивосток,Владивосток,20,3,0
2007-07-15,STNU9767317,STNU9767317_cycle_10,Прибыл_свободным,Санкт-Петербург,Санкт-Петербург,20,16,0
2007-07-15,TIMU5293271,TIMU5293271_cycle_11,Передан_на_погрузку,Москва,Санкт-Петербург,20,0,37
2007-07-15,TOWU9896330,TOWU9896330_cycle_9,Прибыл_по_ЖД,Владивосток,Владивосток,40,12,9
2007-07-15,WEDU2249581,WEDU2249581_cycle_10,Прибыл_груженый,Санкт-Петербург,Владивосток,20,4,45
2007-07-15,WEDU7000544,WEDU7000544_cycle_9,Прибыл_свободным,Владивосток,Владивосток,20,9,0
2007-07-15,WEDU7707795,WEDU7707795_cycle_10,Прибыл_свободным,Санкт-Петербург,Санкт-Петербург,40,11,0
2007-07-15,WEDU7707795,WEDU7707795_cycle_11,Передан_на_погрузку,Санкт-Петербург,Владивосток,40,0,33
2007-07-15,WEDU9910122,WEDU9910122_cycle_9,Прибыл_свободным,Санкт-Петербург,Санкт-Петербург,40,23,0
2007-07-16,CRTU2183954,CRTU2183954_cycle_10,Отправлен_грузополучателю,Санкт-Петербург,Санкт-Петербург,40,1,8
2007-07-16,CRTU5834937,CRTU5834937_cycle_9,Прибыл_свободным,Владивосток,Владивосток,20,10,0
2007-07-16,ERKU5797068,ERKU5797068_cycle_10,Передан_на_погрузку,Москва,Владивосток,40,0,49
2007-07-16,KNYU5786200,KNYU5786200_cycle_9,Прибыл_груженый,Москва,Санкт-Петербург,20,3,24
2007-07-16,STNU6396019,STNU6396019_cycle_10,Прибыл_свободным,Владивосток,Владивосток,40,15,0
2007-07-16,TIMU7964806,TIMU7964806_cycle_8,Отправлен_грузополучателю,Владивосток,Владивосток,40,2,9
2007-07-16,TIMU9543550,TIMU9543550_cycle_12,Прибыл_свободным,Москва,Москва,40,14,0
2007-07-16,TOWU5892461,TOWU5892461_cycle_9,Прибыл_груженый,Владивосток,Москва,40,12,12
2007-07-16,TOWU9896330,TOWU9896330_cycle_9,Отправлен_грузополучателю,Владивосток,Владивосток,40,1,8
2007-07-17,BUTU2391445,BUTU2391445_cycle_10,Прибыл_по_ЖД,Владивосток,Владивосток,20,18,17
2007-07-17,ERKU3123425,ERKU3123425_cycle_10,Отправлен_по_ЖД,Владивосток,Москва,20,2,23
2007-07-17,ERKU4123975,ERKU4123975_cycle_10,Прибыл_груженый,Владивосток,Москва,40,12,29
2007-07-17,KNYU3335859,KNYU3335859_cycle_10,Прибыл_груженый,Владивосток,Москва,20,9,16
2007-07-17,KNYU8798891,KNYU8798891_cycle_9,Прибыл_груженый,Санкт-Петербург,Москва,20,24,48
2007-07-17,STNU4510100,STNU4510100_cycle_10,Прибыл_груженый,Санкт-Петербург,Москва,20,12,15
2007-07-17,TOWU5892461,TOWU5892461_cycle_9,Отправлен_по_ЖД,Владивосток,Москва,40,1,11
2007-07-17,TOWU6899546,TOWU6899546_cycle_9,Прибыл_по_ЖД,Владивосток,Владивосток,20,12,10
2007-07-17,WEDU2249581,WEDU2249581_cycle_10,Отправлен_по_ЖД,Санкт-Петербург,Владивосток,20,2,43
2007-07-17,WEDU5817433,WEDU5817433_cycle_10,Прибыл_по_ЖД,Москва,Москва,20,13,22
2007-07-18,BUTU9513169,BUTU9513169_cycle_11,Отправлен_грузополучателю,Москва,Москва,40,3,5
2007-07-18,ERKU4123975,ERKU4123975_cycle_10,Отправлен_по_ЖД,Владивосток,Москва,40,1,28
2007-07-18,KNYU3335859,KNYU3335859_cycle_10,Отправлен_по_ЖД,Владивосток,Москва,20,1,15
2007-07-18,KNYU3537798,KNYU3537798_cycle_11,Прибыл_свободным,Владивосток,Владивосток,20,21,0
2007-07-18,KNYU5786200,KNYU5786200_cycle_9,Отправлен_по_ЖД,Москва,Санкт-Петербург,20,2,22
2007-07-18,KNYU5786200,KNYU5786200_cycle_9,Прибыл_по_ЖД,Санкт-Петербург,Санкт-Петербург,20,0,22
2007-07-18,TIMU8061928,TIMU8061928_cycle_8,Прибыл_свободным,Санкт-Петербург,Санкт-Петербург,20,22,0
2007-07-18,TOWU7931879,TOWU7931879_cycle_11,Прибыл_груженый,Санкт-Петербург,Москва,40,7,6
2007-07-19,BUTU7001309,BUTU7001309_cycle_10,Прибыл_свободным,Владивосток,Владивосток,20,11,0
2007-07-19,CRTU3557936,CRTU3557936_cycle_9,Прибыл_свободным,Санкт-Петербург,Санкт-Петербург,20,28,0
2007-07-19,ERKU3112209,ERKU3112209_cycle_8,Прибыл_по_ЖД,Владивосток,Владивосток,20,14,11
2007-07-19,ERKU3112209,ERKU3112209_cycle_8,Отправлен_грузополучателю,Владивосток,Владивосток,20,0,11
2007-07-19,KNYU1824938,KNYU1824938_cycle_12,Прибыл_свободным,Москва,Москва,20,15,0
2007-07-19,KNYU5786200,KNYU5786200_cycle_9,Отправлен_грузополучателю,Санкт-Петербург,Санкт-Петербург,20,1,21
2007-07-19,STNU5088417,STNU5088417_cycle_9,Прибыл_груженый,Москва,Санкт-Петербург,40,14,26
2007-07-19,TIMU3656871,TIMU3656871_cycle_9,Прибыл_груженый,Владивосток,Москва,20,13,30
2007-07-19,TOWU6899546,TOWU6899546_cycle_9,Отправлен_грузополучателю,Владивосток,Владивосток,20,2,8
2007-07-19,TOWU7931879,TOWU7931879_cycle_11,Отправлен_по_ЖД,Санкт-Петербург,Москва,40,1,5
2007-07-19,WEDU5817433,WEDU5817433_cycle_10,Отправлен_грузополучателю,Москва,Москва,20,2,20
2007-07-20,BUTU2391445,BUTU2391445_cycle_10,Отправлен_грузополучателю,Владивосток,Владивосток,20,3,14
2007-07-20,STNU2356703,STNU2356703_cycle_8,Прибыл_свободным,Санкт-Петербург,Санкт-Петербург,40,37,0
2007-07-20,STNU4510100,STNU4510100_cycle_10,Отправлен_по_ЖД,Санкт-Петербург,Москва,20,3,12
2007-07-20,STNU4510100,STNU4510100_cycle_10,Прибыл_по_ЖД,Москва,Москва,20,0,12
2007-07-20,TIMU8887794,TIMU8887794_cycle_9,Прибыл_по_ЖД,Москва,Москва,20,11,27
2007-07-20,TOWU7808384,TOWU7808384_cycle_8,Прибыл_свободным,Владивосток,Владивосток,40,30,0
2007-07-20,TOWU7808384,TOWU7808384_cycle_9,Передан_на_погрузку,Владивосток,Москва,40,0,37
2007-07-21,CRTU1937935,CRTU1937935_cycle_8,Прибыл_свободным,Санкт-Петербург,Санкт-Петербург,40,16,0
2007-07-21,ERKU3509749,ERKU3509749_cycle_10,Передан_на_погрузку,Москва,Санкт-Петербург,20,0,25
2007-07-21,STNU4510100,STNU4510100_cycle_10,Отправлен_грузополучателю,Москва,Москва,20,1,11
2007-07-21,TIMU3656871,TIMU3656871_cycle_9,Отправлен_по_ЖД,Владивосток,Москва,20,2,28
2007-07-21,TIMU5293271,TIMU5293271_cycle_11,Прибыл_груженый,Москва,Санкт-Петербург,20,6,31
2007-07-21,TIMU8887794,TIMU8887794_cycle_9,Отправлен_грузополучателю,Москва,Москва,20,1,26
2007-07-21,TOWU9892746,TOWU9892746_cycle_11,Прибыл_груженый,Санкт-Петербург,Владивосток,40,12,40
2007-07-22,CRTU8114609,CRTU8114609_cycle_11,Прибыл_свободным,Санкт-Петербург,Санкт-Петербург,20,19,0
2007-07-22,ERKU5797068,ERKU5797068_cycle_10,Прибыл_груженый,Москва,Владивосток,40,6,43
2007-07-22,KNYU5372067,KNYU5372067_cycle_10,Прибыл_груженый,Москва,Санкт-Петербург,40,8,3
2007-07-22,KNYU5372067,KNYU5372067_cycle_10,Отправлен_по_ЖД,Москва,Санкт-Петербург,40,0,3
2007-07-22,KNYU5372067,KNYU5372067_cycle_10,Прибыл_по_ЖД,Санкт-Петербург,Санкт-Петербург,40,0,3
2007-07-22,KNYU6806102,KNYU6806102_cycle_9,Прибыл_груженый,Москва,Владивосток,20,8,21
2007-07-22,KNYU6806102,KNYU6806102_cycle_9,Отправлен_по_ЖД,Москва,Владивосток,20,0,21
2007-07-22,KNYU8798891,KNYU8798891_cycle_9,Отправлен_по_ЖД,Санкт-Петербург,Москва,20,5,43
2007-07-22,STNU5088417,STNU5088417_cycle_9,Отправлен_по_ЖД,Москва,Санкт-Петербург,40,3,23
2007-07-22,STNU5088417,STNU5088417_cycle_9,Прибыл_по_ЖД,Санкт-Петербург,Санкт-Петербург,40,0,23
2007-07-22,STNU5088417,STNU5088417_cycle_9,Отправлен_грузополучателю,Санкт-Петербург,Санкт-Петербург,40,0,23
2007-07-22,STNU9845862,STNU9845862_cycle_9,Прибыл_по_ЖД,Владивосток,Владивосток,40,9,15
2007-07-22,TIMU5293271,TIMU5293271_cycle_11,Отправлен_по_ЖД,Москва,Санкт-Петербург,20,1,30
2007-07-22,TIMU5293271,TIMU5293271_cycle_11,Прибыл_по_ЖД,Санкт-Петербург,Санкт-Петербург,20,0,30
2007-07-22,TIMU6180706,TIMU6180706_cycle_11,Передан_на_погрузку,Москва,Владивосток,40,0,45
2007-07-22,TIMU8010374,TIMU8010374_cycle_9,Прибыл_по_ЖД,Санкт-Петербург,Санкт-Петербург,20,18,10
2007-07-22,TOWU2940273,TOWU2940273_cycle_11,Передан_на_погрузку,Владивосток,Москва,40,0,60
2007-07-22,TOWU9892746,TOWU9892746_cycle_11,Отправлен_по_ЖД,Санкт-Петербург,Владивосток,40,1,39
2007-07-23,BUTU9513169,BUTU9513169_cycle_11,Прибыл_свободным,Москва,Москва,40,5,0
2007-07-23,CRTU3557001,CRTU3557001_cycle_10,Прибыл_груженый,Москва,Санкт-Петербург,20,12,29
2007-07-23,ERKU5797068,ERKU5797068_cycle_10,Отправлен_по_ЖД,Москва,Владивосток,40,1,42
2007-07-23,ERKU8281105,ERKU8281105_cycle_9,Прибыл_груженый,Владивосток,Москва,40,10,14
2007-07-23,KNYU3021654,KNYU3021654_cycle_11,Прибыл_по_ЖД,Владивосток,Владивосток,40,13,23
2007-07-23,STNU9845862,STNU9845862_cycle_9,Отправлен_грузополучателю,Владивосток,Владивосток,40,1,14
2007-07-23,TIMU3631350,TIMU3631350_cycle_8,Прибыл_груженый,Владивосток,Санкт-Петербург,20,21,30
2007-07-23,TIMU8010374,TIMU8010374_cycle_9,Отправлен_грузополучателю,Санкт-Петербург,Санкт-Петербург,20,1,9
2007-07-23,TOWU7931879,TOWU7931879_cycle_11,Прибыл_по_ЖД,Москва,Москва,40,4,1
2007-07-23,TOWU7931879,TOWU7931879_cycle_11,Отправлен_грузополучателю,Москва,Москва,40,0,1
2007-07-23,TOWU8381849,TOWU8381849_cycle_8,Прибыл_свободным,Санкт-Петербург,Санкт-Петербург,20,28,0
2007-07-24,CRTU1167966,CRTU1167966_cycle_10,Прибыл_груженый,Владивосток,Москва,40,10,22
2007-07-24,CRTU2183954,CRTU2183954_cycle_10,Прибыл_свободным,Санкт-Петербург,Санкт-Петербург,40,8,0
2007-07-24,CRTU3557001,CRTU3557001_cycle_10,Отправлен_по_ЖД,Москва,Санкт-Петербург,20,1,28
2007-07-24,ERKU8281105,ERKU8281105_cycle_9,Отправлен_по_ЖД,Владивосток,Москва,40,1,13
2007-07-24,KNYU5372067,KNYU5372067_cycle_10,Отправлен_грузополучателю,Санкт-Петербург,Санкт-Петербург,40,2,1
2007-07-24,STNU3092282,STNU3092282_cycle_10,Прибыл_по_ЖД,Владивосток,Владивосток,40,14,7
2007-07-24,STNU3092282,STNU3092282_cycle_10,Отправлен_грузополучателю,Владивосток,Владивосток,40,0,7
2007-07-24,STNU4919514,STNU4919514_cycle_10,Прибыл_груженый,Владивосток,Москва,40,13,30
2007-07-24,TIMU6310893,TIMU6310893_cycle_12,Передан_на_погрузку,Владивосток,Москва,40,0,50
2007-07-24,TIMU8061928,TIMU8061928_cycle_9,Передан_на_погрузку,Санкт-Петербург,Москва,20,0,42
2007-07-24,TOWU7931879,TOWU7931879_cycle_11,Прибыл_свободным,Москва,Москва,40,1,0
2007-07-24,TOWU9896330,TOWU9896330_cycle_9,Прибыл_свободным,Владивосток,Владивосток,40,8,0
2007-07-25,BUTU4321000,BUTU4321000_cycle_12,Передан_на_погрузку,Москва,Санкт-Петербург,40,0,14
2007-07-25,BUTU7130462,BUTU7130462_cycle_9,Прибыл_по_ЖД,Владивосток,Владивосток,20,16,26
2007-07-25,BUTU7130462,BUTU7130462_cycle_9,Отправлен_грузополучателю,Владивосток,Владивосток,20,0,26
2007-07-25,CRTU1167966,CRTU1167966_cycle_10,Отправлен_по_ЖД,Владивосток,Москва,40,1,21
2007-07-25,CRTU1715325,CRTU1715325_cycle_10,Прибыл_свободным,Москва,Москва,40,20,0
2007-07-25,KNYU3021654,KNYU3021654_cycle_11,Отправлен_грузополучателю,Владивосток,Владивосток,40,2,21
2007-07-25,KNYU5372067,KNYU5372067_cycle_10,Прибыл_свободным,Санкт-Петербург,Санкт-Петербург,40,1,0
2007-07-25,KNYU6970613,KNYU6970613_cycle_12,Передан_на_погрузку,Владивосток,Санкт-Петербург,20,0,48
2007-07-25,KNYU6970613,KNYU6970613_cycle_12,Прибыл_груженый,Владивосток,Санкт-Петербург,20,0,48
2007-07-25,TIMU3631350,TIMU3631350_cycle_8,Отправлен_по_ЖД,Владивосток,Санкт-Петербург,20,2,28
2007-07-25,TIMU7736033,TIMU7736033_cycle_8,Прибыл_по_ЖД,Москва,Москва,20,12,28
2007-07-25,TIMU7964806,TIMU7964806_cycle_8,Прибыл_свободным,Владивосток,Владивосток,40,9,0
2007-07-25,WEDU2383938,WEDU2383938_cycle_10,Передан_на_погрузку,Владивосток,Москва,20,0,47
2007-07-25,WEDU7707795,WEDU7707795_cycle_11,Прибыл_груженый,Санкт-Петербург,Владивосток,40,10,23
2007-07-26,ERKU3123425,ERKU3123425_cycle_10,Прибыл_по_ЖД,Москва,Москва,20,9,14
2007-07-26,KNYU8798891,KNYU8798891_cycle_9,Прибыл_по_ЖД,Москва,Москва,20,4,39
2007-07-26,TIMU5293271,TIMU5293271_cycle_11,Отправлен_грузополучателю,Санкт-Петербург,Санкт-Петербург,20,4,26
2007-07-26,TIMU7736033,TIMU7736033_cycle_8,Отправлен_грузополучателю,Москва,Москва,20,1,27
2007-07-26,WEDU7707795,WEDU7707795_cycle_11,Отправлен_по_ЖД,Санкт-Петербург,Владивосток,40,1,22
2007-07-27,CRTU6264170,CRTU6264170_cycle_11,Передан_на_погрузку,Москва,Санкт-Петербург,40,0,19
2007-07-27,KNYU6970613,KNYU6970613_cycle_12,Отправлен_по_ЖД,Владивосток,Санкт-Петербург,20,2,46
2007-07-27,KNYU8798891,KNYU8798891_cycle_9,Отправлен_грузополучателю,Москва,Москва,20,1,38
2007-07-27,STNU4919514,STNU4919514_cycle_10,Отправлен_по_ЖД,Владивосток,Москва,40,3,27
2007-07-27,TIMU6180706,TIMU6180706_cycle_11,Прибыл_груженый,Москва,Владивосток,40,5,40
2007-07-27,TOWU5892461,TOWU5892461_cycle_9,Прибыл_по_ЖД,Москва,Москва,40,10,1
2007-07-27,TOWU6899546,TOWU6899546_cycle_9,Прибыл_свободным,Владивосток,Владивосток,20,8,0
2007-07-28,BUTU7079823,BUTU7079823_cycle_11,Прибыл_груженый,Санкт-Петербург,Владивосток,20,13,22
2007-07-28,CRTU1521773,CRTU1521773_cycle_8,Прибыл_по_ЖД,Владивосток,Владивосток,20,14,1
2007-07-28,CRTU1521773,CRTU1521773_cycle_8,Отправлен_грузополучателю,Владивосток,Владивосток,20,0,1
2007-07-28,CRTU3557001,CRTU3557001_cycle_10,Прибыл_по_ЖД,Санкт-Петербург,Санкт-Петербург,20,4,24
2007-07-28,CRTU3557936,CRTU3557936_cycle_10,Передан_на_погрузку,Санкт-Петербург,Владивосток,20,0,30
2007-07-28,ERKU3123425,ERKU3123425_cycle_10,Отправлен_грузополучателю,Москва,Москва,20,2,12
2007-07-28,ERKU8324044,ERKU8324044_cycle_10,Передан_на_погрузку,Москва,Владивосток,40,0,53
2007-07-28,KNYU1437543,KNYU1437543_cycle_11,Передан_на_погрузку,Владивосток,Москва,20,0,31
2007-07-28,TIMU6180706,TIMU6180706_cycle_11,Отправлен_по_ЖД,Москва,Владивосток,40,1,39
2007-07-28,TOWU5892461,TOWU5892461_cycle_9,Отправлен_грузополучателю,Москва,Москва,40,1,0
2007-07-28,TOWU5892461,TOWU5892461_cycle_9,Прибыл_свободным,Москва,Москва,40,0,0
2007-07-28,WEDU4651205,WEDU4651205_cycle_10,Прибыл_свободным,Владивосток,Владивосток,20,25,0
2007-07-28,WEDU6102098,WEDU6102098_cycle_9,Передан_на_погрузку,Владивосток,Москва,20,0,53
2007-07-28,WEDU6874585,WEDU6874585_cycle_9,Прибыл_свободным,Санкт-Петербург,Санкт-Петербург,20,16,0
2007-07-29,BUTU7079823,BUTU7079823_cycle_11,Отправлен_по_ЖД,Санкт-Петербург,Владивосток,20,1,21
2007-07-29,CRTU1521773,CRTU1521773_cycle_8,Прибыл_свободным,Владивосток,Владивосток,20,1,0
2007-07-29,CRTU3557001,CRTU3557001_cycle_10,Отправлен_грузополучателю,Санкт-Петербург,Санкт-Петербург,20,1,23
2007-07-29,TIMU8250428,TIMU8250428_cycle_11,Передан_на_погрузку,Москва,Владивосток,20,0,28
2007-07-29,TIMU8250428,TIMU8250428_cycle_11,Прибыл_груженый,Москва,Владивосток,20,0,28
2007-07-29,WEDU4651205,WEDU4651205_cycle_11,Передан_на_погрузку,Владивосток,Москва,20,0,28
2007-07-29,WEDU8568487,WEDU8568487_cycle_13,Передан_на_погрузку,Санкт-Петербург,Владивосток,40,0,60
2007-07-30,BUTU1300953,BUTU1300953_cycle_9,Прибыл_свободным,Санкт-Петербург,Санкт-Петербург,40,20,0
2007-07-30,ERKU3112209,ERKU3112209_cycle_8,Прибыл_свободным,Владивосток,Владивосток,20,11,0
2007-07-30,ERKU8324044,ERKU8324044_cycle_10,Прибыл_груженый,Москва,Владивосток,40,2,51
2007-07-30,KNYU3335859,KNYU3335859_cycle_10,Прибыл_по_ЖД,Москва,Москва,20,12,3
2007-07-30,KNYU9630138,KNYU9630138_cycle_9,Прибыл_свободным,Санкт-Петербург,Санкт-Петербург,20,20,0
2007-07-30,TIMU8250428,TIMU8250428_cycle_11,Отправлен_по_ЖД,Москва,Владивосток,20,1,27
2007-07-30,TOWU2835826,TOWU2835826_cycle_8,Прибыл_свободным,Санкт-Петербург,Санкт-Петербург,40,17,0
2007-07-30,WEDU6876299,WEDU6876299_cycle_10,Прибыл_свободным,Владивосток,Владивосток,20,20,0
2007-07-31,CRTU1937935,CRTU1937935_cycle_9,Передан_на_погрузку,Санкт-Петербург,Владивосток,40,0,42
2007-07-31,STNU3092282,STNU3092282_cycle_10,Прибыл_свободным,Владивосток,Владивосток,40,7,0
2007-08-01,CRTU1715325,CRTU1715325_cycle_11,Передан_на_погрузку,Москва,Санкт-Петербург,40,0,40
2007-08-01,CRTU8128829,CRTU8128829_cycle_13,Передан_на_погрузку,Владивосток,Санкт-Петербург,20,0,35
2007-08-01,ERKU8324044,ERKU8324044_cycle_10,Отправлен_по_ЖД,Москва,Владивосток,40,2,49
2007-08-01,KNYU1437543,KNYU1437543_cycle_11,Прибыл_груженый,Владивосток,Москва,20,4,27
2007-08-01,KNYU9630138,KNYU9630138_cycle_10,Передан_на_погрузку,Санкт-Петербург,Владивосток,20,0,39
2007-08-01,KNYU9683883,KNYU9683883_cycle_12,Передан_на_погрузку,Санкт-Петербург,Владивосток,20,0,44
2007-08-01,STNU4510100,STNU4510100_cycle_10,Прибыл_свободным,Москва,Москва,20,11,0
2007-08-01,TIMU8010374,TIMU8010374_cycle_9,Прибыл_свободным,Санкт-Петербург,Санкт-Петербург,20,9,0
2007-08-01,TIMU8010374,TIMU8010374_cycle_10,Передан_на_погрузку,Санкт-Петербург,Москва,20,0,14
2007-08-02,BUTU8954572,BUTU8954572_cycle_8,Прибыл_свободным,Москва,Москва,40,30,0
2007-08-02,CRTU6264170,CRTU6264170_cycle_11,Прибыл_груженый,Москва,Санкт-Петербург,40,6,13
2007-08-02,ERKU4123975,ERKU4123975_cycle_10,Прибыл_по_ЖД,Москва,Москва,40,15,13
2007-08-02,ERKU4123975,ERKU4123975_cycle_10,Отправлен_грузополучателю,Москва,Москва,40,0,13
2007-08-02,KNYU3335859,KNYU3335859_cycle_10,Отправлен_грузополучателю,Москва,Москва,20,3,0
2007-08-02,KNYU3335859,KNYU3335859_cycle_10,Прибыл_свободным,Москва,Москва,20,0,0
2007-08-02,KNYU8173059,KNYU8173059_cycle_11,Прибыл_свободным,Владивосток,Владивосток,20,20,0
2007-08-02,STNU2517447,STNU2517447_cycle_10,Прибыл_свободным,Москва,Москва,40,19,0
2007-08-02,STNU9767317,STNU9767317_cycle_11,Передан_на_погрузку,Санкт-Петербург,Москва,20,0,59
2007-08-03,BUTU2391445,BUTU2391445_cycle_10,Прибыл_свободным,Владивосток,Владивосток,20,14,0
2007-08-03,CRTU6264170,CRTU6264170_cycle_11,Отправлен_по_ЖД,Москва,Санкт-Петербург,40,1,12
2007-08-03,CRTU6264170,CRTU6264170_cycle_11,Прибыл_по_ЖД,Санкт-Петербург,Санкт-Петербург,40,0,12
2007-08-03,KNYU1033833,KNYU1033833_cycle_9,Прибыл_свободным,Владивосток,Владивосток,40,20,0
2007-08-03,KNYU4619290,KNYU4619290_cycle_11,Передан_на_погрузку,Москва,Владивосток,40,0,45
2007-08-03,KNYU6806102,KNYU6806102_cycle_9,Прибыл_по_ЖД,Владивосток,Владивосток,20,12,9
2007-08-03,KNYU9683883,KNYU9683883_cycle_12,Прибыл_груженый,Санкт-Петербург,Владивосток,20,2,42
2007-08-03,STNU3092282,STNU3092282_cycle_11,Передан_на_погрузку,Владивосток,Москва,40,0,38
2007-08-03,TIMU1636645,TIMU1636645_cycle_8,Прибыл_свободным,Санкт-Петербург,Санкт-Петербург,20,38,0
2007-08-03,WEDU2249581,WEDU2249581_cycle_10,Прибыл_по_ЖД,Владивосток,Владивосток,20,17,26
2007-08-04,KNYU1437543,KNYU1437543_cycle_11,Отправлен_по_ЖД,Владивосток,Москва,20,3,24
2007-08-04,TIMU6310893,TIMU6310893_cycle_12,Прибыл_груженый,Владивосток,Москва,40,11,39
2007-08-04,TOWU3611630,TOWU3611630_cycle_10,Передан_на_погрузку,Санкт-Петербург,Владивосток,40,0,42
2007-08-04,WEDU2249581,WEDU2249581_cycle_10,Отправлен_грузополучателю,Владивосток,Владивосток,20,1,25
2007-08-05,BUTU4321000,BUTU4321000_cycle_12,Прибыл_груженый,Москва,Санкт-Петербург,40,11,3
2007-08-05,CRTU2093770,CRTU2093770_cycle_10,Прибыл_свободным,Владивосток,Владивосток,40,31,0
2007-08-05,CRTU6264170,CRTU6264170_cycle_11,Отправлен_грузополучателю,Санкт-Петербург,Санкт-Петербург,40,2,10
2007-08-05,ERKU5797068,ERKU5797068_cycle_10,Прибыл_по_ЖД,Владивосток,Владивосток,40,13,29
2007-08-05,ERKU8281105,ERKU8281105_cycle_9,Прибыл_по_ЖД,Москва,Москва,40,12,1
2007-08-05,KNYU6806102,KNYU6806102_cycle_9,Отправлен_грузополучателю,Владивосток,Владивосток,20,2,7
2007-08-05,KNYU9630138,KNYU9630138_cycle_10,Прибыл_груженый,Санкт-Петербург,Владивосток,20,4,35
2007-08-05,TIMU8010374,TIMU8010374_cycle_10,Прибыл_груженый,Санкт-Петербург,Москва,20,4,10
2007-08-05,WEDU2383938,WEDU2383938_cycle_10,Прибыл_груженый,Владивосток,Москва,20,11,36
2007-08-06,CRTU8114609,CRTU8114609_cycle_12,Передан_на_погрузку,Санкт-Петербург,Владивосток,20,0,38
2007-08-06,ERKU8281105,ERKU8281105_cycle_9,Отправлен_грузополучателю,Москва,Москва,40,1,0
2007-08-06,ERKU8281105,ERKU8281105_cycle_9,Прибыл_свободным,Москва,Москва,40,0,0
2007-08-06,ERKU8281105,ERKU8281105_cycle_10,Передан_на_погрузку,Москва,Санкт-Петербург,40,0,27
2007-08-06,KNYU9683883,KNYU9683883_cycle_12,Отправлен_по_ЖД,Санкт-Петербург,Владивосток,20,3,39
2007-08-06,STNU9845862,STNU9845862_cycle_9,Прибыл_свободным,Владивосток,Владивосток,40,14,0
2007-08-06,WEDU2383938,WEDU2383938_cycle_10,Отправлен_по_ЖД,Владивосток,Москва,20,1,35
2007-08-07,BUTU4321000,BUTU4321000_cycle_12,Отправлен_по_ЖД,Москва,Санкт-Петербург,40,2,1
2007-08-07,BUTU4321000,BUTU4321000_cycle_12,Прибыл_по_ЖД,Санкт-Петербург,Санкт-Петербург,40,0,1
2007-08-07,BUTU4321000,BUTU4321000_cycle_12,Отправлен_грузополучателю,Санкт-Петербург,Санкт-Петербург,40,0,1
2007-08-07,CRTU1937935,CRTU1937935_cycle_9,Прибыл_груженый,Санкт-Петербург,Владивосток,40,7,35
2007-08-07,CRTU3557936,CRTU3557936_cycle_10,Прибыл_груженый,Санкт-Петербург,Владивосток,20,10,20
2007-08-07,CRTU8128829,CRTU8128829_cycle_13,Прибыл_груженый,Владивосток,Санкт-Петербург,20,6,29
2007-08-07,CRTU8128829,CRTU8128829_cycle_13,Отправлен_по_ЖД,Владивосток,Санкт-Петербург,20,0,29
2007-08-07,ERKU5797068,ERKU5797068_cycle_10,Отправлен_грузополучателю,Владивосток,Владивосток,40,2,27
2007-08-07,KNYU9630138,KNYU9630138_cycle_10,Отправлен_по_ЖД,Санкт-Петербург,Владивосток,20,2,33
2007-08-07,TIMU3656871,TIMU3656871_cycle_9,Прибыл_по_ЖД,Москва,Москва,20,17,11
2007-08-07,TIMU8010374,TIMU8010374_cycle_10,Отправлен_по_ЖД,Санкт-Петербург,Москва,20,2,8
2007-08-07,TIMU8010374,TIMU8010374_cycle_10,Прибыл_по_ЖД,Москва,Москва,20,0,8
2007-08-07,TOWU7808384,TOWU7808384_cycle_9,Прибыл_груженый,Владивосток,Москва,40,18,19
2007-08-07,TOWU7808384,TOWU7808384_cycle_9,Отправлен_по_ЖД,Владивосток,Москва,40,0,19
2007-08-07,TOWU8161314,TOWU8161314_cycle_9,Прибыл_свободным,Санкт-Петербург,Санкт-Петербург,20,25,0
2007-08-08,BUTU4321000,BUTU4321000_cycle_12,Прибыл_свободным,Санкт-Петербург,Санкт-Петербург,40,1,0
2007-08-08,CRTU1167966,CRTU1167966_cycle_10,Прибыл_по_ЖД,Москва,Москва,40,14,7
2007-08-08,ERKU3509749,ERKU3509749_cycle_10,Прибыл_груженый,Москва,Санкт-Петербург,20,18,7
2007-08-08,KNYU6970613,KNYU6970613_cycle_12,Прибыл_по_ЖД,Санкт-Петербург,Санкт-Петербург,20,12,34
2007-08-08,STNU3092282,STNU3092282_cycle_11,Прибыл_груженый,Владивосток,Москва,40,5,33
2007-08-08,STNU4919514,STNU4919514_cycle_10,Прибыл_по_ЖД,Москва,Москва,40,12,15
2007-08-08,STNU9487869,STNU9487869_cycle_12,Передан_на_погрузку,Санкт-Петербург,Москва,40,0,50
2007-08-08,TIMU6310893,TIMU6310893_cycle_12,Отправлен_по_ЖД,Владивосток,Москва,40,4,35
2007-08-08,TIMU8061928,TIMU8061928_cycle_9,Прибыл_груженый,Санкт-Петербург,Москва,20,15,27
2007-08-08,TOWU8381849,TOWU8381849_cycle_9,Передан_на_погрузку,Санкт-Петербург,Владивосток,20,0,48
2007-08-08,WEDU5817433,WEDU5817433_cycle_10,Прибыл_свободным,Москва,Москва,20,20,0
2007-08-09,BUTU9513169,BUTU9513169_cycle_12,Передан_на_погрузку,Москва,Санкт-Петербург,40,0,37
2007-08-09,CRTU1937935,CRTU1937935_cycle_9,Отправлен_по_ЖД,Санкт-Петербург,Владивосток,40,2,33
2007-08-09,CRTU3557936,CRTU3557936_cycle_10,Отправлен_по_ЖД,Санкт-Петербург,Владивосток,20,2,18
2007-08-09,CRTU5834937,CRTU5834937_cycle_10,Передан_на_погрузку,Владивосток,Санкт-Петербург,20,0,54
2007-08-09,ERKU3123425,ERKU3123425_cycle_10,Прибыл_свободным,Москва,Москва,20,12,0
2007-08-09,KNYU5786200,KNYU5786200_cycle_9,Прибыл_свободным,Санкт-Петербург,Санкт-Петербург,20,21,0
2007-08-09,KNYU6970613,KNYU6970613_cycle_12,Отправлен_грузополучателю,Санкт-Петербург,Санкт-Петербург,20,1,33
2007-08-09,STNU1402586,STNU1402586_cycle_11,Передан_на_погрузку,Санкт-Петербург,Москва,20,0,17
2007-08-09,STNU2356703,STNU2356703_cycle_9,Передан_на_погрузку,Санкт-Петербург,Москва,40,0,55
2007-08-09,STNU4919514,STNU4919514_cycle_10,Отправлен_грузополучателю,Москва,Москва,40,1,14
2007-08-09,TIMU3656871,TIMU3656871_cycle_9,Отправлен_грузополучателю,Москва,Москва,20,2,9
2007-08-09,TIMU8010374,TIMU8010374_cycle_10,Отправлен_грузополучателю,Москва,Москва,20,2,6
2007-08-09,TOWU9892746,TOWU9892746_cycle_11,Прибыл_по_ЖД,Владивосток,Владивосток,40,18,21
2007-08-09,WEDU4651205,WEDU4651205_cycle_11,Прибыл_груженый,Владивосток,Москва,20,11,17
2007-08-09,WEDU6102098,WEDU6102098_cycle_9,Прибыл_груженый,Владивосток,Москва,20,12,41
2007-08-10,CRTU1715325,CRTU1715325_cycle_11,Прибыл_груженый,Москва,Санкт-Петербург,40,9,31
2007-08-10,STNU3092282,STNU3092282_cycle_11,Отправлен_по_ЖД,Владивосток,Москва,40,2,31
2007-08-10,TIMU8061928,TIMU8061928_cycle_9,Отправлен_по_ЖД,Санкт-Петербург,Москва,20,2,25
2007-08-10,TOWU2984334,TOWU2984334_cycle_13,Передан_на_погрузку,Москва,Санкт-Петербург,40,0,15
2007-08-10,TOWU9892746,TOWU9892746_cycle_11,Отправлен_грузополучателю,Владивосток,Владивосток,40,1,20
2007-08-10,WEDU4651205,WEDU4651205_cycle_11,Отправлен_по_ЖД,Владивосток,Москва,20,1,16
2007-08-10,WEDU7707795,WEDU7707795_cycle_11,Прибыл_по_ЖД,Владивосток,Владивосток,40,15,7
2007-08-11,BUTU7079823,BUTU7079823_cycle_11,Прибыл_по_ЖД,Владивосток,Владивосток,20,13,8
2007-08-11,BUTU8954572,BUTU8954572_cycle_9,Передан_на_погрузку,Москва,Владивосток,40,0,28
2007-08-11,CRTU1167966,CRTU1167966_cycle_10,Отправлен_грузополучателю,Москва,Москва,40,3,4
2007-08-11,ERKU3509749,ERKU3509749_cycle_10,Отправлен_по_ЖД,Москва,Санкт-Петербург,20,3,4
2007-08-11,ERKU3509749,ERKU3509749_cycle_10,Прибыл_по_ЖД,Санкт-Петербург,Санкт-Петербург,20,0,4
2007-08-11,KNYU4619290,KNYU4619290_cycle_11,Прибыл_груженый,Москва,Владивосток,40,8,37
2007-08-11,TIMU6180706,TIMU6180706_cycle_11,Прибыл_по_ЖД,Владивосток,Владивосток,40,14,25
2007-08-11,WEDU7707795,WEDU7707795_cycle_11,Отправлен_грузополучателю,Владивосток,Владивосток,40,1,6
2007-08-11,WEDU9910122,WEDU9910122_cycle_10,Передан_на_погрузку,Санкт-Петербург,Москва,40,0,47
2007-08-12,BUTU7079823,BUTU7079823_cycle_11,Отправлен_грузополучателю,Владивосток,Владивосток,20,1,7
2007-08-12,CRTU1715325,CRTU1715325_cycle_11,Отправлен_по_ЖД,Москва,Санкт-Петербург,40,2,29
2007-08-12,KNYU5372067,KNYU5372067_cycle_11,Передан_на_погрузку,Санкт-Петербург,Москва,40,0,33
2007-08-12,KNYU6806102,KNYU6806102_cycle_9,Прибыл_свободным,Владивосток,Владивосток,20,7,0
2007-08-12,KNYU8173059,KNYU8173059_cycle_12,Передан_на_погрузку,Владивосток,Санкт-Петербург,20,0,47
2007-08-12,TIMU3631350,TIMU3631350_cycle_8,Прибыл_по_ЖД,Санкт-Петербург,Санкт-Петербург,20,18,10
2007-08-12,TIMU6180706,TIMU6180706_cycle_11,Отправлен_грузополучателю,Владивосток,Владивосток,40,1,24
2007-08-12,TIMU9543550,TIMU9543550_cycle_13,Передан_на_погрузку,Москва,Санкт-Петербург,40,0,22
2007-08-12,TOWU2835826,TOWU2835826_cycle_9,Передан_на_погрузку,Санкт-Петербург,Москва,40,0,50
2007-08-12,WEDU6102098,WEDU6102098_cycle_9,Отправлен_по_ЖД,Владивосток,Москва,20,3,38
2007-08-13,CRTU2183954,CRTU2183954_cycle_11,Передан_на_погрузку,Санкт-Петербург,Москва,40,0,13
2007-08-13,ERKU3509749,ERKU3509749_cycle_10,Отправлен_грузополучателю,Санкт-Петербург,Санкт-Петербург,20,2,2
2007-08-13,ERKU8281105,ERKU8281105_cycle_10,Прибыл_груженый,Москва,Санкт-Петербург,40,7,20
2007-08-13,KNYU1773354,KNYU1773354_cycle_9,Передан_на_погрузку,Владивосток,Москва,20,0,52
2007-08-13,KNYU4619290,KNYU4619290_cycle_11,Отправлен_по_ЖД,Москва,Владивосток,40,2,35
2007-08-13,TOWU3611630,TOWU3611630_cycle_10,Прибыл_груженый,Санкт-Петербург,Владивосток,40,9,33
2007-08-14,KNYU1437543,KNYU1437543_cycle_11,Прибыл_по_ЖД,Москва,Москва,20,10,14
2007-08-14,KNYU1437543,KNYU1437543_cycle_11,Отправлен_грузополучателю,Москва,Москва,20,0,14
2007-08-14,STNU5088417,STNU5088417_cycle_9,Прибыл_свободным,Санкт-Петербург,Санкт-Петербург,40,23,0
2007-08-14,STNU9845862,STNU9845862_cycle_10,Передан_на_погрузку,Владивосток,Санкт-Петербург,40,0,53
2007-08-14,TIMU8061928,TIMU8061928_cycle_9,Прибыл_по_ЖД,Москва,Москва,20,4,21
2007-08-14,TIMU8250428,TIMU8250428_cycle_11,Прибыл_по_ЖД,Владивосток,Владивосток,20,15,12
2007-08-14,TOWU2984334,TOWU2984334_cycle_13,Прибыл_груженый,Москва,Санкт-Петербург,40,4,11
2007-08-14,TOWU3611630,TOWU3611630_cycle_10,Отправлен_по_ЖД,Санкт-Петербург,Владивосток,40,1,32
2007-08-15,CRTU1167966,CRTU1167966_cycle_10,Прибыл_свободным,Москва,Москва,40,4,0
2007-08-15,CRTU1715325,CRTU1715325_cycle_11,Прибыл_по_ЖД,Санкт-Петербург,Санкт-Петербург,40,3,26
2007-08-15,CRTU6264170,CRTU6264170_cycle_11,Прибыл_свободным,Санкт-Петербург,Санкт-Петербург,40,10,0
2007-08-15,ERKU3509749,ERKU3509749_cycle_10,Прибыл_свободным,Санкт-Петербург,Санкт-Петербург,20,2,0
2007-08-15,ERKU4123975,ERKU4123975_cycle_10,Прибыл_свободным,Москва,Москва,40,13,0
2007-08-15,ERKU8281105,ERKU8281105_cycle_10,Отправлен_по_ЖД,Москва,Санкт-Петербург,40,2,18
2007-08-15,ERKU8281105,ERKU8281105_cycle_10,Прибыл_по_ЖД,Санкт-Петербург,Санкт-Петербург,40,0,18
2007-08-15,KNYU3021654,KNYU3021654_cycle_11,Прибыл_свободным,Владивосток,Владивосток,40,21,0
2007-08-15,TIMU3631350,TIMU3631350_cycle_8,Отправлен_грузополучателю,Санкт-Петербург,Санкт-Петербург,20,3,7
2007-08-15,TIMU8010374,TIMU8010374_cycle_10,Прибыл_свободным,Москва,Москва,20,6,0
2007-08-15,TOWU8351331,TOWU8351331_cycle_9,Передан_на_погрузку,Москва,Владивосток,20,0,45
2007-08-15,WEDU6654977,WEDU6654977_cycle_9,Передан_на_погрузку,Санкт-Петербург,Владивосток,20,0,25
2007-08-16,CRTU1715325,CRTU1715325_cycle_11,Отправлен_грузополучателю,Санкт-Петербург,Санкт-Петербург,40,1,25
2007-08-16,KNYU7944727,KNYU7944727_cycle_12,Передан_на_погрузку,Владивосток,Москва,20,0,24
2007-08-16,TIMU8061928,TIMU8061928_cycle_9,Отправлен_грузополучателю,Москва,Москва,20,2,19
2007-08-16,TIMU8887794,TIMU8887794_cycle_9,Прибыл_свободным,Москва,Москва,20,26,0
2007-08-16,TIMU8887794,TIMU8887794_cycle_10,Передан_на_погрузку,Москва,Санкт-Петербург,20,0,28
2007-08-16,TOWU8161314,TOWU8161314_cycle_10,Передан_на_погрузку,Санкт-Петербург,Москва,20,0,34
2007-08-16,TOWU8381849,TOWU8381849_cycle_9,Прибыл_груженый,Санкт-Петербург,Владивосток,20,8,40
2007-08-17,ERKU8281105,ERKU8281105_cycle_10,Отправлен_грузополучателю,Санкт-Петербург,Санкт-Петербург,40,2,16
2007-08-17,ERKU8324044,ERKU8324044_cycle_10,Прибыл_по_ЖД,Владивосток,Владивосток,40,16,33
2007-08-17,KNYU7944727,KNYU7944727_cycle_12,Прибыл_груженый,Владивосток,Москва,20,1,23
2007-08-17,STNU5088417,STNU5088417_cycle_10,Передан_на_погрузку,Санкт-Петербург,Владивосток,40,0,44
2007-08-17,STNU9767317,STNU9767317_cycle_11,Прибыл_груженый,Санкт-Петербург,Москва,20,15,44
2007-08-17,TIMU8250428,TIMU8250428_cycle_11,Отправлен_грузополучателю,Владивосток,Владивосток,20,3,9
2007-08-17,TOWU2984334,TOWU2984334_cycle_13,Отправлен_по_ЖД,Москва,Санкт-Петербург,40,3,8
2007-08-17,TOWU2984334,TOWU2984334_cycle_13,Прибыл_по_ЖД,Санкт-Петербург,Санкт-Петербург,40,0,8
2007-08-17,WEDU2383938,WEDU2383938_cycle_10,Прибыл_по_ЖД,Москва,Москва,20,11,24
2007-08-17,WEDU7707795,WEDU7707795_cycle_11,Прибыл_свободным,Владивосток,Владивосток,40,6,0
2007-08-18,CRTU2093770,CRTU2093770_cycle_11,Передан_на_погрузку,Владивосток,Санкт-Петербург,40,0,45
2007-08-18,CRTU2183954,CRTU2183954_cycle_11,Прибыл_груженый,Санкт-Петербург,Москва,40,5,8
2007-08-18,ERKU8324044,ERKU8324044_cycle_10,Отправлен_грузополучателю,Владивосток,Владивосток,40,1,32
2007-08-18,KNYU7944727,KNYU7944727_cycle_12,Отправлен_по_ЖД,Владивосток,Москва,20,1,22
2007-08-18,STNU4510100,STNU4510100_cycle_11,Передан_на_погрузку,Москва,Владивосток,20,0,55
2007-08-18,STNU9767317,STNU9767317_cycle_11,Отправлен_по_ЖД,Санкт-Петербург,Москва,20,1,43
2007-08-18,TIMU3656871,TIMU3656871_cycle_9,Прибыл_свободным,Москва,Москва,20,9,0
2007-08-18,TOWU2984334,TOWU2984334_cycle_13,Отправлен_грузополучателю,Санкт-Петербург,Санкт-Петербург,40,1,7
2007-08-18,TOWU5892461,TOWU5892461_cycle_10,Передан_на_погрузку,Москва,Владивосток,40,0,29
2007-08-18,TOWU7808384,TOWU7808384_cycle_9,Прибыл_по_ЖД,Москва,Москва,40,11,8
2007-08-18,TOWU8381849,TOWU8381849_cycle_9,Отправлен_по_ЖД,Санкт-Петербург,Владивосток,20,2,38
2007-08-18,WEDU2383938,WEDU2383938_cycle_10,Отправлен_грузополучателю,Москва,Москва,20,1,23
2007-08-19,BUTU1300953,BUTU1300953_cycle_10,Передан_на_погрузку,Санкт-Петербург,Владивосток,40,0,26
2007-08-19,BUTU1300953,BUTU1300953_cycle_10,Прибыл_груженый,Санкт-Петербург,Владивосток,40,0,26
2007-08-19,BUTU7079823,BUTU7079823_cycle_11,Прибыл_свободным,Владивосток,Владивосток,20,7,0
2007-08-19,CRTU2183954,CRTU2183954_cycle_11,Отправлен_по_ЖД,Санкт-Петербург,Москва,40,1,7
2007-08-19,CRTU2183954,CRTU2183954_cycle_11,Прибыл_по_ЖД,Москва,Москва,40,0,7
2007-08-19,TOWU7808384,TOWU7808384_cycle_9,Отправлен_грузополучателю,Москва,Москва,40,1,7
2007-08-20,BUTU7001309,BUTU7001309_cycle_11,Передан_на_погрузку,Владивосток,Санкт-Петербург,20,0,39
2007-08-20,BUTU7001309,BUTU7001309_cycle_11,Прибыл_груженый,Владивосток,Санкт-Петербург,20,0,39
2007-08-20,BUTU7130462,BUTU7130462_cycle_9,Прибыл_свободным,Владивосток,Владивосток,20,26,0
2007-08-20,BUTU7130462,BUTU7130462_cycle_10,Передан_на_погрузку,Владивосток,Москва,20,0,43
2007-08-20,BUTU8954572,BUTU8954572_cycle_9,Прибыл_груженый,Москва,Владивосток,40,9,19
2007-08-20,BUTU9513169,BUTU9513169_cycle_12,Прибыл_груженый,Москва,Санкт-Петербург,40,11,26
2007-08-20,CRTU1937935,CRTU1937935_cycle_9,Прибыл_по_ЖД,Владивосток,Владивосток,40,11,22
2007-08-20,TIMU6310893,TIMU6310893_cycle_12,Прибыл_по_ЖД,Москва,Москва,40,12,23
2007-08-20,WEDU6654977,WEDU6654977_cycle_9,Прибыл_груженый,Санкт-Петербург,Владивосток,20,5,20
2007-08-20,WEDU7000544,WEDU7000544_cycle_10,Передан_на_погрузку,Владивосток,Москва,20,0,45
2007-08-20,WEDU8568487,WEDU8568487_cycle_13,Прибыл_груженый,Санкт-Петербург,Владивосток,40,22,38
2007-08-21,BUTU1300953,BUTU1300953_cycle_10,Отправлен_по_ЖД,Санкт-Петербург,Владивосток,40,2,24
2007-08-21,BUTU7001309,BUTU7001309_cycle_11,Отправлен_по_ЖД,Владивосток,Санкт-Петербург,20,1,38
2007-08-21,BUTU9513169,BUTU9513169_cycle_12,Отправлен_по_ЖД,Москва,Санкт-Петербург,40,1,25
2007-08-21,BUTU9513169,BUTU9513169_cycle_12,Прибыл_по_ЖД,Санкт-Петербург,Санкт-Петербург,40,0,25
2007-08-21,CRTU3557001,CRTU3557001_cycle_10,Прибыл_свободным,Санкт-Петербург,Санкт-Петербург,20,23,0
2007-08-21,CRTU8128829,CRTU8128829_cycle_13,Прибыл_по_ЖД,Санкт-Петербург,Санкт-Петербург,20,14,15
2007-08-21,STNU1402586,STNU1402586_cycle_11,Прибыл_груженый,Санкт-Петербург,Москва,20,12,5
2007-08-21,STNU2356703,STNU2356703_cycle_9,Прибыл_груженый,Санкт-Петербург,Москва,40,12,43
2007-08-21,STNU6396019,STNU6396019_cycle_11,Передан_на_погрузку,Владивосток,Санкт-Петербург,40,0,46
2007-08-21,TIMU3137493,TIMU3137493_cycle_11,Передан_на_погрузку,Санкт-Петербург,Москва,40,0,28
2007-08-21,TIMU3137493,TIMU3137493_cycle_11,Прибыл_груженый,Санкт-Петербург,Москва,40,0,28
2007-08-21,TIMU3137493,TIMU3137493_cycle_11,Отправлен_по_ЖД,Санкт-Петербург,Москва,40,0,28
2007-08-21,TIMU3137493,TIMU3137493_cycle_11,Прибыл_по_ЖД,Москва,Москва,40,0,28
2007-08-21,TIMU5293271,TIMU5293271_cycle_11,Прибыл_свободным,Санкт-Петербург,Санкт-Петербург,20,26,0
2007-08-21,TIMU6310893,TIMU6310893_cycle_12,Отправлен_грузополучателю,Москва,Москва,40,1,22
2007-08-22,BUTU9513169,BUTU9513169_cycle_12,Отправлен_грузополучателю,Санкт-Петербург,Санкт-Петербург,40,1,24
2007-08-22,CRTU1937935,CRTU1937935_cycle_9,Отправлен_грузополучателю,Владивосток,Владивосток,40,2,20
2007-08-22,KNYU9683883,KNYU9683883_cycle_12,Прибыл_по_ЖД,Владивосток,Владивосток,20,16,23
2007-08-22,STNU1402586,STNU1402586_cycle_11,Отправлен_по_ЖД,Санкт-Петербург,Москва,20,1,4
2007-08-22,STNU1402586,STNU1402586_cycle_11,Прибыл_по_ЖД,Москва,Москва,20,0,4
2007-08-22,STNU1402586,STNU1402586_cycle_11,Отправлен_грузополучателю,Москва,Москва,20,0,4
2007-08-22,STNU2794431,STNU2794431_cycle_10,Передан_на_погрузку,Санкт-Петербург,Владивосток,20,0,50
2007-08-22,STNU9767317,STNU9767317_cycle_11,Прибыл_по_ЖД,Москва,Москва,20,4,39
2007-08-22,TIMU3631350,TIMU3631350_cycle_8,Прибыл_свободным,Санкт-Петербург,Санкт-Петербург,20,7,0
2007-08-22,TIMU7736033,TIMU7736033_cycle_8,Прибыл_свободным,Москва,Москва,20,27,0
2007-08-22,TIMU7736033,TIMU7736033_cycle_9,Передан_на_погрузку,Москва,Санкт-Петербург,20,0,19
2007-08-22,TIMU8887794,TIMU8887794_cycle_10,Прибыл_груженый,Москва,Санкт-Петербург,20,6,22
2007-08-22,TOWU2940273,TOWU2940273_cycle_11,Прибыл_груженый,Владивосток,Москва,40,31,29
2007-08-22,TOWU7931879,TOWU7931879_cycle_12,Передан_на_погрузку,Москва,Владивосток,40,0,52
2007-08-22,WEDU6654977,WEDU6654977_cycle_9,Отправлен_по_ЖД,Санкт-Петербург,Владивосток,20,2,18
2007-08-22,WEDU8568487,WEDU8568487_cycle_13,Отправлен_по_ЖД,Санкт-Петербург,Владивосток,40,2,36
2007-08-23,BUTU8954572,BUTU8954572_cycle_9,Отправлен_по_ЖД,Москва,Владивосток,40,3,16
2007-08-23,CRTU2183954,CRTU2183954_cycle_11,Отправлен_грузополучателю,Москва,Москва,40,4,3
2007-08-23,CRTU3557936,CRTU3557936_cycle_10,Прибыл_по_ЖД,Владивосток,Владивосток,20,14,4
2007-08-23,CRTU8114609,CRTU8114609_cycle_12,Прибыл_груженый,Санкт-Петербург,Владивосток,20,17,21
2007-08-23,CRTU8128829,CRTU8128829_cycle_13,Отправлен_грузополучателю,Санкт-Петербург,Санкт-Петербург,20,2,13
2007-08-23,KNYU9630138,KNYU9630138_cycle_10,Прибыл_по_ЖД,Владивосток,Владивосток,20,16,17
2007-08-23,KNYU9683883,KNYU9683883_cycle_12,Отправлен_грузополучателю,Владивосток,Владивосток,20,1,22
2007-08-23,STNU4919514,STNU4919514_cycle_10,Прибыл_свободным,Москва,Москва,40,14,0
2007-08-23,STNU9845862,STNU9845862_cycle_10,Прибыл_груженый,Владивосток,Санкт-Петербург,40,9,44
2007-08-23,TOWU2940273,TOWU2940273_cycle_11,Отправлен_по_ЖД,Владивосток,Москва,40,1,28
2007-08-23,TOWU5892461,TOWU5892461_cycle_10,Прибыл_груженый,Москва,Владивосток,40,5,24
2007-08-23,TOWU5892461,TOWU5892461_cycle_10,Отправлен_по_ЖД,Москва,Владивосток,40,0,24
2007-08-23,WEDU6102098,WEDU6102098_cycle_9,Прибыл_по_ЖД,Москва,Москва,20,11,27
2007-08-24,BUTU2391445,BUTU2391445_cycle_11,Передан_на_погрузку,Владивосток,Москва,20,0,46
2007-08-24,CRTU3557001,CRTU3557001_cycle_11,Передан_на_погрузку,Санкт-Петербург,Москва,20,0,40
2007-08-24,CRTU5834937,CRTU5834937_cycle_10,Прибыл_груженый,Владивосток,Санкт-Петербург,20,15,39
2007-08-24,KNYU5372067,KNYU5372067_cycle_11,Прибыл_груженый,Санкт-Петербург,Москва,40,12,21
2007-08-24,KNYU5372067,KNYU5372067_cycle_11,Отправлен_по_ЖД,Санкт-Петербург,Москва,40,0,21
2007-08-24,KNYU5372067,KNYU5372067_cycle_11,Прибыл_по_ЖД,Москва,Москва,40,0,21
2007-08-24,KNYU9630138,KNYU9630138_cycle_10,Отправлен_грузополучателю,Владивосток,Владивосток,20,1,16
2007-08-24,STNU2356703,STNU2356703_cycle_9,Отправлен_по_ЖД,Санкт-Петербург,Москва,40,3,40
2007-08-24,STNU9767317,STNU9767317_cycle_11,Отправлен_грузополучателю,Москва,Москва,20,2,37
2007-08-24,TIMU3137493,TIMU3137493_cycle_11,Отправлен_грузополучателю,Москва,Москва,40,3,25
2007-08-24,TIMU8887794,TIMU8887794_cycle_10,Отправлен_по_ЖД,Москва,Санкт-Петербург,20,2,20
2007-08-24,WEDU9910122,WEDU9910122_cycle_10,Прибыл_груженый,Санкт-Петербург,Москва,40,13,34
2007-08-25,CRTU3557936,CRTU3557936_cycle_10,Отправлен_грузополучателю,Владивосток,Владивосток,20,2,2
2007-08-25,CRTU5834937,CRTU5834937_cycle_10,Отправлен_по_ЖД,Владивосток,Санкт-Петербург,20,1,38
2007-08-25,CRTU8114609,CRTU8114609_cycle_12,Отправлен_по_ЖД,Санкт-Петербург,Владивосток,20,2,19
2007-08-25,STNU9845862,STNU9845862_cycle_10,Отправлен_по_ЖД,Владивосток,Санкт-Петербург,40,2,42
2007-08-25,TOWU2984334,TOWU2984334_cycle_13,Прибыл_свободным,Санкт-Петербург,Санкт-Петербург,40,7,0
2007-08-25,TOWU6899546,TOWU6899546_cycle_10,Передан_на_погрузку,Владивосток,Москва,20,0,50
2007-08-25,WEDU4651205,WEDU4651205_cycle_11,Прибыл_по_ЖД,Москва,Москва,20,15,1
2007-08-25,WEDU6102098,WEDU6102098_cycle_9,Отправлен_грузополучателю,Москва,Москва,20,2,25
2007-08-26,BUTU4321000,BUTU4321000_cycle_13,Передан_на_погрузку,Санкт-Петербург,Москва,40,0,27
2007-08-26,CRTU2183954,CRTU2183954_cycle_11,Прибыл_свободным,Москва,Москва,40,3,0
2007-08-26,ERKU3123425,ERKU3123425_cycle_11,Передан_на_погрузку,Москва,Санкт-Петербург,20,0,18
2007-08-26,ERKU3123425,ERKU3123425_cycle_11,Прибыл_груженый,Москва,Санкт-Петербург,20,0,18
2007-08-26,KNYU1773354,KNYU1773354_cycle_9,Прибыл_груженый,Владивосток,Москва,20,13,39
2007-08-26,KNYU1773354,KNYU1773354_cycle_9,Отправлен_по_ЖД,Владивосток,Москва,20,0,39
2007-08-26,KNYU8173059,KNYU8173059_cycle_12,Прибыл_груженый,Владивосток,Санкт-Петербург,20,14,33
2007-08-26,STNU1402586,STNU1402586_cycle_11,Прибыл_свободным,Москва,Москва,20,4,0
2007-08-26,STNU3092282,STNU3092282_cycle_11,Прибыл_по_ЖД,Москва,Москва,40,16,15
2007-08-26,TIMU8250428,TIMU8250428_cycle_11,Прибыл_свободным,Владивосток,Владивосток,20,9,0
2007-08-26,TOWU2835826,TOWU2835826_cycle_9,Прибыл_груженый,Санкт-Петербург,Москва,40,14,36
2007-08-26,TOWU7808384,TOWU7808384_cycle_9,Прибыл_свободным,Москва,Москва,40,7,0
2007-08-26,WEDU4651205,WEDU4651205_cycle_11,Отправлен_грузополучателю,Москва,Москва,20,1,0
2007-08-26,WEDU4651205,WEDU4651205_cycle_11,Прибыл_свободным,Москва,Москва,20,0,0
2007-08-26,WEDU4651205,WEDU4651205_cycle_12,Передан_на_погрузку,Москва,Владивосток,20,0,27
2007-08-27,BUTU8729025,BUTU8729025_cycle_10,Передан_на_погрузку,Москва,Владивосток,40,0,38
2007-08-27,CRTU3557936,CRTU3557936_cycle_10,Прибыл_свободным,Владивосток,Владивосток,20,2,0
2007-08-27,KNYU3335859,KNYU3335859_cycle_11,Передан_на_погрузку,Москва,Владивосток,20,0,45
2007-08-27,KNYU4619290,KNYU4619290_cycle_11,Прибыл_по_ЖД,Владивосток,Владивосток,40,14,21
2007-08-27,KNYU5372067,KNYU5372067_cycle_11,Отправлен_грузополучателю,Москва,Москва,40,3,18
2007-08-27,KNYU5786200,KNYU5786200_cycle_10,Передан_на_погрузку,Санкт-Петербург,Москва,20,0,41
2007-08-27,STNU3092282,STNU3092282_cycle_11,Отправлен_грузополучателю,Москва,Москва,40,1,14
2007-08-27,TIMU7736033,TIMU7736033_cycle_9,Прибыл_груженый,Москва,Санкт-Петербург,20,5,14
2007-08-27,TOWU2835826,TOWU2835826_cycle_9,Отправлен_по_ЖД,Санкт-Петербург,Москва,40,1,35
2007-08-27,TOWU2835826,TOWU2835826_cycle_9,Прибыл_по_ЖД,Москва,Москва,40,0,35
2007-08-27,TOWU3611630,TOWU3611630_cycle_10,Прибыл_по_ЖД,Владивосток,Владивосток,40,13,19
2007-08-27,WEDU9910122,WEDU9910122_cycle_10,Отправлен_по_ЖД,Санкт-Петербург,Москва,40,3,31
2007-08-28,ERKU3123425,ERKU3123425_cycle_11,Отправлен_по_ЖД,Москва,Санкт-Петербург,20,2,16
2007-08-28,ERKU3123425,ERKU3123425_cycle_11,Прибыл_по_ЖД,Санкт-Петербург,Санкт-Петербург,20,0,16
2007-08-28,KNYU1033833,KNYU1033833_cycle_10,Передан_на_погрузку,Владивосток,Москва,40,0,27
2007-08-28,KNYU1437543,KNYU1437543_cycle_11,Прибыл_свободным,Москва,Москва,20,14,0
2007-08-28,STNU9487869,STNU9487869_cycle_12,Прибыл_груженый,Санкт-Петербург,Москва,40,20,30
2007-08-28,TIMU8887794,TIMU8887794_cycle_10,Прибыл_по_ЖД,Санкт-Петербург,Санкт-Петербург,20,4,16
2007-08-28,TOWU2835826,TOWU2835826_cycle_9,Отправлен_грузополучателю,Москва,Москва,40,1,34
2007-08-29,CRTU3557936,CRTU3557936_cycle_11,Передан_на_погрузку,Владивосток,Москва,20,0,43
2007-08-29,ERKU3123425,ERKU3123425_cycle_11,Отправлен_грузополучателю,Санкт-Петербург,Санкт-Петербург,20,1,15
2007-08-29,KNYU4619290,KNYU4619290_cycle_11,Отправлен_грузополучателю,Владивосток,Владивосток,40,2,19
2007-08-29,KNYU8173059,KNYU8173059_cycle_12,Отправлен_по_ЖД,Владивосток,Санкт-Петербург,20,3,30
2007-08-29,STNU2356703,STNU2356703_cycle_9,Прибыл_по_ЖД,Москва,Москва,40,5,35
2007-08-29,TIMU7736033,TIMU7736033_cycle_9,Отправлен_по_ЖД,Москва,Санкт-Петербург,20,2,12
2007-08-29,TIMU9543550,TIMU9543550_cycle_13,Прибыл_груженый,Москва,Санкт-Петербург,40,17,5
2007-08-29,TOWU3611630,TOWU3611630_cycle_10,Отправлен_грузополучателю,Владивосток,Владивосток,40,2,17
2007-08-29,TOWU7808384,TOWU7808384_cycle_10,Передан_на_погрузку,Москва,Санкт-Петербург,40,0,13
2007-08-29,TOWU8161314,TOWU8161314_cycle_10,Прибыл_груженый,Санкт-Петербург,Москва,20,13,21
2007-08-29,WEDU2249581,WEDU2249581_cycle_10,Прибыл_свободным,Владивосток,Владивосток,20,25,0
2007-08-29,WEDU2249581,WEDU2249581_cycle_11,Передан_на_погрузку,Владивосток,Москва,20,0,24
2007-08-29,WEDU4651205,WEDU4651205_cycle_12,Прибыл_груженый,Москва,Владивосток,20,3,24
2007-08-30,BUTU8729025,BUTU8729025_cycle_10,Прибыл_груженый,Москва,Владивосток,40,3,35
2007-08-30,STNU9487869,STNU9487869_cycle_12,Отправлен_по_ЖД,Санкт-Петербург,Москва,40,2,28
2007-08-30,STNU9487869,STNU9487869_cycle_12,Прибыл_по_ЖД,Москва,Москва,40,0,28
2007-08-30,TIMU7736033,TIMU7736033_cycle_9,Прибыл_по_ЖД,Санкт-Петербург,Санкт-Петербург,20,1,11
2007-08-30,TIMU8887794,TIMU8887794_cycle_10,Отправлен_грузополучателю,Санкт-Петербург,Санкт-Петербург,20,2,14
2007-08-30,TOWU9892746,TOWU9892746_cycle_11,Прибыл_свободным,Владивосток,Владивосток,40,20,0
2007-08-30,WEDU4651205,WEDU4651205_cycle_12,Отправлен_по_ЖД,Москва,Владивосток,20,1,23
2007-08-31,CRTU2093770,CRTU2093770_cycle_11,Прибыл_груженый,Владивосток,Санкт-Петербург,40,13,32
2007-08-31,CRTU3557001,CRTU3557001_cycle_11,Прибыл_груженый,Санкт-Петербург,Москва,20,7,33
2007-08-31,ERKU7945290,ERKU7945290_cycle_12,Передан_на_погрузку,Москва,Санкт-Петербург,20,0,28
2007-08-31,TIMU7736033,TIMU7736033_cycle_9,Отправлен_грузополучателю,Санкт-Петербург,Санкт-Петербург,20,1,10
2007-08-31,TIMU9543550,TIMU9543550_cycle_13,Отправлен_по_ЖД,Москва,Санкт-Петербург,40,2,3
2007-08-31,TIMU9543550,TIMU9543550_cycle_13,Прибыл_по_ЖД,Санкт-Петербург,Санкт-Петербург,40,0,3
2007-08-31,TOWU8351331,TOWU8351331_cycle_9,Прибыл_груженый,Москва,Владивосток,20,16,29
2007-08-31,WEDU7000544,WEDU7000544_cycle_10,Прибыл_груженый,Владивосток,Москва,20,11,34
2007-09-01,BUTU8729025,BUTU8729025_cycle_10,Отправлен_по_ЖД,Москва,Владивосток,40,2,33
2007-09-01,CRTU2093770,CRTU2093770_cycle_11,Отправлен_по_ЖД,Владивосток,Санкт-Петербург,40,1,31
2007-09-01,KNYU3537798,KNYU3537798_cycle_12,Передан_на_погрузку,Владивосток,Санкт-Петербург,20,0,52
2007-09-01,STNU2356703,STNU2356703_cycle_9,Отправлен_грузополучателю,Москва,Москва,40,3,32
2007-09-01,STNU9487869,STNU9487869_cycle_12,Отправлен_грузополучателю,Москва,Москва,40,2,26
2007-09-01,TIMU5165088,TIMU5165088_cycle_10,Передан_на_погрузку,Владивосток,Санкт-Петербург,40,0,37
2007-09-01,TOWU8161314,TOWU8161314_cycle_10,Отправлен_по_ЖД,Санкт-Петербург,Москва,20,3,18
2007-09-01,TOWU8161314,TOWU8161314_cycle_10,Прибыл_по_ЖД,Москва,Москва,20,0,18
2007-09-01,TOWU8351331,TOWU8351331_cycle_9,Отправлен_по_ЖД,Москва,Владивосток,20,1,28
2007-09-01,TOWU8381849,TOWU8381849_cycle_9,Прибыл_по_ЖД,Владивосток,Владивосток,20,14,24
2007-09-01,WEDU6874585,WEDU6874585_cycle_10,Передан_на_погрузку,Санкт-Петербург,Владивосток,20,0,34
2007-09-01,WEDU7000544,WEDU7000544_cycle_10,Отправлен_по_ЖД,Владивосток,Москва,20,1,33
2007-09-02,BUTU8954572,BUTU8954572_cycle_9,Прибыл_по_ЖД,Владивосток,Владивосток,40,10,6
2007-09-02,CRTU3557001,CRTU3557001_cycle_11,Отправлен_по_ЖД,Санкт-Петербург,Москва,20,2,31
2007-09-02,ERKU8281105,ERKU8281105_cycle_10,Прибыл_свободным,Санкт-Петербург,Санкт-Петербург,40,16,0
2007-09-02,STNU5088417,STNU5088417_cycle_10,Прибыл_груженый,Санкт-Петербург,Владивосток,40,16,28
2007-09-02,TIMU3656871,TIMU3656871_cycle_10,Передан_на_погрузку,Москва,Санкт-Петербург,20,0,27
2007-09-02,TIMU9543550,TIMU9543550_cycle_13,Отправлен_грузополучателю,Санкт-Петербург,Санкт-Петербург,40,2,1
2007-09-02,TOWU7808384,TOWU7808384_cycle_10,Прибыл_груженый,Москва,Санкт-Петербург,40,4,9
2007-09-02,TOWU7808384,TOWU7808384_cycle_10,Отправлен_по_ЖД,Москва,Санкт-Петербург,40,0,9
2007-09-02,TOWU7931879,TOWU7931879_cycle_12,Прибыл_груженый,Москва,Владивосток,40,11,41
2007-09-02,TOWU8161314,TOWU8161314_cycle_10,Отправлен_грузополучателю,Москва,Москва,20,1,17
2007-09-03,CRTU3557936,CRTU3557936_cycle_11,Прибыл_груженый,Владивосток,Москва,20,5,38
2007-09-03,ERKU5797068,ERKU5797068_cycle_10,Прибыл_свободным,Владивосток,Владивосток,40,27,0
2007-09-03,ERKU5797068,ERKU5797068_cycle_11,Передан_на_погрузку,Владивосток,Санкт-Петербург,40,0,31
2007-09-03,KNYU1033833,KNYU1033833_cycle_10,Прибыл_груженый,Владивосток,Москва,40,6,21
2007-09-03,KNYU8798891,KNYU8798891_cycle_9,Прибыл_свободным,Москва,Москва,20,38,0
2007-09-03,STNU2794431,STNU2794431_cycle_10,Прибыл_груженый,Санкт-Петербург,Владивосток,20,12,38
2007-09-03,TIMU1636645,TIMU1636645_cycle_9,Передан_на_погрузку,Санкт-Петербург,Москва,20,0,23
2007-09-03,TIMU8010374,TIMU8010374_cycle_11,Передан_на_погрузку,Москва,Владивосток,20,0,41
2007-09-03,TIMU9543550,TIMU9543550_cycle_13,Прибыл_свободным,Санкт-Петербург,Санкт-Петербург,40,1,0
2007-09-03,TOWU7808384,TOWU7808384_cycle_10,Прибыл_по_ЖД,Санкт-Петербург,Санкт-Петербург,40,1,8
2007-09-03,TOWU7931879,TOWU7931879_cycle_12,Отправлен_по_ЖД,Москва,Владивосток,40,1,40
2007-09-03,WEDU2249581,WEDU2249581_cycle_11,Прибыл_груженый,Владивосток,Москва,20,5,19
2007-09-03,WEDU9910122,WEDU9910122_cycle_10,Прибыл_по_ЖД,Москва,Москва,40,7,24
2007-09-04,BUTU7130462,BUTU7130462_cycle_10,Прибыл_груженый,Владивосток,Москва,20,15,28
2007-09-04,BUTU8954572,BUTU8954572_cycle_9,Отправлен_грузополучателю,Владивосток,Владивосток,40,2,4
2007-09-04,KNYU1033833,KNYU1033833_cycle_10,Отправлен_по_ЖД,Владивосток,Москва,40,1,20
2007-09-04,KNYU7944727,KNYU7944727_cycle_12,Прибыл_по_ЖД,Москва,Москва,20,17,5
2007-09-04,STNU2794431,STNU2794431_cycle_10,Отправлен_по_ЖД,Санкт-Петербург,Владивосток,20,1,37
2007-09-04,STNU4510100,STNU4510100_cycle_11,Прибыл_груженый,Москва,Владивосток,20,17,38
2007-09-04,STNU5088417,STNU5088417_cycle_10,Отправлен_по_ЖД,Санкт-Петербург,Владивосток,40,2,26
2007-09-04,TIMU7964806,TIMU7964806_cycle_9,Передан_на_погрузку,Владивосток,Санкт-Петербург,40,0,45
2007-09-04,TIMU8061928,TIMU8061928_cycle_9,Прибыл_свободным,Москва,Москва,20,19,0
2007-09-04,TOWU2940273,TOWU2940273_cycle_11,Прибыл_по_ЖД,Москва,Москва,40,12,16
2007-09-04,TOWU5892461,TOWU5892461_cycle_10,Прибыл_по_ЖД,Владивосток,Владивосток,40,12,12
2007-09-04,TOWU7808384,TOWU7808384_cycle_10,Отправлен_грузополучателю,Санкт-Петербург,Санкт-Петербург,40,1,7
2007-09-04,WEDU6654977,WEDU6654977_cycle_9,Прибыл_по_ЖД,Владивосток,Владивосток,20,13,5
2007-09-04,WEDU7707795,WEDU7707795_cycle_12,Передан_на_погрузку,Владивосток,Москва,40,0,67
2007-09-05,BUTU7130462,BUTU7130462_cycle_10,Отправлен_по_ЖД,Владивосток,Москва,20,1,27
2007-09-05,CRTU3557001,CRTU3557001_cycle_11,Прибыл_по_ЖД,Москва,Москва,20,3,28
2007-09-05,CRTU8128829,CRTU8128829_cycle_13,Прибыл_свободным,Санкт-Петербург,Санкт-Петербург,20,13,0
2007-09-05,KNYU3335859,KNYU3335859_cycle_11,Прибыл_груженый,Москва,Владивосток,20,9,36
2007-09-05,KNYU7944727,KNYU7944727_cycle_12,Отправлен_грузополучателю,Москва,Москва,20,1,4
2007-09-05,TIMU6180706,TIMU6180706_cycle_11,Прибыл_свободным,Владивосток,Владивосток,40,24,0
2007-09-05,TOWU2940273,TOWU2940273_cycle_11,Отправлен_грузополучателю,Москва,Москва,40,1,15
2007-09-05,TOWU8381849,TOWU8381849_cycle_9,Отправлен_грузополучателю,Владивосток,Владивосток,20,4,20
2007-09-05,WEDU2249581,WEDU2249581_cycle_11,Отправлен_по_ЖД,Владивосток,Москва,20,2,17
2007-09-06,BUTU1300953,BUTU1300953_cycle_10,Прибыл_по_ЖД,Владивосток,Владивосток,40,16,8
2007-09-06,BUTU2391445,BUTU2391445_cycle_11,Прибыл_груженый,Владивосток,Москва,20,13,33
2007-09-06,BUTU7001309,BUTU7001309_cycle_11,Прибыл_по_ЖД,Санкт-Петербург,Санкт-Петербург,20,16,22
2007-09-06,STNU4510100,STNU4510100_cycle_11,Отправлен_по_ЖД,Москва,Владивосток,20,2,36
2007-09-06,STNU6396019,STNU6396019_cycle_11,Прибыл_груженый,Владивосток,Санкт-Петербург,40,16,30
2007-09-06,TOWU5892461,TOWU5892461_cycle_10,Отправлен_грузополучателю,Владивосток,Владивосток,40,2,10
2007-09-06,WEDU9910122,WEDU9910122_cycle_10,Отправлен_грузополучателю,Москва,Москва,40,3,21
2007-09-07,BUTU1300953,BUTU1300953_cycle_10,Отправлен_грузополучателю,Владивосток,Владивосток,40,1,7
2007-09-07,CRTU2183954,CRTU2183954_cycle_12,Передан_на_погрузку,Москва,Владивосток,40,0,52
2007-09-07,CRTU3557936,CRTU3557936_cycle_11,Отправлен_по_ЖД,Владивосток,Москва,20,4,34
2007-09-07,KNYU3335859,KNYU3335859_cycle_11,Отправлен_по_ЖД,Москва,Владивосток,20,2,34
2007-09-07,STNU6396019,STNU6396019_cycle_11,Отправлен_по_ЖД,Владивосток,Санкт-Петербург,40,1,29
2007-09-07,TIMU5165088,TIMU5165088_cycle_10,Прибыл_груженый,Владивосток,Санкт-Петербург,40,6,31
2007-09-07,WEDU6654977,WEDU6654977_cycle_9,Отправлен_грузополучателю,Владивосток,Владивосток,20,3,2
2007-09-07,WEDU6874585,WEDU6874585_cycle_10,Прибыл_груженый,Санкт-Петербург,Владивосток,20,6,28
2007-09-08,BUTU2391445,BUTU2391445_cycle_11,Отправлен_по_ЖД,Владивосток,Москва,20,2,31
2007-09-08,BUTU7001309,BUTU7001309_cycle_11,Отправлен_грузополучателю,Санкт-Петербург,Санкт-Петербург,20,2,20
2007-09-08,BUTU8954572,BUTU8954572_cycle_9,Прибыл_свободным,Владивосток,Владивосток,40,4,0
2007-09-08,KNYU1824938,KNYU1824938_cycle_13,Передан_на_погрузку,Москва,Владивосток,20,0,39
2007-09-08,TOWU6899546,TOWU6899546_cycle_10,Прибыл_груженый,Владивосток,Москва,20,14,36
2007-09-08,TOWU6899546,TOWU6899546_cycle_10,Отправлен_по_ЖД,Владивосток,Москва,20,0,36
2007-09-09,CRTU1521773,CRTU1521773_cycle_9,Передан_на_погрузку,Владивосток,Москва,20,0,14
2007-09-09,CRTU1521773,CRTU1521773_cycle_9,Прибыл_груженый,Владивосток,Москва,20,0,14
2007-09-09,CRTU3557001,CRTU3557001_cycle_11,Отправлен_грузополучателю,Москва,Москва,20,4,24
2007-09-09,KNYU7944727,KNYU7944727_cycle_12,Прибыл_свободным,Москва,Москва,20,4,0
2007-09-09,KNYU9630138,KNYU9630138_cycle_10,Прибыл_свободным,Владивосток,Владивосток,20,16,0
2007-09-09,STNU2517447,STNU2517447_cycle_11,Передан_на_погрузку,Москва,Владивосток,40,0,21
2007-09-09,TIMU5165088,TIMU5165088_cycle_10,Отправлен_по_ЖД,Владивосток,Санкт-Петербург,40,2,29
2007-09-09,WEDU6654977,WEDU6654977_cycle_9,Прибыл_свободным,Владивосток,Владивосток,20,2,0
2007-09-09,WEDU8568487,WEDU8568487_cycle_13,Прибыл_по_ЖД,Владивосток,Владивосток,40,18,18
2007-09-10,CRTU1715325,CRTU1715325_cycle_11,Прибыл_свободным,Санкт-Петербург,Санкт-Петербург,40,25,0
2007-09-10,CRTU8114609,CRTU8114609_cycle_12,Прибыл_по_ЖД,Владивосток,Владивосток,20,16,3
2007-09-10,ERKU7945290,ERKU7945290_cycle_12,Прибыл_груженый,Москва,Санкт-Петербург,20,10,18
2007-09-10,KNYU1773354,KNYU1773354_cycle_9,Прибыл_по_ЖД,Москва,Москва,20,15,24
2007-09-10,KNYU6806102,KNYU6806102_cycle_10,Передан_на_погрузку,Владивосток,Санкт-Петербург,20,0,51
2007-09-10,STNU3092282,STNU3092282_cycle_11,Прибыл_свободным,Москва,Москва,40,14,0
2007-09-10,TIMU7736033,TIMU7736033_cycle_9,Прибыл_свободным,Санкт-Петербург,Санкт-Петербург,20,10,0
2007-09-10,WEDU2383938,WEDU2383938_cycle_10,Прибыл_свободным,Москва,Москва,20,23,0
2007-09-10,WEDU6874585,WEDU6874585_cycle_10,Отправлен_по_ЖД,Санкт-Петербург,Владивосток,20,3,25
2007-09-11,BUTU4321000,BUTU4321000_cycle_13,Прибыл_груженый,Санкт-Петербург,Москва,40,16,11
2007-09-11,BUTU8729025,BUTU8729025_cycle_10,Прибыл_по_ЖД,Владивосток,Владивосток,40,10,23
2007-09-11,CRTU1521773,CRTU1521773_cycle_9,Отправлен_по_ЖД,Владивосток,Москва,20,2,12
2007-09-11,CRTU1937935,CRTU1937935_cycle_9,Прибыл_свободным,Владивосток,Владивосток,40,20,0
2007-09-11,CRTU5834937,CRTU5834937_cycle_10,Прибыл_по_ЖД,Санкт-Петербург,Санкт-Петербург,20,17,21
2007-09-11,ERKU7945290,ERKU7945290_cycle_12,Отправлен_по_ЖД,Москва,Санкт-Петербург,20,1,17
2007-09-11,ERKU7945290,ERKU7945290_cycle_12,Прибыл_по_ЖД,Санкт-Петербург,Санкт-Петербург,20,0,17
2007-09-11,KNYU6970613,KNYU6970613_cycle_12,Прибыл_свободным,Санкт-Петербург,Санкт-Петербург,20,33,0
2007-09-11,KNYU6970613,KNYU6970613_cycle_13,Передан_на_погрузку,Санкт-Петербург,Москва,20,0,23
2007-09-11,TIMU1636645,TIMU1636645_cycle_9,Прибыл_груженый,Санкт-Петербург,Москва,20,8,15
2007-09-11,TOWU7808384,TOWU7808384_cycle_10,Прибыл_свободным,Санкт-Петербург,Санкт-Петербург,40,7,0
2007-09-11,WEDU8568487,WEDU8568487_cycle_13,Отправлен_грузополучателю,Владивосток,Владивосток,40,2,16
2007-09-12,BUTU4321000,BUTU4321000_cycle_13,Отправлен_по_ЖД,Санкт-Петербург,Москва,40,1,10
2007-09-12,BUTU4321000,BUTU4321000_cycle_13,Прибыл_по_ЖД,Москва,Москва,40,0,10
2007-09-12,CRTU1715325,CRTU1715325_cycle_12,Передан_на_погрузку,Санкт-Петербург,Москва,40,0,26
2007-09-12,CRTU5834937,CRTU5834937_cycle_10,Отправлен_грузополучателю,Санкт-Петербург,Санкт-Петербург,20,1,20
2007-09-12,ERKU3112209,ERKU3112209_cycle_9,Передан_на_погрузку,Владивосток,Санкт-Петербург,20,0,36
2007-09-12,KNYU1773354,KNYU1773354_cycle_9,Отправлен_грузополучателю,Москва,Москва,20,2,22
2007-09-12,KNYU7944727,KNYU7944727_cycle_13,Передан_на_погрузку,Москва,Санкт-Петербург,20,0,16
2007-09-12,STNU9845862,STNU9845862_cycle_10,Прибыл_по_ЖД,Санкт-Петербург,Санкт-Петербург,40,18,24
2007-09-12,TIMU6310893,TIMU6310893_cycle_12,Прибыл_свободным,Москва,Москва,40,22,0
2007-09-12,TOWU9896330,TOWU9896330_cycle_10,Передан_на_погрузку,Владивосток,Москва,40,0,61
2007-09-12,WEDU4651205,WEDU4651205_cycle_12,Прибыл_по_ЖД,Владивосток,Владивосток,20,13,10
2007-09-12,WEDU4651205,WEDU4651205_cycle_12,Отправлен_грузополучателю,Владивосток,Владивосток,20,0,10
2007-09-13,CRTU8114609,CRTU8114609_cycle_12,Отправлен_грузополучателю,Владивосток,Владивосток,20,3,0
2007-09-13,CRTU8114609,CRTU8114609_cycle_12,Прибыл_свободным,Владивосток,Владивосток,20,0,0
2007-09-13,CRTU8114609,CRTU8114609_cycle_13,Передан_на_погрузку,Владивосток,Москва,20,0,45
2007-09-13,ERKU3123425,ERKU3123425_cycle_11,Прибыл_свободным,Санкт-Петербург,Санкт-Петербург,20,15,0
2007-09-13,ERKU7945290,ERKU7945290_cycle_12,Отправлен_грузополучателю,Санкт-Петербург,Санкт-Петербург,20,2,15
2007-09-13,KNYU1824938,KNYU1824938_cycle_13,Прибыл_груженый,Москва,Владивосток,20,5,34
2007-09-13,STNU1402586,STNU1402586_cycle_12,Передан_на_погрузку,Москва,Владивосток,20,0,40
2007-09-13,TIMU8887794,TIMU8887794_cycle_10,Прибыл_свободным,Санкт-Петербург,Санкт-Петербург,20,14,0
2007-09-13,TOWU7931879,TOWU7931879_cycle_12,Прибыл_по_ЖД,Владивосток,Владивосток,40,10,30
2007-09-13,TOWU7931879,TOWU7931879_cycle_12,Отправлен_грузополучателю,Владивосток,Владивосток,40,0,30
2007-09-13,TOWU8351331,TOWU8351331_cycle_9,Прибыл_по_ЖД,Владивосток,Владивосток,20,12,16
2007-09-14,BUTU1300953,BUTU1300953_cycle_10,Прибыл_свободным,Владивосток,Владивосток,40,7,0
2007-09-14,BUTU8729025,BUTU8729025_cycle_10,Отправлен_грузополучателю,Владивосток,Владивосток,40,3,20
2007-09-14,CRTU6264170,CRTU6264170_cycle_12,Передан_на_погрузку,Санкт-Петербург,Москва,40,0,47
2007-09-14,KNYU1824938,KNYU1824938_cycle_13,Отправлен_по_ЖД,Москва,Владивосток,20,1,33
2007-09-14,KNYU5372067,KNYU5372067_cycle_11,Прибыл_свободным,Москва,Москва,40,18,0
2007-09-14,KNYU5372067,KNYU5372067_cycle_12,Передан_на_погрузку,Москва,Владивосток,40,0,54
2007-09-14,KNYU9683883,KNYU9683883_cycle_12,Прибыл_свободным,Владивосток,Владивосток,20,22,0
2007-09-14,STNU9845862,STNU9845862_cycle_10,Отправлен_грузополучателю,Санкт-Петербург,Санкт-Петербург,40,2,22
2007-09-14,TIMU1636645,TIMU1636645_cycle_9,Отправлен_по_ЖД,Санкт-Петербург,Москва,20,3,12
2007-09-14,TIMU8010374,TIMU8010374_cycle_11,Прибыл_груженый,Москва,Владивосток,20,11,30
2007-09-14,TOWU8351331,TOWU8351331_cycle_9,Отправлен_грузополучателю,Владивосток,Владивосток,20,1,15
2007-09-15,BUTU4321000,BUTU4321000_cycle_13,Отправлен_грузополучателю,Москва,Москва,40,3,7
2007-09-15,BUTU9513169,BUTU9513169_cycle_12,Прибыл_свободным,Санкт-Петербург,Санкт-Петербург,40,24,0
2007-09-15,KNYU1033833,KNYU1033833_cycle_10,Прибыл_по_ЖД,Москва,Москва,40,11,9
2007-09-15,KNYU3537798,KNYU3537798_cycle_12,Прибыл_груженый,Владивосток,Санкт-Петербург,20,14,38
2007-09-15,KNYU8173059,KNYU8173059_cycle_12,Прибыл_по_ЖД,Санкт-Петербург,Санкт-Петербург,20,17,13
2007-09-15,TIMU1636645,TIMU1636645_cycle_9,Прибыл_по_ЖД,Москва,Москва,20,1,11
2007-09-15,TIMU1636645,TIMU1636645_cycle_9,Отправлен_грузополучателю,Москва,Москва,20,0,11
2007-09-15,TOWU3611630,TOWU3611630_cycle_10,Прибыл_свободным,Владивосток,Владивосток,40,17,0
2007-09-15,WEDU7707795,WEDU7707795_cycle_12,Прибыл_груженый,Владивосток,Москва,40,11,56
2007-09-16,CRTU1167966,CRTU1167966_cycle_11,Передан_на_погрузку,Москва,Владивосток,40,0,40
2007-09-16,ERKU3112209,ERKU3112209_cycle_9,Прибыл_груженый,Владивосток,Санкт-Петербург,20,4,32
2007-09-16,ERKU5797068,ERKU5797068_cycle_11,Прибыл_груженый,Владивосток,Санкт-Петербург,40,13,18
2007-09-16,KNYU3537798,KNYU3537798_cycle_12,Отправлен_по_ЖД,Владивосток,Санкт-Петербург,20,1,37
2007-09-16,STNU2517447,STNU2517447_cycle_11,Прибыл_груженый,Москва,Владивосток,40,7,14
2007-09-16,STNU2517447,STNU2517447_cycle_11,Отправлен_по_ЖД,Москва,Владивосток,40,0,14
2007-09-16,TIMU8010374,TIMU8010374_cycle_11,Отправлен_по_ЖД,Москва,Владивосток,20,2,28
2007-09-16,TOWU5892461,TOWU5892461_cycle_10,Прибыл_свободным,Владивосток,Владивосток,40,10,0
2007-09-17,CRTU1715325,CRTU1715325_cycle_12,Прибыл_груженый,Санкт-Петербург,Москва,40,5,21
2007-09-17,KNYU4619290,KNYU4619290_cycle_11,Прибыл_свободным,Владивосток,Владивосток,40,19,0
2007-09-17,KNYU5786200,KNYU5786200_cycle_10,Прибыл_груженый,Санкт-Петербург,Москва,20,21,20
2007-09-17,KNYU8173059,KNYU8173059_cycle_12,Отправлен_грузополучателю,Санкт-Петербург,Санкт-Петербург,20,2,11
2007-09-17,STNU5088417,STNU5088417_cycle_10,Прибыл_по_ЖД,Владивосток,Владивосток,40,13,13
2007-09-17,STNU6396019,STNU6396019_cycle_11,Прибыл_по_ЖД,Санкт-Петербург,Санкт-Петербург,40,10,19
2007-09-17,STNU6396019,STNU6396019_cycle_11,Отправлен_грузополучателю,Санкт-Петербург,Санкт-Петербург,40,0,19
2007-09-17,WEDU7000544,WEDU7000544_cycle_10,Прибыл_по_ЖД,Москва,Москва,20,16,17
2007-09-17,WEDU7000544,WEDU7000544_cycle_10,Отправлен_грузополучателю,Москва,Москва,20,0,17
2007-09-18,CRTU2093770,CRTU2093770_cycle_11,Прибыл_по_ЖД,Санкт-Петербург,Санкт-Петербург,40,17,14
2007-09-18,ERKU3112209,ERKU3112209_cycle_9,Отправлен_по_ЖД,Владивосток,Санкт-Петербург,20,2,30
2007-09-18,ERKU5797068,ERKU5797068_cycle_11,Отправлен_по_ЖД,Владивосток,Санкт-Петербург,40,2,16
2007-09-18,STNU5088417,STNU5088417_cycle_10,Отправлен_грузополучателю,Владивосток,Владивосток,40,1,12
2007-09-18,TIMU3137493,TIMU3137493_cycle_11,Прибыл_свободным,Москва,Москва,40,25,0
2007-09-18,TIMU7964806,TIMU7964806_cycle_9,Прибыл_груженый,Владивосток,Санкт-Петербург,40,14,31
2007-09-18,WEDU7707795,WEDU7707795_cycle_12,Отправлен_по_ЖД,Владивосток,Москва,40,3,53
2007-09-19,CRTU1715325,CRTU1715325_cycle_12,Отправлен_по_ЖД,Санкт-Петербург,Москва,40,2,19
2007-09-19,CRTU1715325,CRTU1715325_cycle_12,Прибыл_по_ЖД,Москва,Москва,40,0,19
2007-09-19,CRTU1715325,CRTU1715325_cycle_12,Отправлен_грузополучателю,Москва,Москва,40,0,19
2007-09-19,CRTU2093770,CRTU2093770_cycle_11,Отправлен_грузополучателю,Санкт-Петербург,Санкт-Петербург,40,1,13
2007-09-19,CRTU8128829,CRTU8128829_cycle_14,Передан_на_погрузку,Санкт-Петербург,Москва,20,0,22
2007-09-19,ERKU8324044,ERKU8324044_cycle_10,Прибыл_свободным,Владивосток,Владивосток,40,32,0
2007-09-19,ERKU8324044,ERKU8324044_cycle_11,Передан_на_погрузку,Владивосток,Санкт-Петербург,40,0,55
2007-09-19,KNYU1033833,KNYU1033833_cycle_10,Отправлен_грузополучателю,Москва,Москва,40,4,5
2007-09-19,STNU1402586,STNU1402586_cycle_12,Прибыл_груженый,Москва,Владивосток,20,6,34
2007-09-19,STNU1402586,STNU1402586_cycle_12,Отправлен_по_ЖД,Москва,Владивосток,20,0,34
2007-09-19,TIMU7964806,TIMU7964806_cycle_9,Отправлен_по_ЖД,Владивосток,Санкт-Петербург,40,1,30
2007-09-19,TOWU8161314,TOWU8161314_cycle_10,Прибыл_свободным,Москва,Москва,20,17,0
2007-09-19,WEDU6102098,WEDU6102098_cycle_9,Прибыл_свободным,Москва,Москва,20,25,0
2007-09-19,WEDU6102098,WEDU6102098_cycle_10,Передан_на_погрузку,Москва,Владивосток,20,0,60
2007-09-20,BUTU7130462,BUTU7130462_cycle_10,Прибыл_по_ЖД,Москва,Москва,20,15,12
2007-09-20,BUTU9513169,BUTU9513169_cycle_13,Передан_на_погрузку,Санкт-Петербург,Владивосток,40,0,62
2007-09-20,CRTU1521773,CRTU1521773_cycle_9,Прибыл_по_ЖД,Москва,Москва,20,9,3
2007-09-20,CRTU8128829,CRTU8128829_cycle_14,Прибыл_груженый,Санкт-Петербург,Москва,20,1,21
2007-09-20,KNYU5786200,KNYU5786200_cycle_10,Отправлен_по_ЖД,Санкт-Петербург,Москва,20,3,17
2007-09-20,KNYU6806102,KNYU6806102_cycle_10,Прибыл_груженый,Владивосток,Санкт-Петербург,20,10,41
2007-09-20,STNU4510100,STNU4510100_cycle_11,Прибыл_по_ЖД,Владивосток,Владивосток,20,14,22
2007-09-20,TIMU3137493,TIMU3137493_cycle_12,Передан_на_погрузку,Москва,Владивосток,40,0,30
2007-09-20,TOWU2940273,TOWU2940273_cycle_11,Прибыл_свободным,Москва,Москва,40,15,0
2007-09-20,WEDU2383938,WEDU2383938_cycle_11,Передан_на_погрузку,Москва,Владивосток,20,0,39
2007-09-21,CRTU1521773,CRTU1521773_cycle_9,Отправлен_грузополучателю,Москва,Москва,20,1,2
2007-09-21,CRTU8128829,CRTU8128829_cycle_14,Отправлен_по_ЖД,Санкт-Петербург,Москва,20,1,20
2007-09-21,KNYU3335859,KNYU3335859_cycle_11,Прибыл_по_ЖД,Владивосток,Владивосток,20,14,20
2007-09-21,KNYU5786200,KNYU5786200_cycle_10,Прибыл_по_ЖД,Москва,Москва,20,1,16
2007-09-21,KNYU5786200,KNYU5786200_cycle_10,Отправлен_грузополучателю,Москва,Москва,20,0,16
2007-09-21,KNYU7944727,KNYU7944727_cycle_13,Прибыл_груженый,Москва,Санкт-Петербург,20,9,7
2007-09-21,STNU2794431,STNU2794431_cycle_10,Прибыл_по_ЖД,Владивосток,Владивосток,20,17,20
2007-09-21,STNU3092282,STNU3092282_cycle_12,Передан_на_погрузку,Москва,Санкт-Петербург,40,0,24
2007-09-21,STNU4510100,STNU4510100_cycle_11,Отправлен_грузополучателю,Владивосток,Владивосток,20,1,21
2007-09-21,TIMU3656871,TIMU3656871_cycle_10,Прибыл_груженый,Москва,Санкт-Петербург,20,19,8
2007-09-21,TIMU3656871,TIMU3656871_cycle_10,Отправлен_по_ЖД,Москва,Санкт-Петербург,20,0,8
2007-09-21,TIMU3656871,TIMU3656871_cycle_10,Прибыл_по_ЖД,Санкт-Петербург,Санкт-Петербург,20,0,8
2007-09-21,WEDU2249581,WEDU2249581_cycle_11,Прибыл_по_ЖД,Москва,Москва,20,16,1
2007-09-21,WEDU6876299,WEDU6876299_cycle_11,Передан_на_погрузку,Владивосток,Москва,20,0,26
2007-09-22,BUTU4321000,BUTU4321000_cycle_13,Прибыл_свободным,Москва,Москва,40,7,0
2007-09-22,BUTU7130462,BUTU7130462_cycle_10,Отправлен_грузополучателю,Москва,Москва,20,2,10
2007-09-22,BUTU9513169,BUTU9513169_cycle_13,Прибыл_груженый,Санкт-Петербург,Владивосток,40,2,60
2007-09-22,KNYU6806102,KNYU6806102_cycle_10,Отправлен_по_ЖД,Владивосток,Санкт-Петербург,20,2,39
2007-09-22,KNYU7944727,KNYU7944727_cycle_13,Отправлен_по_ЖД,Москва,Санкт-Петербург,20,1,6
2007-09-22,KNYU7944727,KNYU7944727_cycle_13,Прибыл_по_ЖД,Санкт-Петербург,Санкт-Петербург,20,0,6
2007-09-22,TIMU3656871,TIMU3656871_cycle_10,Отправлен_грузополучателю,Санкт-Петербург,Санкт-Петербург,20,1,7
2007-09-22,TIMU5293271,TIMU5293271_cycle_12,Передан_на_погрузку,Санкт-Петербург,Москва,20,0,40
2007-09-22,TOWU2984334,TOWU2984334_cycle_14,Передан_на_погрузку,Санкт-Петербург,Владивосток,40,0,35
2007-09-22,WEDU2249581,WEDU2249581_cycle_11,Отправлен_грузополучателю,Москва,Москва,20,1,0
2007-09-22,WEDU2249581,WEDU2249581_cycle_11,Прибыл_свободным,Москва,Москва,20,0,0
2007-09-22,WEDU4651205,WEDU4651205_cycle_12,Прибыл_свободным,Владивосток,Владивосток,20,10,0
2007-09-22,WEDU4651205,WEDU4651205_cycle_13,Передан_на_погрузку,Владивосток,Москва,20,0,46
2007-09-23,BUTU9513169,BUTU9513169_cycle_13,Отправлен_по_ЖД,Санкт-Петербург,Владивосток,40,1,59
2007-09-23,CRTU1521773,CRTU1521773_cycle_9,Прибыл_свободным,Москва,Москва,20,2,0
2007-09-23,CRTU1521773,CRTU1521773_cycle_10,Передан_на_погрузку,Москва,Владивосток,20,0,40
2007-09-23,KNYU3335859,KNYU3335859_cycle_11,Отправлен_грузополучателю,Владивосток,Владивосток,20,2,18
2007-09-23,KNYU7944727,KNYU7944727_cycle_13,Отправлен_грузополучателю,Санкт-Петербург,Санкт-Петербург,20,1,5
2007-09-24,BUTU2391445,BUTU2391445_cycle_11,Прибыл_по_ЖД,Москва,Москва,20,16,15
2007-09-24,BUTU2391445,BUTU2391445_cycle_11,Отправлен_грузополучателю,Москва,Москва,20,0,15
2007-09-24,CRTU8128829,CRTU8128829_cycle_14,Прибыл_по_ЖД,Москва,Москва,20,3,17
2007-09-24,KNYU1033833,KNYU1033833_cycle_10,Прибыл_свободным,Москва,Москва,40,5,0
2007-09-24,KNYU5372067,KNYU5372067_cycle_12,Прибыл_груженый,Москва,Владивосток,40,10,44
2007-09-24,KNYU9630138,KNYU9630138_cycle_11,Передан_на_погрузку,Владивосток,Санкт-Петербург,20,0,66
2007-09-24,STNU2794431,STNU2794431_cycle_10,Отправлен_грузополучателю,Владивосток,Владивосток,20,3,17
2007-09-24,STNU4919514,STNU4919514_cycle_11,Передан_на_погрузку,Москва,Владивосток,40,0,68
2007-09-24,TIMU3137493,TIMU3137493_cycle_12,Прибыл_груженый,Москва,Владивосток,40,4,26
2007-09-24,TOWU6899546,TOWU6899546_cycle_10,Прибыл_по_ЖД,Москва,Москва,20,16,20
2007-09-24,WEDU6874585,WEDU6874585_cycle_10,Прибыл_по_ЖД,Владивосток,Владивосток,20,14,11
2007-09-25,CRTU3557936,CRTU3557936_cycle_11,Прибыл_по_ЖД,Москва,Москва,20,18,16
2007-09-25,KNYU1824938,KNYU1824938_cycle_13,Прибыл_по_ЖД,Владивосток,Владивосток,20,11,22
2007-09-25,STNU2517447,STNU2517447_cycle_11,Прибыл_по_ЖД,Владивосток,Владивосток,40,9,5
2007-09-25,TIMU5165088,TIMU5165088_cycle_10,Прибыл_по_ЖД,Санкт-Петербург,Санкт-Петербург,40,16,13
2007-09-25,TIMU8010374,TIMU8010374_cycle_11,Прибыл_по_ЖД,Владивосток,Владивосток,20,9,19
2007-09-25,TOWU5842316,TOWU5842316_cycle_12,Передан_на_погрузку,Москва,Санкт-Петербург,40,0,33
2007-09-25,TOWU6899546,TOWU6899546_cycle_10,Отправлен_грузополучателю,Москва,Москва,20,1,19
2007-09-25,TOWU8381849,TOWU8381849_cycle_9,Прибыл_свободным,Владивосток,Владивосток,20,20,0
2007-09-25,TOWU9892746,TOWU9892746_cycle_12,Передан_на_погрузку,Владивосток,Санкт-Петербург,40,0,46
2007-09-25,TOWU9896330,TOWU9896330_cycle_10,Прибыл_груженый,Владивосток,Москва,40,13,48
2007-09-25,WEDU5817433,WEDU5817433_cycle_11,Передан_на_погрузку,Москва,Владивосток,20,0,34
2007-09-25,WEDU6874585,WEDU6874585_cycle_10,Отправлен_грузополучателю,Владивосток,Владивосток,20,1,10
2007-09-26,BUTU7079823,BUTU7079823_cycle_12,Передан_на_погрузку,Владивосток,Санкт-Петербург,20,0,38
2007-09-26,ERKU3509749,ERKU3509749_cycle_11,Передан_на_погрузку,Санкт-Петербург,Москва,20,0,29
2007-09-26,KNYU1824938,KNYU1824938_cycle_13,Отправлен_грузополучателю,Владивосток,Владивосток,20,1,21
2007-09-26,KNYU4619290,KNYU4619290_cycle_12,Передан_на_погрузку,Владивосток,Санкт-Петербург,40,0,23
2007-09-26,KNYU4619290,KNYU4619290_cycle_12,Прибыл_груженый,Владивосток,Санкт-Петербург,40,0,23
2007-09-26,TIMU1636645,TIMU1636645_cycle_9,Прибыл_свободным,Москва,Москва,20,11,0
2007-09-26,TIMU3137493,TIMU3137493_cycle_12,Отправлен_по_ЖД,Москва,Владивосток,40,2,24
2007-09-26,TIMU8010374,TIMU8010374_cycle_11,Отправлен_грузополучателю,Владивосток,Владивосток,20,1,18
2007-09-26,TOWU9896330,TOWU9896330_cycle_10,Отправлен_по_ЖД,Владивосток,Москва,40,1,47
2007-09-27,CRTU2183954,CRTU2183954_cycle_12,Прибыл_груженый,Москва,Владивосток,40,20,32
2007-09-27,CRTU3557936,CRTU3557936_cycle_11,Отправлен_грузополучателю,Москва,Москва,20,2,14
2007-09-27,CRTU8114609,CRTU8114609_cycle_13,Прибыл_груженый,Владивосток,Москва,20,14,31
2007-09-27,CRTU8128829,CRTU8128829_cycle_14,Отправлен_грузополучателю,Москва,Москва,20,3,14
2007-09-27,KNYU6970613,KNYU6970613_cycle_13,Прибыл_груженый,Санкт-Петербург,Москва,20,16,7
2007-09-27,KNYU6970613,KNYU6970613_cycle_13,Отправлен_по_ЖД,Санкт-Петербург,Москва,20,0,7
2007-09-27,KNYU6970613,KNYU6970613_cycle_13,Прибыл_по_ЖД,Москва,Москва,20,0,7
2007-09-27,STNU2517447,STNU2517447_cycle_11,Отправлен_грузополучателю,Владивосток,Владивосток,40,2,3
2007-09-27,STNU9487869,STNU9487869_cycle_12,Прибыл_свободным,Москва,Москва,40,26,0
2007-09-27,TIMU5165088,TIMU5165088_cycle_10,Отправлен_грузополучателю,Санкт-Петербург,Санкт-Петербург,40,2,11
2007-09-27,TIMU7736033,TIMU7736033_cycle_10,Передан_на_погрузку,Санкт-Петербург,Москва,20,0,4
2007-09-27,TIMU7736033,TIMU7736033_cycle_10,Прибыл_груженый,Санкт-Петербург,Москва,20,0,4
2007-09-27,TOWU8381849,TOWU8381849_cycle_10,Передан_на_погрузку,Владивосток,Санкт-Петербург,20,0,38
2007-09-27,WEDU8568487,WEDU8568487_cycle_13,Прибыл_свободным,Владивосток,Владивосток,40,16,0
2007-09-27,WEDU9910122,WEDU9910122_cycle_10,Прибыл_свободным,Москва,Москва,40,21,0
2007-09-28,BUTU7001309,BUTU7001309_cycle_11,Прибыл_свободным,Санкт-Петербург,Санкт-Петербург,20,20,0
2007-09-28,CRTU6264170,CRTU6264170_cycle_12,Прибыл_груженый,Санкт-Петербург,Москва,40,14,33
2007-09-28,ERKU7945290,ERKU7945290_cycle_12,Прибыл_свободным,Санкт-Петербург,Санкт-Петербург,20,15,0
2007-09-28,KNYU3537798,KNYU3537798_cycle_12,Прибыл_по_ЖД,Санкт-Петербург,Санкт-Петербург,20,12,25
2007-09-28,KNYU4619290,KNYU4619290_cycle_12,Отправлен_по_ЖД,Владивосток,Санкт-Петербург,40,2,21
2007-09-28,KNYU5372067,KNYU5372067_cycle_12,Отправлен_по_ЖД,Москва,Владивосток,40,4,40
2007-09-28,KNYU7944727,KNYU7944727_cycle_13,Прибыл_свободным,Санкт-Петербург,Санкт-Петербург,20,5,0
2007-09-28,KNYU8173059,KNYU8173059_cycle_12,Прибыл_свободным,Санкт-Петербург,Санкт-Петербург,20,11,0
2007-09-28,TIMU6180706,TIMU6180706_cycle_12,Передан_на_погрузку,Владивосток,Санкт-Петербург,40,0,28
2007-09-29,CRTU2183954,CRTU2183954_cycle_12,Отправлен_по_ЖД,Москва,Владивосток,40,2,30
2007-09-29,ERKU3123425,ERKU3123425_cycle_12,Передан_на_погрузку,Санкт-Петербург,Москва,20,0,34
2007-09-29,ERKU5435191,ERKU5435191_cycle_9,Передан_на_погрузку,Москва,Санкт-Петербург,20,0,25
2007-09-29,TIMU3656871,TIMU3656871_cycle_10,Прибыл_свободным,Санкт-Петербург,Санкт-Петербург,20,7,0
2007-09-29,TOWU5892461,TOWU5892461_cycle_11,Передан_на_погрузку,Владивосток,Санкт-Петербург,40,0,42
2007-09-29,TOWU8351331,TOWU8351331_cycle_9,Прибыл_свободным,Владивосток,Владивосток,20,15,0
2007-09-29,TOWU9892746,TOWU9892746_cycle_12,Прибыл_груженый,Владивосток,Санкт-Петербург,40,4,42
2007-09-29,TOWU9892746,TOWU9892746_cycle_12,Отправлен_по_ЖД,Владивосток,Санкт-Петербург,40,0,42
2007-09-30,CRTU6264170,CRTU6264170_cycle_12,Отправлен_по_ЖД,Санкт-Петербург,Москва,40,2,31
2007-09-30,CRTU6264170,CRTU6264170_cycle_12,Прибыл_по_ЖД,Москва,Москва,40,0,31
2007-09-30,CRTU8114609,CRTU8114609_cycle_13,Отправлен_по_ЖД,Владивосток,Москва,20,3,28
2007-09-30,KNYU6970613,KNYU6970613_cycle_13,Отправлен_грузополучателю,Москва,Москва,20,3,4
2007-09-30,STNU2517447,STNU2517447_cycle_11,Прибыл_свободным,Владивосток,Владивосток,40,3,0
2007-09-30,STNU2517447,STNU2517447_cycle_12,Передан_на_погрузку,Владивосток,Москва,40,0,65
2007-09-30,STNU3092282,STNU3092282_cycle_12,Прибыл_груженый,Москва,Санкт-Петербург,40,9,15
2007-09-30,STNU5088417,STNU5088417_cycle_10,Прибыл_свободным,Владивосток,Владивосток,40,12,0
2007-09-30,STNU9767317,STNU9767317_cycle_11,Прибыл_свободным,Москва,Москва,20,37,0
2007-09-30,TIMU7736033,TIMU7736033_cycle_10,Отправлен_по_ЖД,Санкт-Петербург,Москва,20,3,1
2007-09-30,TIMU7736033,TIMU7736033_cycle_10,Прибыл_по_ЖД,Москва,Москва,20,0,1
2007-09-30,TOWU2984334,TOWU2984334_cycle_14,Прибыл_груженый,Санкт-Петербург,Владивосток,40,8,27
2007-09-30,WEDU6102098,WEDU6102098_cycle_10,Прибыл_груженый,Москва,Владивосток,20,11,49
2007-10-01,BUTU1300953,BUTU1300953_cycle_11,Передан_на_погрузку,Владивосток,Санкт-Петербург,40,0,34
2007-10-01,CRTU1167966,CRTU1167966_cycle_11,Прибыл_груженый,Москва,Владивосток,40,15,25
2007-10-01,CRTU1167966,CRTU1167966_cycle_11,Отправлен_по_ЖД,Москва,Владивосток,40,0,25
2007-10-01,ERKU7945290,ERKU7945290_cycle_13,Передан_на_погрузку,Санкт-Петербург,Москва,20,0,46
2007-10-01,KNYU3021654,KNYU3021654_cycle_12,Передан_на_погрузку,Владивосток,Москва,40,0,33
2007-10-01,KNYU3537798,KNYU3537798_cycle_12,Отправлен_грузополучателю,Санкт-Петербург,Санкт-Петербург,20,3,22
2007-10-01,TIMU7736033,TIMU7736033_cycle_10,Отправлен_грузополучателю,Москва,Москва,20,1,0
2007-10-01,TIMU7736033,TIMU7736033_cycle_10,Прибыл_свободным,Москва,Москва,20,0,0
2007-10-01,TOWU2835826,TOWU2835826_cycle_9,Прибыл_свободным,Москва,Москва,40,34,0
2007-10-02,BUTU1300953,BUTU1300953_cycle_11,Прибыл_груженый,Владивосток,Санкт-Петербург,40,1,33
2007-10-02,BUTU7130462,BUTU7130462_cycle_10,Прибыл_свободным,Москва,Москва,20,10,0
2007-10-02,CRTU2093770,CRTU2093770_cycle_11,Прибыл_свободным,Санкт-Петербург,Санкт-Петербург,40,13,0
2007-10-02,CRTU5834937,CRTU5834937_cycle_10,Прибыл_свободным,Санкт-Петербург,Санкт-Петербург,20,20,0
2007-10-02,CRTU6264170,CRTU6264170_cycle_12,Отправлен_грузополучателю,Москва,Москва,40,2,29
2007-10-02,ERKU5797068,ERKU5797068_cycle_11,Прибыл_по_ЖД,Санкт-Петербург,Санкт-Петербург,40,14,2
2007-10-02,ERKU5797068,ERKU5797068_cycle_11,Отправлен_грузополучателю,Санкт-Петербург,Санкт-Петербург,40,0,2
2007-10-02,STNU3092282,STNU3092282_cycle_12,Отправлен_по_ЖД,Москва,Санкт-Петербург,40,2,13
2007-10-02,TIMU3631350,TIMU3631350_cycle_9,Передан_на_погрузку,Санкт-Петербург,Москва,20,0,18
2007-10-02,WEDU6102098,WEDU6102098_cycle_10,Отправлен_по_ЖД,Москва,Владивосток,20,2,47
2007-10-02,WEDU6876299,WEDU6876299_cycle_11,Прибыл_груженый,Владивосток,Москва,20,11,15
2007-10-03,CRTU3557001,CRTU3557001_cycle_11,Прибыл_свободным,Москва,Москва,20,24,0
2007-10-03,CRTU3557001,CRTU3557001_cycle_12,Передан_на_погрузку,Москва,Санкт-Петербург,20,0,27
2007-10-03,STNU2356703,STNU2356703_cycle_9,Прибыл_свободным,Москва,Москва,40,32,0
2007-10-03,STNU3092282,STNU3092282_cycle_12,Прибыл_по_ЖД,Санкт-Петербург,Санкт-Петербург,40,1,12
2007-10-03,STNU3092282,STNU3092282_cycle_12,Отправлен_грузополучателю,Санкт-Петербург,Санкт-Петербург,40,0,12
2007-10-03,TIMU8061928,TIMU8061928_cycle_10,Передан_на_погрузку,Москва,Санкт-Петербург,20,0,21
2007-10-03,TIMU8061928,TIMU8061928_cycle_10,Прибыл_груженый,Москва,Санкт-Петербург,20,0,21
2007-10-03,TOWU2984334,TOWU2984334_cycle_14,Отправлен_по_ЖД,Санкт-Петербург,Владивосток,40,3,24
2007-10-04,BUTU1300953,BUTU1300953_cycle_11,Отправлен_по_ЖД,Владивосток,Санкт-Петербург,40,2,31
2007-10-04,BUTU8729025,BUTU8729025_cycle_10,Прибыл_свободным,Владивосток,Владивосток,40,20,0
2007-10-04,ERKU5797068,ERKU5797068_cycle_11,Прибыл_свободным,Санкт-Петербург,Санкт-Петербург,40,2,0
2007-10-04,KNYU1773354,KNYU1773354_cycle_9,Прибыл_свободным,Москва,Москва,20,22,0
2007-10-04,KNYU6970613,KNYU6970613_cycle_13,Прибыл_свободным,Москва,Москва,20,4,0
2007-10-04,TOWU5892461,TOWU5892461_cycle_11,Прибыл_груженый,Владивосток,Санкт-Петербург,40,5,37
2007-10-04,TOWU5892461,TOWU5892461_cycle_11,Отправлен_по_ЖД,Владивосток,Санкт-Петербург,40,0,37
2007-10-04,WEDU2383938,WEDU2383938_cycle_11,Прибыл_груженый,Москва,Владивосток,20,14,25
2007-10-04,WEDU7000544,WEDU7000544_cycle_10,Прибыл_свободным,Москва,Москва,20,17,0
2007-10-05,BUTU8954572,BUTU8954572_cycle_10,Передан_на_погрузку,Владивосток,Москва,40,0,27
2007-10-05,KNYU3021654,KNYU3021654_cycle_12,Прибыл_груженый,Владивосток,Москва,40,4,29
2007-10-05,TIMU7964806,TIMU7964806_cycle_9,Прибыл_по_ЖД,Санкт-Петербург,Санкт-Петербург,40,16,14
2007-10-05,TIMU8061928,TIMU8061928_cycle_10,Отправлен_по_ЖД,Москва,Санкт-Петербург,20,2,19
2007-10-05,TOWU9896330,TOWU9896330_cycle_10,Прибыл_по_ЖД,Москва,Москва,40,9,38
2007-10-05,WEDU5817433,WEDU5817433_cycle_11,Прибыл_груженый,Москва,Владивосток,20,10,24
2007-10-05,WEDU6874585,WEDU6874585_cycle_10,Прибыл_свободным,Владивосток,Владивосток,20,10,0
2007-10-05,WEDU6876299,WEDU6876299_cycle_11,Отправлен_по_ЖД,Владивосток,Москва,20,3,12
2007-10-06,CRTU1521773,CRTU1521773_cycle_10,Прибыл_груженый,Москва,Владивосток,20,13,27
2007-10-06,ERKU3123425,ERKU3123425_cycle_12,Прибыл_груженый,Санкт-Петербург,Москва,20,7,27
2007-10-06,ERKU5435191,ERKU5435191_cycle_9,Прибыл_груженый,Москва,Санкт-Петербург,20,7,18
2007-10-06,ERKU5435191,ERKU5435191_cycle_9,Отправлен_по_ЖД,Москва,Санкт-Петербург,20,0,18
2007-10-06,STNU6396019,STNU6396019_cycle_11,Прибыл_свободным,Санкт-Петербург,Санкт-Петербург,40,19,0
2007-10-06,STNU9845862,STNU9845862_cycle_10,Прибыл_свободным,Санкт-Петербург,Санкт-Петербург,40,22,0
2007-10-06,TIMU7964806,TIMU7964806_cycle_9,Отправлен_грузополучателю,Санкт-Петербург,Санкт-Петербург,40,1,13
2007-10-06,WEDU6874585,WEDU6874585_cycle_11,Передан_на_погрузку,Владивосток,Москва,20,0,41
2007-10-06,WEDU7707795,WEDU7707795_cycle_12,Прибыл_по_ЖД,Москва,Москва,40,18,35
2007-10-06,WEDU7707795,WEDU7707795_cycle_12,Отправлен_грузополучателю,Москва,Москва,40,0,35
2007-10-07,BUTU8954572,BUTU8954572_cycle_10,Прибыл_груженый,Владивосток,Москва,40,2,25
2007-10-07,CRTU1521773,CRTU1521773_cycle_10,Отправлен_по_ЖД,Москва,Владивосток,20,1,26
2007-10-07,ERKU3112209,ERKU3112209_cycle_9,Прибыл_по_ЖД,Санкт-Петербург,Санкт-Петербург,20,19,11
2007-10-07,ERKU3123425,ERKU3123425_cycle_12,Отправлен_по_ЖД,Санкт-Петербург,Москва,20,1,26
2007-10-07,ERKU3123425,ERKU3123425_cycle_12,Прибыл_по_ЖД,Москва,Москва,20,0,26
2007-10-07,ERKU8324044,ERKU8324044_cycle_11,Прибыл_груженый,Владивосток,Санкт-Петербург,40,18,37
2007-10-07,KNYU3021654,KNYU3021654_cycle_12,Отправлен_по_ЖД,Владивосток,Москва,40,2,27
2007-10-07,KNYU5786200,KNYU5786200_cycle_10,Прибыл_свободным,Москва,Москва,20,16,0
2007-10-07,KNYU5786200,KNYU5786200_cycle_11,Передан_на_погрузку,Москва,Владивосток,20,0,38
2007-10-07,KNYU7944727,KNYU7944727_cycle_14,Передан_на_погрузку,Санкт-Петербург,Москва,20,0,27
2007-10-07,STNU1402586,STNU1402586_cycle_12,Прибыл_по_ЖД,Владивосток,Владивосток,20,18,16
2007-10-07,TIMU8061928,TIMU8061928_cycle_10,Прибыл_по_ЖД,Санкт-Петербург,Санкт-Петербург,20,2,17
2007-10-07,TOWU9896330,TOWU9896330_cycle_10,Отправлен_грузополучателю,Москва,Москва,40,2,36
2007-10-07,WEDU2383938,WEDU2383938_cycle_11,Отправлен_по_ЖД,Москва,Владивосток,20,3,22
2007-10-07,WEDU4651205,WEDU4651205_cycle_13,Прибыл_груженый,Владивосток,Москва,20,15,31
2007-10-08,BUTU7079823,BUTU7079823_cycle_12,Прибыл_груженый,Владивосток,Санкт-Петербург,20,12,26
2007-10-08,BUTU7079823,BUTU7079823_cycle_12,Отправлен_по_ЖД,Владивосток,Санкт-Петербург,20,0,26
2007-10-08,CRTU1715325,CRTU1715325_cycle_12,Прибыл_свободным,Москва,Москва,40,19,0
2007-10-08,ERKU3112209,ERKU3112209_cycle_9,Отправлен_грузополучателю,Санкт-Петербург,Санкт-Петербург,20,1,10
2007-10-08,STNU4919514,STNU4919514_cycle_11,Прибыл_груженый,Москва,Владивосток,40,14,54
2007-10-08,TIMU5165088,TIMU5165088_cycle_10,Прибыл_свободным,Санкт-Петербург,Санкт-Петербург,40,11,0
2007-10-08,TIMU8061928,TIMU8061928_cycle_10,Отправлен_грузополучателю,Санкт-Петербург,Санкт-Петербург,20,1,16
2007-10-08,TOWU8381849,TOWU8381849_cycle_10,Прибыл_груженый,Владивосток,Санкт-Петербург,20,11,27
2007-10-08,WEDU5817433,WEDU5817433_cycle_11,Отправлен_по_ЖД,Москва,Владивосток,20,3,21
2007-10-09,BUTU2391445,BUTU2391445_cycle_11,Прибыл_свободным,Москва,Москва,20,15,0
2007-10-09,BUTU8954572,BUTU8954572_cycle_10,Отправлен_по_ЖД,Владивосток,Москва,40,2,23
2007-10-09,ERKU8324044,ERKU8324044_cycle_11,Отправлен_по_ЖД,Владивосток,Санкт-Петербург,40,2,35
2007-10-09,KNYU4619290,KNYU4619290_cycle_12,Прибыл_по_ЖД,Санкт-Петербург,Санкт-Петербург,40,11,10
2007-10-09,KNYU9630138,KNYU9630138_cycle_11,Прибыл_груженый,Владивосток,Санкт-Петербург,20,15,51
2007-10-09,STNU4919514,STNU4919514_cycle_11,Отправлен_по_ЖД,Москва,Владивосток,40,1,53
2007-10-09,TIMU3137493,TIMU3137493_cycle_12,Прибыл_по_ЖД,Владивосток,Владивосток,40,13,11
2007-10-09,WEDU4651205,WEDU4651205_cycle_13,Отправлен_по_ЖД,Владивосток,Москва,20,2,29
2007-10-10,BUTU7001309,BUTU7001309_cycle_12,Передан_на_погрузку,Санкт-Петербург,Москва,20,0,29
2007-10-10,BUTU9513169,BUTU9513169_cycle_13,Прибыл_по_ЖД,Владивосток,Владивосток,40,17,42
2007-10-10,ERKU3123425,ERKU3123425_cycle_12,Отправлен_грузополучателю,Москва,Москва,20,3,23
2007-10-10,ERKU5435191,ERKU5435191_cycle_9,Прибыл_по_ЖД,Санкт-Петербург,Санкт-Петербург,20,4,14
2007-10-10,STNU1402586,STNU1402586_cycle_12,Отправлен_грузополучателю,Владивосток,Владивосток,20,3,13
2007-10-10,TIMU3656871,TIMU3656871_cycle_11,Передан_на_погрузку,Санкт-Петербург,Владивосток,20,0,39
2007-10-10,TIMU9543550,TIMU9543550_cycle_14,Передан_на_погрузку,Санкт-Петербург,Владивосток,40,0,34
2007-10-10,TOWU8381849,TOWU8381849_cycle_10,Отправлен_по_ЖД,Владивосток,Санкт-Петербург,20,2,25
2007-10-11,CRTU3557936,CRTU3557936_cycle_11,Прибыл_свободным,Москва,Москва,20,14,0
2007-10-11,CRTU3557936,CRTU3557936_cycle_12,Передан_на_погрузку,Москва,Владивосток,20,0,46
2007-10-11,CRTU8128829,CRTU8128829_cycle_14,Прибыл_свободным,Москва,Москва,20,14,0
2007-10-11,ERKU5435191,ERKU5435191_cycle_9,Отправлен_грузополучателю,Санкт-Петербург,Санкт-Петербург,20,1,13
2007-10-11,KNYU3335859,KNYU3335859_cycle_11,Прибыл_свободным,Владивосток,Владивосток,20,18,0
2007-10-11,KNYU6806102,KNYU6806102_cycle_10,Прибыл_по_ЖД,Санкт-Петербург,Санкт-Петербург,20,19,20
2007-10-11,STNU2794431,STNU2794431_cycle_10,Прибыл_свободным,Владивосток,Владивосток,20,17,0
2007-10-11,STNU2794431,STNU2794431_cycle_11,Передан_на_погрузку,Владивосток,Москва,20,0,41
2007-10-11,TIMU5293271,TIMU5293271_cycle_12,Прибыл_груженый,Санкт-Петербург,Москва,20,19,21
2007-10-11,TIMU6180706,TIMU6180706_cycle_12,Прибыл_груженый,Владивосток,Санкт-Петербург,40,13,15
2007-10-11,TOWU7808384,TOWU7808384_cycle_11,Передан_на_погрузку,Санкт-Петербург,Москва,40,0,6
2007-10-11,TOWU7808384,TOWU7808384_cycle_11,Прибыл_груженый,Санкт-Петербург,Москва,40,0,6
2007-10-12,BUTU9513169,BUTU9513169_cycle_13,Отправлен_грузополучателю,Владивосток,Владивосток,40,2,40
2007-10-12,CRTU1167966,CRTU1167966_cycle_11,Прибыл_по_ЖД,Владивосток,Владивосток,40,11,14
2007-10-12,ERKU7945290,ERKU7945290_cycle_13,Прибыл_груженый,Санкт-Петербург,Москва,20,11,35
2007-10-12,ERKU7945290,ERKU7945290_cycle_13,Отправлен_по_ЖД,Санкт-Петербург,Москва,20,0,35
2007-10-12,KNYU4619290,KNYU4619290_cycle_12,Отправлен_грузополучателю,Санкт-Петербург,Санкт-Петербург,40,3,7
2007-10-12,KNYU5372067,KNYU5372067_cycle_12,Прибыл_по_ЖД,Владивосток,Владивосток,40,14,26
2007-10-12,STNU4510100,STNU4510100_cycle_11,Прибыл_свободным,Владивосток,Владивосток,20,21,0
2007-10-12,TIMU3137493,TIMU3137493_cycle_12,Отправлен_грузополучателю,Владивосток,Владивосток,40,3,8
2007-10-12,TIMU8887794,TIMU8887794_cycle_11,Передан_на_погрузку,Санкт-Петербург,Владивосток,20,0,56
2007-10-12,TOWU7808384,TOWU7808384_cycle_11,Отправлен_по_ЖД,Санкт-Петербург,Москва,40,1,5
2007-10-12,TOWU7808384,TOWU7808384_cycle_11,Прибыл_по_ЖД,Москва,Москва,40,0,5
2007-10-13,CRTU1937935,CRTU1937935_cycle_10,Передан_на_погрузку,Владивосток,Санкт-Петербург,40,0,47
2007-10-13,KNYU6806102,KNYU6806102_cycle_10,Отправлен_грузополучателю,Санкт-Петербург,Санкт-Петербург,20,2,18
2007-10-13,TIMU3631350,TIMU3631350_cycle_9,Прибыл_груженый,Санкт-Петербург,Москва,20,11,7
2007-10-13,TIMU5293271,TIMU5293271_cycle_12,Отправлен_по_ЖД,Санкт-Петербург,Москва,20,2,19
2007-10-13,TIMU6180706,TIMU6180706_cycle_12,Отправлен_по_ЖД,Владивосток,Санкт-Петербург,40,2,13
2007-10-13,TOWU7931879,TOWU7931879_cycle_12,Прибыл_свободным,Владивосток,Владивосток,40,30,0
2007-10-13,WEDU2249581,WEDU2249581_cycle_12,Передан_на_погрузку,Москва,Санкт-Петербург,20,0,9
2007-10-14,BUTU4321000,BUTU4321000_cycle_14,Передан_на_погрузку,Москва,Владивосток,40,0,19
2007-10-14,CRTU1167966,CRTU1167966_cycle_11,Отправлен_грузополучателю,Владивосток,Владивосток,40,2,12
2007-10-14,CRTU8114609,CRTU8114609_cycle_13,Прибыл_по_ЖД,Москва,Москва,20,14,14
2007-10-14,STNU9767317,STNU9767317_cycle_12,Передан_на_погрузку,Москва,Санкт-Петербург,20,0,6
2007-10-14,STNU9767317,STNU9767317_cycle_12,Прибыл_груженый,Москва,Санкт-Петербург,20,0,6
2007-10-14,TIMU8010374,TIMU8010374_cycle_11,Прибыл_свободным,Владивосток,Владивосток,20,18,0
2007-10-14,TIMU8010374,TIMU8010374_cycle_12,Передан_на_погрузку,Владивосток,Москва,20,0,41
2007-10-14,TOWU5842316,TOWU5842316_cycle_12,Прибыл_груженый,Москва,Санкт-Петербург,40,19,14
2007-10-14,TOWU6899546,TOWU6899546_cycle_10,Прибыл_свободным,Москва,Москва,20,19,0
2007-10-14,TOWU7808384,TOWU7808384_cycle_11,Отправлен_грузополучателю,Москва,Москва,40,2,3
2007-10-15,CRTU8114609,CRTU8114609_cycle_13,Отправлен_грузополучателю,Москва,Москва,20,1,13
2007-10-15,KNYU5372067,KNYU5372067_cycle_12,Отправлен_грузополучателю,Владивосток,Владивосток,40,3,23
2007-10-15,KNYU9630138,KNYU9630138_cycle_11,Отправлен_по_ЖД,Владивосток,Санкт-Петербург,20,6,45
2007-10-15,STNU3092282,STNU3092282_cycle_12,Прибыл_свободным,Санкт-Петербург,Санкт-Петербург,40,12,0
2007-10-15,STNU3092282,STNU3092282_cycle_13,Передан_на_погрузку,Санкт-Петербург,Москва,40,0,33
2007-10-15,STNU9767317,STNU9767317_cycle_12,Отправлен_по_ЖД,Москва,Санкт-Петербург,20,1,5
2007-10-15,STNU9767317,STNU9767317_cycle_12,Прибыл_по_ЖД,Санкт-Петербург,Санкт-Петербург,20,0,5
2007-10-15,TIMU3631350,TIMU3631350_cycle_9,Отправлен_по_ЖД,Санкт-Петербург,Москва,20,2,5
2007-10-15,TIMU6310893,TIMU6310893_cycle_13,Передан_на_погрузку,Москва,Санкт-Петербург,40,0,21
2007-10-15,TOWU9892746,TOWU9892746_cycle_12,Прибыл_по_ЖД,Санкт-Петербург,Санкт-Петербург,40,16,26
2007-10-15,TOWU9892746,TOWU9892746_cycle_12,Отправлен_грузополучателю,Санкт-Петербург,Санкт-Петербург,40,0,26
2007-10-16,BUTU8954572,BUTU8954572_cycle_10,Прибыл_по_ЖД,Москва,Москва,40,7,16
2007-10-16,CRTU2183954,CRTU2183954_cycle_12,Прибыл_по_ЖД,Владивосток,Владивосток,40,17,13
2007-10-16,CRTU5834937,CRTU5834937_cycle_11,Передан_на_погрузку,Санкт-Петербург,Владивосток,20,0,59
2007-10-16,ERKU7945290,ERKU7945290_cycle_13,Прибыл_по_ЖД,Москва,Москва,20,4,31
2007-10-16,STNU9767317,STNU9767317_cycle_12,Отправлен_грузополучателю,Санкт-Петербург,Санкт-Петербург,20,1,4
2007-10-16,TIMU3631350,TIMU3631350_cycle_9,Прибыл_по_ЖД,Москва,Москва,20,1,4
2007-10-16,TIMU5293271,TIMU5293271_cycle_12,Прибыл_по_ЖД,Москва,Москва,20,3,16
2007-10-16,TIMU8010374,TIMU8010374_cycle_12,Прибыл_груженый,Владивосток,Москва,20,2,39
2007-10-16,TOWU5842316,TOWU5842316_cycle_12,Отправлен_по_ЖД,Москва,Санкт-Петербург,40,2,12
2007-10-16,TOWU5842316,TOWU5842316_cycle_12,Прибыл_по_ЖД,Санкт-Петербург,Санкт-Петербург,40,0,12
2007-10-16,WEDU2249581,WEDU2249581_cycle_12,Прибыл_груженый,Москва,Санкт-Петербург,20,3,6
2007-10-16,WEDU6876299,WEDU6876299_cycle_11,Прибыл_по_ЖД,Москва,Москва,20,11,1
2007-10-17,BUTU1300953,BUTU1300953_cycle_11,Прибыл_по_ЖД,Санкт-Петербург,Санкт-Петербург,40,13,18
2007-10-17,ERKU3509749,ERKU3509749_cycle_11,Прибыл_груженый,Санкт-Петербург,Москва,20,21,8
2007-10-17,KNYU1824938,KNYU1824938_cycle_13,Прибыл_свободным,Владивосток,Владивосток,20,21,0
2007-10-17,KNYU7944727,KNYU7944727_cycle_14,Прибыл_груженый,Санкт-Петербург,Москва,20,10,17
2007-10-17,KNYU7944727,KNYU7944727_cycle_14,Отправлен_по_ЖД,Санкт-Петербург,Москва,20,0,17
2007-10-17,KNYU7944727,KNYU7944727_cycle_14,Прибыл_по_ЖД,Москва,Москва,20,0,17
2007-10-17,TIMU5293271,TIMU5293271_cycle_12,Отправлен_грузополучателю,Москва,Москва,20,1,15
2007-10-17,TIMU8250428,TIMU8250428_cycle_12,Передан_на_погрузку,Владивосток,Москва,20,0,36
2007-10-17,TOWU7808384,TOWU7808384_cycle_11,Прибыл_свободным,Москва,Москва,40,3,0
2007-10-17,WEDU2249581,WEDU2249581_cycle_12,Отправлен_по_ЖД,Москва,Санкт-Петербург,20,1,5
2007-10-17,WEDU2249581,WEDU2249581_cycle_12,Прибыл_по_ЖД,Санкт-Петербург,Санкт-Петербург,20,0,5
2007-10-17,WEDU6654977,WEDU6654977_cycle_10,Передан_на_погрузку,Владивосток,Москва,20,0,38
2007-10-17,WEDU6654977,WEDU6654977_cycle_10,Прибыл_груженый,Владивосток,Москва,20,0,38
2007-10-17,WEDU6876299,WEDU6876299_cycle_11,Отправлен_грузополучателю,Москва,Москва,20,1,0
2007-10-17,WEDU6876299,WEDU6876299_cycle_11,Прибыл_свободным,Москва,Москва,20,0,0
2007-10-18,BUTU1300953,BUTU1300953_cycle_11,Отправлен_грузополучателю,Санкт-Петербург,Санкт-Петербург,40,1,17
2007-10-18,BUTU4321000,BUTU4321000_cycle_14,Прибыл_груженый,Москва,Владивосток,40,4,15
2007-10-18,BUTU8954572,BUTU8954572_cycle_10,Отправлен_грузополучателю,Москва,Москва,40,2,14
2007-10-18,ERKU3112209,ERKU3112209_cycle_9,Прибыл_свободным,Санкт-Петербург,Санкт-Петербург,20,10,0
2007-10-18,ERKU3509749,ERKU3509749_cycle_11,Отправлен_по_ЖД,Санкт-Петербург,Москва,20,1,7
2007-10-18,STNU9845862,STNU9845862_cycle_11,Передан_на_погрузку,Санкт-Петербург,Москва,40,0,19
2007-10-18,TIMU3631350,TIMU3631350_cycle_9,Отправлен_грузополучателю,Москва,Москва,20,2,2
2007-10-18,TIMU7736033,TIMU7736033_cycle_11,Передан_на_погрузку,Москва,Санкт-Петербург,20,0,40
2007-10-18,TIMU9543550,TIMU9543550_cycle_14,Прибыл_груженый,Санкт-Петербург,Владивосток,40,8,26
2007-10-18,TOWU5842316,TOWU5842316_cycle_12,Отправлен_грузополучателю,Санкт-Петербург,Санкт-Петербург,40,2,10
2007-10-18,TOWU8161314,TOWU8161314_cycle_11,Передан_на_погрузку,Москва,Санкт-Петербург,20,0,31
2007-10-18,WEDU2249581,WEDU2249581_cycle_12,Отправлен_грузополучателю,Санкт-Петербург,Санкт-Петербург,20,1,4
2007-10-19,CRTU2093770,CRTU2093770_cycle_12,Передан_на_погрузку,Санкт-Петербург,Москва,40,0,44
2007-10-19,CRTU2183954,CRTU2183954_cycle_12,Отправлен_грузополучателю,Владивосток,Владивосток,40,3,10
2007-10-19,CRTU3557001,CRTU3557001_cycle_12,Прибыл_груженый,Москва,Санкт-Петербург,20,16,11
2007-10-19,KNYU1033833,KNYU1033833_cycle_11,Передан_на_погрузку,Москва,Владивосток,40,0,36
2007-10-19,KNYU4619290,KNYU4619290_cycle_12,Прибыл_свободным,Санкт-Петербург,Санкт-Петербург,40,7,0
2007-10-19,KNYU5786200,KNYU5786200_cycle_11,Прибыл_груженый,Москва,Владивосток,20,12,26
2007-10-19,KNYU5786200,KNYU5786200_cycle_11,Отправлен_по_ЖД,Москва,Владивосток,20,0,26
2007-10-19,KNYU7944727,KNYU7944727_cycle_14,Отправлен_грузополучателю,Москва,Москва,20,2,15
2007-10-19,STNU2517447,STNU2517447_cycle_12,Прибыл_груженый,Владивосток,Москва,40,19,46
2007-10-19,TIMU1636645,TIMU1636645_cycle_10,Передан_на_погрузку,Москва,Санкт-Петербург,20,0,14
2007-10-19,TIMU1636645,TIMU1636645_cycle_10,Прибыл_груженый,Москва,Санкт-Петербург,20,0,14
2007-10-19,TIMU5165088,TIMU5165088_cycle_11,Передан_на_погрузку,Санкт-Петербург,Москва,40,0,14
2007-10-19,TIMU7964806,TIMU7964806_cycle_9,Прибыл_свободным,Санкт-Петербург,Санкт-Петербург,40,13,0
2007-10-19,TIMU8010374,TIMU8010374_cycle_12,Отправлен_по_ЖД,Владивосток,Москва,20,3,36
2007-10-19,WEDU5817433,WEDU5817433_cycle_11,Прибыл_по_ЖД,Владивосток,Владивосток,20,11,10
2007-10-19,WEDU5817433,WEDU5817433_cycle_11,Отправлен_грузополучателю,Владивосток,Владивосток,20,0,10
2007-10-20,BUTU4321000,BUTU4321000_cycle_14,Отправлен_по_ЖД,Москва,Владивосток,40,2,13
2007-10-20,ERKU7945290,ERKU7945290_cycle_13,Отправлен_грузополучателю,Москва,Москва,20,4,27
2007-10-20,KNYU1437543,KNYU1437543_cycle_12,Передан_на_погрузку,Москва,Санкт-Петербург,20,0,19
2007-10-20,STNU2356703,STNU2356703_cycle_10,Передан_на_погрузку,Москва,Санкт-Петербург,40,0,28
2007-10-20,STNU4510100,STNU4510100_cycle_12,Передан_на_погрузку,Владивосток,Москва,20,0,49
2007-10-20,STNU9767317,STNU9767317_cycle_12,Прибыл_свободным,Санкт-Петербург,Санкт-Петербург,20,4,0
2007-10-20,TIMU3137493,TIMU3137493_cycle_12,Прибыл_свободным,Владивосток,Владивосток,40,8,0
2007-10-20,TIMU3631350,TIMU3631350_cycle_9,Прибыл_свободным,Москва,Москва,20,2,0
2007-10-20,WEDU2383938,WEDU2383938_cycle_11,Прибыл_по_ЖД,Владивосток,Владивосток,20,13,9
2007-10-21,BUTU7001309,BUTU7001309_cycle_12,Прибыл_груженый,Санкт-Петербург,Москва,20,11,18
2007-10-21,CRTU3557001,CRTU3557001_cycle_12,Отправлен_по_ЖД,Москва,Санкт-Петербург,20,2,9
2007-10-21,ERKU3509749,ERKU3509749_cycle_11,Прибыл_по_ЖД,Москва,Москва,20,3,4
2007-10-21,KNYU1773354,KNYU1773354_cycle_10,Передан_на_погрузку,Москва,Санкт-Петербург,20,0,28
2007-10-21,STNU2517447,STNU2517447_cycle_12,Отправлен_по_ЖД,Владивосток,Москва,40,2,44
2007-10-21,TIMU1636645,TIMU1636645_cycle_10,Отправлен_по_ЖД,Москва,Санкт-Петербург,20,2,12
2007-10-21,TIMU1636645,TIMU1636645_cycle_10,Прибыл_по_ЖД,Санкт-Петербург,Санкт-Петербург,20,0,12
2007-10-21,TIMU3656871,TIMU3656871_cycle_11,Прибыл_груженый,Санкт-Петербург,Владивосток,20,11,28
2007-10-21,TIMU8250428,TIMU8250428_cycle_12,Прибыл_груженый,Владивосток,Москва,20,4,32
2007-10-21,TOWU2984334,TOWU2984334_cycle_14,Прибыл_по_ЖД,Владивосток,Владивосток,40,18,6
2007-10-21,TOWU5892461,TOWU5892461_cycle_11,Прибыл_по_ЖД,Санкт-Петербург,Санкт-Петербург,40,17,20
2007-10-21,WEDU2383938,WEDU2383938_cycle_11,Отправлен_грузополучателю,Владивосток,Владивосток,20,1,8
2007-10-21,WEDU6654977,WEDU6654977_cycle_10,Отправлен_по_ЖД,Владивосток,Москва,20,4,34
2007-10-21,WEDU6874585,WEDU6874585_cycle_11,Прибыл_груженый,Владивосток,Москва,20,15,26
2007-10-21,WEDU6874585,WEDU6874585_cycle_11,Отправлен_по_ЖД,Владивосток,Москва,20,0,26
2007-10-22,CRTU1521773,CRTU1521773_cycle_10,Прибыл_по_ЖД,Владивосток,Владивосток,20,15,11
2007-10-22,CRTU3557001,CRTU3557001_cycle_12,Прибыл_по_ЖД,Санкт-Петербург,Санкт-Петербург,20,1,8
2007-10-22,CRTU3557936,CRTU3557936_cycle_12,Прибыл_груженый,Москва,Владивосток,20,11,35
2007-10-22,TIMU1636645,TIMU1636645_cycle_10,Отправлен_грузополучателю,Санкт-Петербург,Санкт-Петербург,20,1,11
2007-10-22,TIMU6310893,TIMU6310893_cycle_13,Прибыл_груженый,Москва,Санкт-Петербург,40,7,14
2007-10-22,TIMU9543550,TIMU9543550_cycle_14,Отправлен_по_ЖД,Санкт-Петербург,Владивосток,40,4,22
2007-10-22,TOWU3611630,TOWU3611630_cycle_11,Передан_на_погрузку,Владивосток,Москва,40,0,43
2007-10-22,TOWU8161314,TOWU8161314_cycle_11,Прибыл_груженый,Москва,Санкт-Петербург,20,4,27
2007-10-22,TOWU8381849,TOWU8381849_cycle_10,Прибыл_по_ЖД,Санкт-Петербург,Санкт-Петербург,20,12,13
2007-10-22,WEDU2249581,WEDU2249581_cycle_12,Прибыл_свободным,Санкт-Петербург,Санкт-Петербург,20,4,0
2007-10-22,WEDU6102098,WEDU6102098_cycle_10,Прибыл_по_ЖД,Владивосток,Владивосток,20,20,27
2007-10-23,ERKU8324044,ERKU8324044_cycle_11,Прибыл_по_ЖД,Санкт-Петербург,Санкт-Петербург,40,14,21
2007-10-23,KNYU3537798,KNYU3537798_cycle_12,Прибыл_свободным,Санкт-Петербург,Санкт-Петербург,20,22,0
2007-10-23,STNU1402586,STNU1402586_cycle_12,Прибыл_свободным,Владивосток,Владивосток,20,13,0
2007-10-23,TOWU2940273,TOWU2940273_cycle_12,Передан_на_погрузку,Москва,Санкт-Петербург,40,0,21
2007-10-23,TOWU2984334,TOWU2984334_cycle_14,Отправлен_грузополучателю,Владивосток,Владивосток,40,2,4
2007-10-23,TOWU8381849,TOWU8381849_cycle_10,Отправлен_грузополучателю,Санкт-Петербург,Санкт-Петербург,20,1,12
2007-10-24,BUTU7001309,BUTU7001309_cycle_12,Отправлен_по_ЖД,Санкт-Петербург,Москва,20,3,15
2007-10-24,CRTU3557936,CRTU3557936_cycle_12,Отправлен_по_ЖД,Москва,Владивосток,20,2,33
2007-10-24,ERKU3509749,ERKU3509749_cycle_11,Отправлен_грузополучателю,Москва,Москва,20,3,1
2007-10-24,ERKU5435191,ERKU5435191_cycle_9,Прибыл_свободным,Санкт-Петербург,Санкт-Петербург,20,13,0
2007-10-24,KNYU1437543,KNYU1437543_cycle_12,Прибыл_груженый,Москва,Санкт-Петербург,20,4,15
2007-10-24,TIMU6310893,TIMU6310893_cycle_13,Отправлен_по_ЖД,Москва,Санкт-Петербург,40,2,12
2007-10-24,TIMU8061928,TIMU8061928_cycle_10,Прибыл_свободным,Санкт-Петербург,Санкт-Петербург,20,16,0
2007-10-24,TIMU8250428,TIMU8250428_cycle_12,Отправлен_по_ЖД,Владивосток,Москва,20,3,29
2007-10-24,TIMU8887794,TIMU8887794_cycle_11,Прибыл_груженый,Санкт-Петербург,Владивосток,20,12,44
2007-10-24,TOWU5892461,TOWU5892461_cycle_11,Отправлен_грузополучателю,Санкт-Петербург,Санкт-Петербург,40,3,17
2007-10-24,TOWU6899546,TOWU6899546_cycle_11,Передан_на_погрузку,Москва,Санкт-Петербург,20,0,44
2007-10-24,TOWU6899546,TOWU6899546_cycle_11,Прибыл_груженый,Москва,Санкт-Петербург,20,0,44
2007-10-24,TOWU8161314,TOWU8161314_cycle_11,Отправлен_по_ЖД,Москва,Санкт-Петербург,20,2,25
2007-10-24,TOWU8161314,TOWU8161314_cycle_11,Прибыл_по_ЖД,Санкт-Петербург,Санкт-Петербург,20,0,25
2007-10-24,WEDU6102098,WEDU6102098_cycle_10,Отправлен_грузополучателю,Владивосток,Владивосток,20,2,25
2007-10-24,WEDU9910122,WEDU9910122_cycle_11,Передан_на_погрузку,Москва,Владивосток,40,0,25
2007-10-25,BUTU7001309,BUTU7001309_cycle_12,Прибыл_по_ЖД,Москва,Москва,20,1,14
2007-10-25,CRTU1521773,CRTU1521773_cycle_10,Отправлен_грузополучателю,Владивосток,Владивосток,20,3,8
2007-10-25,CRTU3557001,CRTU3557001_cycle_12,Отправлен_грузополучателю,Санкт-Петербург,Санкт-Петербург,20,3,5
2007-10-25,ERKU3509749,ERKU3509749_cycle_11,Прибыл_свободным,Москва,Москва,20,1,0
2007-10-25,ERKU5797068,ERKU5797068_cycle_12,Передан_на_погрузку,Санкт-Петербург,Владивосток,40,0,36
2007-10-25,KNYU1437543,KNYU1437543_cycle_12,Отправлен_по_ЖД,Москва,Санкт-Петербург,20,1,14
2007-10-25,KNYU1437543,KNYU1437543_cycle_12,Прибыл_по_ЖД,Санкт-Петербург,Санкт-Петербург,20,0,14
2007-10-25,KNYU3021654,KNYU3021654_cycle_12,Прибыл_по_ЖД,Москва,Москва,40,18,9
2007-10-25,KNYU3021654,KNYU3021654_cycle_12,Отправлен_грузополучателю,Москва,Москва,40,0,9
2007-10-25,KNYU8173059,KNYU8173059_cycle_13,Передан_на_погрузку,Санкт-Петербург,Москва,20,0,48
2007-10-25,TIMU3656871,TIMU3656871_cycle_11,Отправлен_по_ЖД,Санкт-Петербург,Владивосток,20,4,24
2007-10-25,TIMU5165088,TIMU5165088_cycle_11,Прибыл_груженый,Санкт-Петербург,Москва,40,6,8
2007-10-25,TIMU6180706,TIMU6180706_cycle_12,Прибыл_по_ЖД,Санкт-Петербург,Санкт-Петербург,40,12,1
2007-10-26,BUTU7079823,BUTU7079823_cycle_12,Прибыл_по_ЖД,Санкт-Петербург,Санкт-Петербург,20,18,8
2007-10-26,BUTU7079823,BUTU7079823_cycle_12,Отправлен_грузополучателю,Санкт-Петербург,Санкт-Петербург,20,0,8
2007-10-26,CRTU1167966,CRTU1167966_cycle_11,Прибыл_свободным,Владивосток,Владивосток,40,12,0
2007-10-26,CRTU1167966,CRTU1167966_cycle_12,Передан_на_погрузку,Владивосток,Санкт-Петербург,40,0,53
2007-10-26,STNU3092282,STNU3092282_cycle_13,Прибыл_груженый,Санкт-Петербург,Москва,40,11,22
2007-10-26,TIMU5165088,TIMU5165088_cycle_11,Отправлен_по_ЖД,Санкт-Петербург,Москва,40,1,7
2007-10-26,TIMU5165088,TIMU5165088_cycle_11,Прибыл_по_ЖД,Москва,Москва,40,0,7
2007-10-26,TIMU6180706,TIMU6180706_cycle_12,Отправлен_грузополучателю,Санкт-Петербург,Санкт-Петербург,40,1,0
2007-10-26,TIMU6180706,TIMU6180706_cycle_12,Прибыл_свободным,Санкт-Петербург,Санкт-Петербург,40,0,0
2007-10-26,TIMU8887794,TIMU8887794_cycle_11,Отправлен_по_ЖД,Санкт-Петербург,Владивосток,20,2,42
2007-10-26,TOWU6899546,TOWU6899546_cycle_11,Отправлен_по_ЖД,Москва,Санкт-Петербург,20,2,42
2007-10-27,CRTU1715325,CRTU1715325_cycle_13,Передан_на_погрузку,Москва,Санкт-Петербург,40,0,27
2007-10-27,ERKU5797068,ERKU5797068_cycle_12,Прибыл_груженый,Санкт-Петербург,Владивосток,40,2,34
2007-10-27,ERKU8324044,ERKU8324044_cycle_11,Отправлен_грузополучателю,Санкт-Петербург,Санкт-Петербург,40,4,17
2007-10-27,KNYU1437543,KNYU1437543_cycle_12,Отправлен_грузополучателю,Санкт-Петербург,Санкт-Петербург,20,2,12
2007-10-27,KNYU6970613,KNYU6970613_cycle_14,Передан_на_погрузку,Москва,Санкт-Петербург,20,0,23
2007-10-27,STNU3092282,STNU3092282_cycle_13,Отправлен_по_ЖД,Санкт-Петербург,Москва,40,1,21
2007-10-27,TIMU6310893,TIMU6310893_cycle_13,Прибыл_по_ЖД,Санкт-Петербург,Санкт-Петербург,40,3,9
2007-10-27,TOWU2984334,TOWU2984334_cycle_14,Прибыл_свободным,Владивосток,Владивосток,40,4,0
2007-10-27,TOWU8161314,TOWU8161314_cycle_11,Отправлен_грузополучателю,Санкт-Петербург,Санкт-Петербург,20,3,22
2007-10-27,TOWU8351331,TOWU8351331_cycle_10,Передан_на_погрузку,Владивосток,Санкт-Петербург,20,0,35
2007-10-27,WEDU4651205,WEDU4651205_cycle_13,Прибыл_по_ЖД,Москва,Москва,20,18,11
2007-10-28,BUTU7001309,BUTU7001309_cycle_12,Отправлен_грузополучателю,Москва,Москва,20,3,11
2007-10-28,CRTU8114609,CRTU8114609_cycle_13,Прибыл_свободным,Москва,Москва,20,13,0
2007-10-28,STNU2794431,STNU2794431_cycle_11,Прибыл_груженый,Владивосток,Москва,20,17,24
2007-10-28,TIMU5165088,TIMU5165088_cycle_11,Отправлен_грузополучателю,Москва,Москва,40,2,5
2007-10-28,TOWU5842316,TOWU5842316_cycle_12,Прибыл_свободным,Санкт-Петербург,Санкт-Петербург,40,10,0
2007-10-29,CRTU2183954,CRTU2183954_cycle_12,Прибыл_свободным,Владивосток,Владивосток,40,10,0
2007-10-29,ERKU5797068,ERKU5797068_cycle_12,Отправлен_по_ЖД,Санкт-Петербург,Владивосток,40,2,32
2007-10-29,KNYU9630138,KNYU9630138_cycle_11,Прибыл_по_ЖД,Санкт-Петербург,Санкт-Петербург,20,14,31
2007-10-29,STNU3092282,STNU3092282_cycle_13,Прибыл_по_ЖД,Москва,Москва,40,2,19
2007-10-29,STNU4919514,STNU4919514_cycle_11,Прибыл_по_ЖД,Владивосток,Владивосток,40,20,33
2007-10-29,TIMU7736033,TIMU7736033_cycle_11,Прибыл_груженый,Москва,Санкт-Петербург,20,11,29
2007-10-29,TIMU9543550,TIMU9543550_cycle_14,Прибыл_по_ЖД,Владивосток,Владивосток,40,7,15
2007-10-29,WEDU2383938,WEDU2383938_cycle_11,Прибыл_свободным,Владивосток,Владивосток,20,8,0
2007-10-29,WEDU5817433,WEDU5817433_cycle_11,Прибыл_свободным,Владивосток,Владивосток,20,10,0
2007-10-29,WEDU5817433,WEDU5817433_cycle_12,Передан_на_погрузку,Владивосток,Москва,20,0,54
2007-10-29,WEDU6874585,WEDU6874585_cycle_11,Прибыл_по_ЖД,Москва,Москва,20,8,18
2007-10-29,WEDU7000544,WEDU7000544_cycle_11,Передан_на_погрузку,Москва,Санкт-Петербург,20,0,32
2007-10-30,CRTU3557001,CRTU3557001_cycle_12,Прибыл_свободным,Санкт-Петербург,Санкт-Петербург,20,5,0
2007-10-30,STNU2356703,STNU2356703_cycle_10,Прибыл_груженый,Москва,Санкт-Петербург,40,10,18
2007-10-30,STNU5088417,STNU5088417_cycle_11,Передан_на_погрузку,Владивосток,Санкт-Петербург,40,0,48
2007-10-30,TIMU6310893,TIMU6310893_cycle_13,Отправлен_грузополучателю,Санкт-Петербург,Санкт-Петербург,40,3,6
2007-10-30,TIMU7736033,TIMU7736033_cycle_11,Отправлен_по_ЖД,Москва,Санкт-Петербург,20,1,28
2007-10-30,WEDU4651205,WEDU4651205_cycle_13,Отправлен_грузополучателю,Москва,Москва,20,3,8
2007-10-30,WEDU6876299,WEDU6876299_cycle_12,Передан_на_погрузку,Москва,Владивосток,20,0,40
2007-10-31,CRTU6264170,CRTU6264170_cycle_12,Прибыл_свободным,Москва,Москва,40,29,0
2007-10-31,KNYU6806102,KNYU6806102_cycle_10,Прибыл_свободным,Санкт-Петербург,Санкт-Петербург,20,18,0
2007-10-31,KNYU9630138,KNYU9630138_cycle_11,Отправлен_грузополучателю,Санкт-Петербург,Санкт-Петербург,20,2,29
2007-10-31,STNU2356703,STNU2356703_cycle_10,Отправлен_по_ЖД,Москва,Санкт-Петербург,40,1,17
2007-10-31,STNU2356703,STNU2356703_cycle_10,Прибыл_по_ЖД,Санкт-Петербург,Санкт-Петербург,40,0,17
2007-10-31,TIMU7736033,TIMU7736033_cycle_11,Прибыл_по_ЖД,Санкт-Петербург,Санкт-Петербург,20,1,27
2007-10-31,TIMU7736033,TIMU7736033_cycle_11,Отправлен_грузополучателю,Санкт-Петербург,Санкт-Петербург,20,0,27
2007-10-31,TIMU9543550,TIMU9543550_cycle_14,Отправлен_грузополучателю,Владивосток,Владивосток,40,2,13
2007-10-31,TOWU6899546,TOWU6899546_cycle_11,Прибыл_по_ЖД,Санкт-Петербург,Санкт-Петербург,20,5,37
2007-10-31,WEDU2383938,WEDU2383938_cycle_12,Передан_на_погрузку,Владивосток,Москва,20,0,44
2007-11-01,BUTU4321000,BUTU4321000_cycle_14,Прибыл_по_ЖД,Владивосток,Владивосток,40,12,1
2007-11-01,BUTU7130462,BUTU7130462_cycle_11,Передан_на_погрузку,Москва,Владивосток,20,0,45
2007-11-01,BUTU8954572,BUTU8954572_cycle_10,Прибыл_свободным,Москва,Москва,40,14,0
2007-11-01,BUTU8954572,BUTU8954572_cycle_11,Передан_на_погрузку,Москва,Владивосток,40,0,40
2007-11-01,ERKU4123975,ERKU4123975_cycle_11,Передан_на_погрузку,Москва,Санкт-Петербург,40,0,37
2007-11-01,KNYU1033833,KNYU1033833_cycle_11,Прибыл_груженый,Москва,Владивосток,40,13,23
2007-11-01,KNYU5786200,KNYU5786200_cycle_11,Прибыл_по_ЖД,Владивосток,Владивосток,20,13,13
2007-11-01,KNYU5786200,KNYU5786200_cycle_11,Отправлен_грузополучателю,Владивосток,Владивосток,20,0,13
2007-11-01,STNU2794431,STNU2794431_cycle_11,Отправлен_по_ЖД,Владивосток,Москва,20,4,20
2007-11-01,STNU3092282,STNU3092282_cycle_13,Отправлен_грузополучателю,Москва,Москва,40,3,16
2007-11-01,STNU4919514,STNU4919514_cycle_11,Отправлен_грузополучателю,Владивосток,Владивосток,40,3,30
2007-11-01,STNU9845862,STNU9845862_cycle_11,Прибыл_груженый,Санкт-Петербург,Москва,40,14,5
2007-11-01,TIMU5293271,TIMU5293271_cycle_12,Прибыл_свободным,Москва,Москва,20,15,0
2007-11-01,TOWU3611630,TOWU3611630_cycle_11,Прибыл_груженый,Владивосток,Москва,40,10,33
2007-11-01,TOWU6899546,TOWU6899546_cycle_11,Отправлен_грузополучателю,Санкт-Петербург,Санкт-Петербург,20,1,36
2007-11-01,WEDU6654977,WEDU6654977_cycle_10,Прибыл_по_ЖД,Москва,Москва,20,11,23
2007-11-01,WEDU6874585,WEDU6874585_cycle_11,Отправлен_грузополучателю,Москва,Москва,20,3,15
2007-11-02,BUTU4321000,BUTU4321000_cycle_14,Отправлен_грузополучателю,Владивосток,Владивосток,40,1,0
2007-11-02,BUTU4321000,BUTU4321000_cycle_14,Прибыл_свободным,Владивосток,Владивосток,40,0,0
2007-11-02,CRTU1521773,CRTU1521773_cycle_10,Прибыл_свободным,Владивосток,Владивосток,20,8,0
2007-11-02,CRTU1521773,CRTU1521773_cycle_11,Передан_на_погрузку,Владивосток,Москва,20,0,43
2007-11-02,CRTU1937935,CRTU1937935_cycle_10,Прибыл_груженый,Владивосток,Санкт-Петербург,40,20,27
2007-11-02,CRTU2093770,CRTU2093770_cycle_12,Прибыл_груженый,Санкт-Петербург,Москва,40,14,30
2007-11-02,ERKU3123425,ERKU3123425_cycle_12,Прибыл_свободным,Москва,Москва,20,23,0
2007-11-02,STNU4510100,STNU4510100_cycle_12,Прибыл_груженый,Владивосток,Москва,20,13,36
2007-11-02,STNU9845862,STNU9845862_cycle_11,Отправлен_по_ЖД,Санкт-Петербург,Москва,40,1,4
2007-11-02,STNU9845862,STNU9845862_cycle_11,Прибыл_по_ЖД,Москва,Москва,40,0,4
2007-11-02,TIMU1636645,TIMU1636645_cycle_10,Прибыл_свободным,Санкт-Петербург,Санкт-Петербург,20,11,0
2007-11-02,TIMU5165088,TIMU5165088_cycle_11,Прибыл_свободным,Москва,Москва,40,5,0
2007-11-02,WEDU6654977,WEDU6654977_cycle_10,Отправлен_грузополучателю,Москва,Москва,20,1,22
2007-11-02,WEDU7000544,WEDU7000544_cycle_11,Прибыл_груженый,Москва,Санкт-Петербург,20,4,28
2007-11-02,WEDU8568487,WEDU8568487_cycle_14,Передан_на_погрузку,Владивосток,Санкт-Петербург,40,0,33
2007-11-03,BUTU7079823,BUTU7079823_cycle_12,Прибыл_свободным,Санкт-Петербург,Санкт-Петербург,20,8,0
2007-11-03,CRTU3557936,CRTU3557936_cycle_12,Прибыл_по_ЖД,Владивосток,Владивосток,20,10,23
2007-11-03,ERKU8281105,ERKU8281105_cycle_11,Передан_на_погрузку,Санкт-Петербург,Москва,40,0,17
2007-11-03,KNYU3021654,KNYU3021654_cycle_12,Прибыл_свободным,Москва,Москва,40,9,0
2007-11-03,KNYU4619290,KNYU4619290_cycle_13,Передан_на_погрузку,Санкт-Петербург,Москва,40,0,52
2007-11-03,KNYU6970613,KNYU6970613_cycle_14,Прибыл_груженый,Москва,Санкт-Петербург,20,7,16
2007-11-03,KNYU7944727,KNYU7944727_cycle_14,Прибыл_свободным,Москва,Москва,20,15,0
2007-11-03,KNYU9683883,KNYU9683883_cycle_13,Передан_на_погрузку,Владивосток,Санкт-Петербург,20,0,30
2007-11-03,STNU2356703,STNU2356703_cycle_10,Отправлен_грузополучателю,Санкт-Петербург,Санкт-Петербург,40,3,14
2007-11-03,STNU9845862,STNU9845862_cycle_11,Отправлен_грузополучателю,Москва,Москва,40,1,3
2007-11-03,TOWU8351331,TOWU8351331_cycle_10,Прибыл_груженый,Владивосток,Санкт-Петербург,20,7,28
2007-11-03,WEDU6876299,WEDU6876299_cycle_12,Прибыл_груженый,Москва,Владивосток,20,4,36
2007-11-03,WEDU7000544,WEDU7000544_cycle_11,Отправлен_по_ЖД,Москва,Санкт-Петербург,20,1,27
2007-11-04,BUTU1300953,BUTU1300953_cycle_11,Прибыл_свободным,Санкт-Петербург,Санкт-Петербург,40,17,0
2007-11-04,BUTU1300953,BUTU1300953_cycle_12,Передан_на_погрузку,Санкт-Петербург,Владивосток,40,0,55
2007-11-04,BUTU2391445,BUTU2391445_cycle_12,Передан_на_погрузку,Москва,Владивосток,20,0,23
2007-11-04,CRTU1937935,CRTU1937935_cycle_10,Отправлен_по_ЖД,Владивосток,Санкт-Петербург,40,2,25
2007-11-04,CRTU2093770,CRTU2093770_cycle_12,Отправлен_по_ЖД,Санкт-Петербург,Москва,40,2,28
2007-11-04,CRTU3557936,CRTU3557936_cycle_12,Отправлен_грузополучателю,Владивосток,Владивосток,20,1,22
2007-11-04,KNYU1033833,KNYU1033833_cycle_11,Отправлен_по_ЖД,Москва,Владивосток,40,3,20
2007-11-04,STNU4510100,STNU4510100_cycle_12,Отправлен_по_ЖД,Владивосток,Москва,20,2,34
2007-11-04,TOWU3611630,TOWU3611630_cycle_11,Отправлен_по_ЖД,Владивосток,Москва,40,3,30
2007-11-04,TOWU8381849,TOWU8381849_cycle_10,Прибыл_свободным,Санкт-Петербург,Санкт-Петербург,20,12,0
2007-11-04,TOWU8381849,TOWU8381849_cycle_11,Передан_на_погрузку,Санкт-Петербург,Владивосток,20,0,22
2007-11-04,WEDU2383938,WEDU2383938_cycle_12,Прибыл_груженый,Владивосток,Москва,20,4,40
2007-11-04,WEDU6876299,WEDU6876299_cycle_12,Отправлен_по_ЖД,Москва,Владивосток,20,1,35
2007-11-05,CRTU2093770,CRTU2093770_cycle_12,Прибыл_по_ЖД,Москва,Москва,40,1,27
2007-11-05,CRTU5834937,CRTU5834937_cycle_11,Прибыл_груженый,Санкт-Петербург,Владивосток,20,20,39
2007-11-05,KNYU3335859,KNYU3335859_cycle_12,Передан_на_погрузку,Владивосток,Москва,20,0,36
2007-11-05,KNYU6970613,KNYU6970613_cycle_14,Отправлен_по_ЖД,Москва,Санкт-Петербург,20,2,14
2007-11-05,KNYU6970613,KNYU6970613_cycle_14,Прибыл_по_ЖД,Санкт-Петербург,Санкт-Петербург,20,0,14
2007-11-05,KNYU6970613,KNYU6970613_cycle_14,Отправлен_грузополучателю,Санкт-Петербург,Санкт-Петербург,20,0,14
2007-11-05,KNYU8173059,KNYU8173059_cycle_13,Прибыл_груженый,Санкт-Петербург,Москва,20,11,37
2007-11-05,TIMU6310893,TIMU6310893_cycle_13,Прибыл_свободным,Санкт-Петербург,Санкт-Петербург,40,6,0
2007-11-06,CRTU1167966,CRTU1167966_cycle_12,Прибыл_груженый,Владивосток,Санкт-Петербург,40,11,42
2007-11-06,CRTU1715325,CRTU1715325_cycle_13,Прибыл_груженый,Москва,Санкт-Петербург,40,10,17
2007-11-06,CRTU2093770,CRTU2093770_cycle_12,Отправлен_грузополучателю,Москва,Москва,40,1,26
2007-11-06,CRTU5834937,CRTU5834937_cycle_11,Отправлен_по_ЖД,Санкт-Петербург,Владивосток,20,1,38
2007-11-06,CRTU8128829,CRTU8128829_cycle_15,Передан_на_погрузку,Москва,Санкт-Петербург,20,0,23
2007-11-06,ERKU5435191,ERKU5435191_cycle_10,Передан_на_погрузку,Санкт-Петербург,Москва,20,0,35
2007-11-06,KNYU3021654,KNYU3021654_cycle_13,Передан_на_погрузку,Москва,Санкт-Петербург,40,0,31
2007-11-06,STNU2517447,STNU2517447_cycle_12,Прибыл_по_ЖД,Москва,Москва,40,16,28
2007-11-06,STNU9845862,STNU9845862_cycle_11,Прибыл_свободным,Москва,Москва,40,3,0
2007-11-06,TIMU8250428,TIMU8250428_cycle_12,Прибыл_по_ЖД,Москва,Москва,20,13,16
2007-11-06,WEDU2383938,WEDU2383938_cycle_12,Отправлен_по_ЖД,Владивосток,Москва,20,2,38
2007-11-07,BUTU7130462,BUTU7130462_cycle_11,Прибыл_груженый,Москва,Владивосток,20,6,39
2007-11-07,CRTU1167966,CRTU1167966_cycle_12,Отправлен_по_ЖД,Владивосток,Санкт-Петербург,40,1,41
2007-11-07,ERKU8281105,ERKU8281105_cycle_11,Прибыл_груженый,Санкт-Петербург,Москва,40,4,13
2007-11-07,KNYU5372067,KNYU5372067_cycle_12,Прибыл_свободным,Владивосток,Владивосток,40,23,0
2007-11-07,KNYU5372067,KNYU5372067_cycle_13,Передан_на_погрузку,Владивосток,Санкт-Петербург,40,0,33
2007-11-07,KNYU8173059,KNYU8173059_cycle_13,Отправлен_по_ЖД,Санкт-Петербург,Москва,20,2,35
2007-11-07,TIMU3656871,TIMU3656871_cycle_11,Прибыл_по_ЖД,Владивосток,Владивосток,20,13,11
2007-11-07,TIMU8010374,TIMU8010374_cycle_12,Прибыл_по_ЖД,Москва,Москва,20,19,17
2007-11-07,TOWU7808384,TOWU7808384_cycle_12,Передан_на_погрузку,Москва,Санкт-Петербург,40,0,17
2007-11-07,TOWU8351331,TOWU8351331_cycle_10,Отправлен_по_ЖД,Владивосток,Санкт-Петербург,20,4,24
2007-11-07,WEDU4651205,WEDU4651205_cycle_13,Прибыл_свободным,Москва,Москва,20,8,0
2007-11-07,WEDU4651205,WEDU4651205_cycle_14,Передан_на_погрузку,Москва,Санкт-Петербург,20,0,21
2007-11-07,WEDU5817433,WEDU5817433_cycle_12,Прибыл_груженый,Владивосток,Москва,20,9,45
2007-11-07,WEDU9910122,WEDU9910122_cycle_11,Прибыл_груженый,Москва,Владивосток,40,14,11
2007-11-08,BUTU7001309,BUTU7001309_cycle_12,Прибыл_свободным,Москва,Москва,20,11,0
2007-11-08,CRTU1715325,CRTU1715325_cycle_13,Отправлен_по_ЖД,Москва,Санкт-Петербург,40,2,15
2007-11-08,CRTU1715325,CRTU1715325_cycle_13,Прибыл_по_ЖД,Санкт-Петербург,Санкт-Петербург,40,0,15
2007-11-08,KNYU1437543,KNYU1437543_cycle_12,Прибыл_свободным,Санкт-Петербург,Санкт-Петербург,20,12,0
2007-11-08,KNYU1773354,KNYU1773354_cycle_10,Прибыл_груженый,Москва,Санкт-Петербург,20,18,10
2007-11-08,KNYU3335859,KNYU3335859_cycle_12,Прибыл_груженый,Владивосток,Москва,20,3,33
2007-11-08,KNYU3335859,KNYU3335859_cycle_12,Отправлен_по_ЖД,Владивосток,Москва,20,0,33
2007-11-08,KNYU5372067,KNYU5372067_cycle_13,Прибыл_груженый,Владивосток,Санкт-Петербург,40,1,32
2007-11-08,KNYU9683883,KNYU9683883_cycle_13,Прибыл_груженый,Владивосток,Санкт-Петербург,20,5,25
2007-11-08,TIMU8010374,TIMU8010374_cycle_12,Отправлен_грузополучателю,Москва,Москва,20,1,16
2007-11-08,TIMU8061928,TIMU8061928_cycle_11,Передан_на_погрузку,Санкт-Петербург,Москва,20,0,25
2007-11-08,WEDU5817433,WEDU5817433_cycle_12,Отправлен_по_ЖД,Владивосток,Москва,20,1,44
2007-11-08,WEDU7000544,WEDU7000544_cycle_11,Прибыл_по_ЖД,Санкт-Петербург,Санкт-Петербург,20,5,22
2007-11-08,WEDU9910122,WEDU9910122_cycle_11,Отправлен_по_ЖД,Москва,Владивосток,40,1,10
2007-11-09,CRTU1715325,CRTU1715325_cycle_13,Отправлен_грузополучателю,Санкт-Петербург,Санкт-Петербург,40,1,14
2007-11-09,ERKU8281105,ERKU8281105_cycle_11,Отправлен_по_ЖД,Санкт-Петербург,Москва,40,2,11
2007-11-09,KNYU1773354,KNYU1773354_cycle_10,Отправлен_по_ЖД,Москва,Санкт-Петербург,20,1,9
2007-11-09,KNYU8173059,KNYU8173059_cycle_13,Прибыл_по_ЖД,Москва,Москва,20,2,33
2007-11-09,KNYU9683883,KNYU9683883_cycle_13,Отправлен_по_ЖД,Владивосток,Санкт-Петербург,20,1,24
2007-11-09,STNU2517447,STNU2517447_cycle_12,Отправлен_грузополучателю,Москва,Москва,40,3,25
2007-11-09,STNU5088417,STNU5088417_cycle_11,Прибыл_груженый,Владивосток,Санкт-Петербург,40,10,38
2007-11-09,STNU5088417,STNU5088417_cycle_11,Отправлен_по_ЖД,Владивосток,Санкт-Петербург,40,0,38
2007-11-09,STNU9487869,STNU9487869_cycle_13,Передан_на_погрузку,Москва,Владивосток,40,0,45
2007-11-09,TIMU3656871,TIMU3656871_cycle_11,Отправлен_грузополучателю,Владивосток,Владивосток,20,2,9
2007-11-09,TIMU8250428,TIMU8250428_cycle_12,Отправлен_грузополучателю,Москва,Москва,20,3,13
2007-11-09,TOWU2940273,TOWU2940273_cycle_12,Прибыл_груженый,Москва,Санкт-Петербург,40,17,4
2007-11-09,TOWU2940273,TOWU2940273_cycle_12,Отправлен_по_ЖД,Москва,Санкт-Петербург,40,0,4
2007-11-09,TOWU2940273,TOWU2940273_cycle_12,Прибыл_по_ЖД,Санкт-Петербург,Санкт-Петербург,40,0,4
2007-11-10,BUTU7130462,BUTU7130462_cycle_11,Отправлен_по_ЖД,Москва,Владивосток,20,3,36
2007-11-10,CRTU8128829,CRTU8128829_cycle_15,Прибыл_груженый,Москва,Санкт-Петербург,20,4,19
2007-11-10,KNYU5372067,KNYU5372067_cycle_13,Отправлен_по_ЖД,Владивосток,Санкт-Петербург,40,2,30
2007-11-10,TOWU2940273,TOWU2940273_cycle_12,Отправлен_грузополучателю,Санкт-Петербург,Санкт-Петербург,40,1,3
2007-11-10,TOWU5892461,TOWU5892461_cycle_11,Прибыл_свободным,Санкт-Петербург,Санкт-Петербург,40,17,0
2007-11-10,TOWU9892746,TOWU9892746_cycle_12,Прибыл_свободным,Санкт-Петербург,Санкт-Петербург,40,26,0
2007-11-10,WEDU7000544,WEDU7000544_cycle_11,Отправлен_грузополучателю,Санкт-Петербург,Санкт-Петербург,20,2,20
2007-11-10,WEDU7707795,WEDU7707795_cycle_12,Прибыл_свободным,Москва,Москва,40,35,0
2007-11-11,BUTU1300953,BUTU1300953_cycle_12,Прибыл_груженый,Санкт-Петербург,Владивосток,40,7,48
2007-11-11,CRTU8128829,CRTU8128829_cycle_15,Отправлен_по_ЖД,Москва,Санкт-Петербург,20,1,18
2007-11-11,ERKU8281105,ERKU8281105_cycle_11,Прибыл_по_ЖД,Москва,Москва,40,2,9
2007-11-11,KNYU1437543,KNYU1437543_cycle_13,Передан_на_погрузку,Санкт-Петербург,Владивосток,20,0,38
2007-11-11,TOWU8381849,TOWU8381849_cycle_11,Прибыл_груженый,Санкт-Петербург,Владивосток,20,7,15
2007-11-11,WEDU8568487,WEDU8568487_cycle_14,Прибыл_груженый,Владивосток,Санкт-Петербург,40,9,24
2007-11-12,BUTU1300953,BUTU1300953_cycle_12,Отправлен_по_ЖД,Санкт-Петербург,Владивосток,40,1,47
2007-11-12,CRTU1521773,CRTU1521773_cycle_11,Прибыл_груженый,Владивосток,Москва,20,10,33
2007-11-12,ERKU8281105,ERKU8281105_cycle_11,Отправлен_грузополучателю,Москва,Москва,40,1,8
2007-11-12,STNU2794431,STNU2794431_cycle_11,Прибыл_по_ЖД,Москва,Москва,20,11,9
2007-11-12,STNU4510100,STNU4510100_cycle_12,Прибыл_по_ЖД,Москва,Москва,20,8,26
2007-11-12,TOWU8381849,TOWU8381849_cycle_11,Отправлен_по_ЖД,Санкт-Петербург,Владивосток,20,1,14
2007-11-12,TOWU9896330,TOWU9896330_cycle_10,Прибыл_свободным,Москва,Москва,40,36,0
2007-11-12,WEDU2383938,WEDU2383938_cycle_12,Прибыл_по_ЖД,Москва,Москва,20,6,32
2007-11-12,WEDU8568487,WEDU8568487_cycle_14,Отправлен_по_ЖД,Владивосток,Санкт-Петербург,40,1,23
2007-11-13,BUTU8954572,BUTU8954572_cycle_11,Прибыл_груженый,Москва,Владивосток,40,12,28
2007-11-13,ERKU8324044,ERKU8324044_cycle_11,Прибыл_свободным,Санкт-Петербург,Санкт-Петербург,40,17,0
2007-11-13,KNYU1437543,KNYU1437543_cycle_13,Прибыл_груженый,Санкт-Петербург,Владивосток,20,2,36
2007-11-13,KNYU1773354,KNYU1773354_cycle_10,Прибыл_по_ЖД,Санкт-Петербург,Санкт-Петербург,20,4,5
2007-11-13,KNYU1824938,KNYU1824938_cycle_14,Передан_на_погрузку,Владивосток,Санкт-Петербург,20,0,38
2007-11-13,KNYU8173059,KNYU8173059_cycle_13,Отправлен_грузополучателю,Москва,Москва,20,4,29
2007-11-13,KNYU8798891,KNYU8798891_cycle_10,Передан_на_погрузку,Москва,Владивосток,20,0,28
2007-11-13,KNYU8798891,KNYU8798891_cycle_10,Прибыл_груженый,Москва,Владивосток,20,0,28
2007-11-13,STNU4510100,STNU4510100_cycle_12,Отправлен_грузополучателю,Москва,Москва,20,1,25
2007-11-13,TIMU8887794,TIMU8887794_cycle_11,Прибыл_по_ЖД,Владивосток,Владивосток,20,18,24
2007-11-13,TIMU9543550,TIMU9543550_cycle_14,Прибыл_свободным,Владивосток,Владивосток,40,13,0
2007-11-13,TOWU2940273,TOWU2940273_cycle_12,Прибыл_свободным,Санкт-Петербург,Санкт-Петербург,40,3,0
2007-11-13,WEDU2249581,WEDU2249581_cycle_13,Передан_на_погрузку,Санкт-Петербург,Москва,20,0,39
2007-11-13,WEDU2383938,WEDU2383938_cycle_12,Отправлен_грузополучателю,Москва,Москва,20,1,31
2007-11-14,ERKU4123975,ERKU4123975_cycle_11,Прибыл_груженый,Москва,Санкт-Петербург,40,13,24
2007-11-14,KNYU1437543,KNYU1437543_cycle_13,Отправлен_по_ЖД,Санкт-Петербург,Владивосток,20,1,35
2007-11-14,KNYU1773354,KNYU1773354_cycle_10,Отправлен_грузополучателю,Санкт-Петербург,Санкт-Петербург,20,1,4
2007-11-14,KNYU5786200,KNYU5786200_cycle_11,Прибыл_свободным,Владивосток,Владивосток,20,13,0
2007-11-14,KNYU5786200,KNYU5786200_cycle_12,Передан_на_погрузку,Владивосток,Санкт-Петербург,20,0,44
2007-11-14,STNU2794431,STNU2794431_cycle_11,Отправлен_грузополучателю,Москва,Москва,20,2,7
2007-11-15,BUTU8954572,BUTU8954572_cycle_11,Отправлен_по_ЖД,Москва,Владивосток,40,2,26
2007-11-15,CRTU1521773,CRTU1521773_cycle_11,Отправлен_по_ЖД,Владивосток,Москва,20,3,30
2007-11-15,ERKU4123975,ERKU4123975_cycle_11,Отправлен_по_ЖД,Москва,Санкт-Петербург,40,1,23
2007-11-15,KNYU1033833,KNYU1033833_cycle_11,Прибыл_по_ЖД,Владивосток,Владивосток,40,11,9
2007-11-15,STNU9845862,STNU9845862_cycle_12,Передан_на_погрузку,Москва,Санкт-Петербург,40,0,13
2007-11-15,TIMU8061928,TIMU8061928_cycle_11,Прибыл_груженый,Санкт-Петербург,Москва,20,7,18
2007-11-15,TIMU8887794,TIMU8887794_cycle_11,Отправлен_грузополучателю,Владивосток,Владивосток,20,2,22
2007-11-16,BUTU2391445,BUTU2391445_cycle_12,Прибыл_груженый,Москва,Владивосток,20,12,11
2007-11-16,ERKU5797068,ERKU5797068_cycle_12,Прибыл_по_ЖД,Владивосток,Владивосток,40,18,14
2007-11-16,ERKU7945290,ERKU7945290_cycle_13,Прибыл_свободным,Москва,Москва,20,27,0
2007-11-16,KNYU1033833,KNYU1033833_cycle_11,Отправлен_грузополучателю,Владивосток,Владивосток,40,1,8
2007-11-16,KNYU4619290,KNYU4619290_cycle_13,Прибыл_груженый,Санкт-Петербург,Москва,40,13,39
2007-11-16,TOWU2835826,TOWU2835826_cycle_10,Передан_на_погрузку,Москва,Санкт-Петербург,40,0,32
2007-11-16,TOWU3611630,TOWU3611630_cycle_11,Прибыл_по_ЖД,Москва,Москва,40,12,18
2007-11-16,WEDU6874585,WEDU6874585_cycle_11,Прибыл_свободным,Москва,Москва,20,15,0
2007-11-17,BUTU2391445,BUTU2391445_cycle_12,Отправлен_по_ЖД,Москва,Владивосток,20,1,10
2007-11-17,CRTU8128829,CRTU8128829_cycle_15,Прибыл_по_ЖД,Санкт-Петербург,Санкт-Петербург,20,6,12
2007-11-17,ERKU4123975,ERKU4123975_cycle_11,Прибыл_по_ЖД,Санкт-Петербург,Санкт-Петербург,40,2,21
2007-11-17,KNYU4619290,KNYU4619290_cycle_13,Отправлен_по_ЖД,Санкт-Петербург,Москва,40,1,38
2007-11-17,KNYU4619290,KNYU4619290_cycle_13,Прибыл_по_ЖД,Москва,Москва,40,0,38
2007-11-17,KNYU6806102,KNYU6806102_cycle_11,Передан_на_погрузку,Санкт-Петербург,Москва,20,0,31
2007-11-17,KNYU8798891,KNYU8798891_cycle_10,Отправлен_по_ЖД,Москва,Владивосток,20,4,24
2007-11-17,STNU2356703,STNU2356703_cycle_10,Прибыл_свободным,Санкт-Петербург,Санкт-Петербург,40,14,0
2007-11-17,STNU3092282,STNU3092282_cycle_13,Прибыл_свободным,Москва,Москва,40,16,0
2007-11-17,TIMU8061928,TIMU8061928_cycle_11,Отправлен_по_ЖД,Санкт-Петербург,Москва,20,2,16
2007-11-18,ERKU5797068,ERKU5797068_cycle_12,Отправлен_грузополучателю,Владивосток,Владивосток,40,2,12
2007-11-18,KNYU1773354,KNYU1773354_cycle_10,Прибыл_свободным,Санкт-Петербург,Санкт-Петербург,20,4,0
2007-11-18,TIMU3656871,TIMU3656871_cycle_11,Прибыл_свободным,Владивосток,Владивосток,20,9,0
2007-11-18,TIMU8061928,TIMU8061928_cycle_11,Прибыл_по_ЖД,Москва,Москва,20,1,15
2007-11-18,TIMU8061928,TIMU8061928_cycle_11,Отправлен_грузополучателю,Москва,Москва,20,0,15
2007-11-18,TOWU2835826,TOWU2835826_cycle_10,Прибыл_груженый,Москва,Санкт-Петербург,40,2,30
2007-11-18,TOWU8161314,TOWU8161314_cycle_11,Прибыл_свободным,Санкт-Петербург,Санкт-Петербург,20,22,0
2007-11-18,WEDU6102098,WEDU6102098_cycle_10,Прибыл_свободным,Владивосток,Владивосток,20,25,0
2007-11-18,WEDU9910122,WEDU9910122_cycle_11,Прибыл_по_ЖД,Владивосток,Владивосток,40,10,0
2007-11-18,WEDU9910122,WEDU9910122_cycle_11,Отправлен_грузополучателю,Владивосток,Владивосток,40,0,0
2007-11-18,WEDU9910122,WEDU9910122_cycle_11,Прибыл_свободным,Владивосток,Владивосток,40,0,0
2007-11-19,CRTU8128829,CRTU8128829_cycle_15,Отправлен_грузополучателю,Санкт-Петербург,Санкт-Петербург,20,2,10
2007-11-19,ERKU4123975,ERKU4123975_cycle_11,Отправлен_грузополучателю,Санкт-Петербург,Санкт-Петербург,40,2,19
2007-11-19,KNYU4619290,KNYU4619290_cycle_13,Отправлен_грузополучателю,Москва,Москва,40,2,36
2007-11-19,KNYU6970613,KNYU6970613_cycle_14,Прибыл_свободным,Санкт-Петербург,Санкт-Петербург,20,14,0
2007-11-19,TOWU2835826,TOWU2835826_cycle_10,Отправлен_по_ЖД,Москва,Санкт-Петербург,40,1,29
2007-11-19,TOWU3611630,TOWU3611630_cycle_11,Отправлен_грузополучателю,Москва,Москва,40,3,15
2007-11-19,TOWU7808384,TOWU7808384_cycle_12,Прибыл_груженый,Москва,Санкт-Петербург,40,12,5
2007-11-19,WEDU6876299,WEDU6876299_cycle_12,Прибыл_по_ЖД,Владивосток,Владивосток,20,15,20
2007-11-20,ERKU8281105,ERKU8281105_cycle_11,Прибыл_свободным,Москва,Москва,40,8,0
2007-11-20,KNYU3335859,KNYU3335859_cycle_12,Прибыл_по_ЖД,Москва,Москва,20,12,21
2007-11-20,WEDU6102098,WEDU6102098_cycle_11,Передан_на_погрузку,Владивосток,Санкт-Петербург,20,0,27
2007-11-21,BUTU9513169,BUTU9513169_cycle_13,Прибыл_свободным,Владивосток,Владивосток,40,40,0
2007-11-21,KNYU1824938,KNYU1824938_cycle_14,Прибыл_груженый,Владивосток,Санкт-Петербург,20,8,30
2007-11-21,STNU2794431,STNU2794431_cycle_11,Прибыл_свободным,Москва,Москва,20,7,0
2007-11-21,TOWU2835826,TOWU2835826_cycle_10,Прибыл_по_ЖД,Санкт-Петербург,Санкт-Петербург,40,2,27
2007-11-21,TOWU7808384,TOWU7808384_cycle_12,Отправлен_по_ЖД,Москва,Санкт-Петербург,40,2,3
2007-11-21,TOWU7808384,TOWU7808384_cycle_12,Прибыл_по_ЖД,Санкт-Петербург,Санкт-Петербург,40,0,3
2007-11-21,TOWU8381849,TOWU8381849_cycle_11,Прибыл_по_ЖД,Владивосток,Владивосток,20,9,5
2007-11-21,TOWU8381849,TOWU8381849_cycle_11,Отправлен_грузополучателю,Владивосток,Владивосток,20,0,5
2007-11-22,CRTU5834937,CRTU5834937_cycle_11,Прибыл_по_ЖД,Владивосток,Владивосток,20,16,22
2007-11-22,KNYU1824938,KNYU1824938_cycle_14,Отправлен_по_ЖД,Владивосток,Санкт-Петербург,20,1,29
2007-11-22,KNYU3335859,KNYU3335859_cycle_12,Отправлен_грузополучателю,Москва,Москва,20,2,19
2007-11-22,TIMU3137493,TIMU3137493_cycle_13,Передан_на_погрузку,Владивосток,Санкт-Петербург,40,0,39
2007-11-22,TIMU8250428,TIMU8250428_cycle_12,Прибыл_свободным,Москва,Москва,20,13,0
2007-11-22,TIMU8250428,TIMU8250428_cycle_13,Передан_на_погрузку,Москва,Владивосток,20,0,20
2007-11-22,TOWU2835826,TOWU2835826_cycle_10,Отправлен_грузополучателю,Санкт-Петербург,Санкт-Петербург,40,1,26
2007-11-22,WEDU4651205,WEDU4651205_cycle_14,Прибыл_груженый,Москва,Санкт-Петербург,20,15,6
2007-11-22,WEDU6876299,WEDU6876299_cycle_12,Отправлен_грузополучателю,Владивосток,Владивосток,20,3,17
2007-11-23,BUTU7130462,BUTU7130462_cycle_11,Прибыл_по_ЖД,Владивосток,Владивосток,20,13,23
2007-11-23,CRTU1167966,CRTU1167966_cycle_12,Прибыл_по_ЖД,Санкт-Петербург,Санкт-Петербург,40,16,25
2007-11-23,CRTU1715325,CRTU1715325_cycle_13,Прибыл_свободным,Санкт-Петербург,Санкт-Петербург,40,14,0
2007-11-23,ERKU5435191,ERKU5435191_cycle_10,Прибыл_груженый,Санкт-Петербург,Москва,20,17,18
2007-11-23,KNYU5372067,KNYU5372067_cycle_13,Прибыл_по_ЖД,Санкт-Петербург,Санкт-Петербург,40,13,17
2007-11-23,TIMU8250428,TIMU8250428_cycle_13,Прибыл_груженый,Москва,Владивосток,20,1,19
2007-11-23,TOWU5842316,TOWU5842316_cycle_13,Передан_на_погрузку,Санкт-Петербург,Москва,40,0,26
2007-11-23,WEDU5817433,WEDU5817433_cycle_12,Прибыл_по_ЖД,Москва,Москва,20,15,29
2007-11-24,CRTU1167966,CRTU1167966_cycle_12,Отправлен_грузополучателю,Санкт-Петербург,Санкт-Петербург,40,1,24
2007-11-24,CRTU1937935,CRTU1937935_cycle_10,Прибыл_по_ЖД,Санкт-Петербург,Санкт-Петербург,40,20,5
2007-11-24,CRTU8114609,CRTU8114609_cycle_14,Передан_на_погрузку,Москва,Санкт-Петербург,20,0,30
2007-11-24,ERKU5435191,ERKU5435191_cycle_10,Отправлен_по_ЖД,Санкт-Петербург,Москва,20,1,17
2007-11-24,KNYU1033833,KNYU1033833_cycle_11,Прибыл_свободным,Владивосток,Владивосток,40,8,0
2007-11-24,KNYU5786200,KNYU5786200_cycle_12,Прибыл_груженый,Владивосток,Санкт-Петербург,20,10,34
2007-11-24,STNU9487869,STNU9487869_cycle_13,Прибыл_груженый,Москва,Владивосток,40,15,30
2007-11-24,STNU9845862,STNU9845862_cycle_12,Прибыл_груженый,Москва,Санкт-Петербург,40,9,4
2007-11-24,TIMU8010374,TIMU8010374_cycle_12,Прибыл_свободным,Москва,Москва,20,16,0
2007-11-24,TIMU8010374,TIMU8010374_cycle_13,Передан_на_погрузку,Москва,Владивосток,20,0,34
2007-11-24,TOWU7808384,TOWU7808384_cycle_12,Отправлен_грузополучателю,Санкт-Петербург,Санкт-Петербург,40,3,0
2007-11-24,TOWU7808384,TOWU7808384_cycle_12,Прибыл_свободным,Санкт-Петербург,Санкт-Петербург,40,0,0
2007-11-24,TOWU8351331,TOWU8351331_cycle_10,Прибыл_по_ЖД,Санкт-Петербург,Санкт-Петербург,20,17,7
2007-11-24,WEDU4651205,WEDU4651205_cycle_14,Отправлен_по_ЖД,Москва,Санкт-Петербург,20,2,4
2007-11-24,WEDU5817433,WEDU5817433_cycle_12,Отправлен_грузополучателю,Москва,Москва,20,1,28
2007-11-24,WEDU6654977,WEDU6654977_cycle_10,Прибыл_свободным,Москва,Москва,20,22,0
2007-11-25,BUTU2391445,BUTU2391445_cycle_12,Прибыл_по_ЖД,Владивосток,Владивосток,20,8,2
2007-11-25,BUTU7130462,BUTU7130462_cycle_11,Отправлен_грузополучателю,Владивосток,Владивосток,20,2,21
2007-11-25,CRTU5834937,CRTU5834937_cycle_11,Отправлен_грузополучателю,Владивосток,Владивосток,20,3,19
2007-11-25,KNYU5786200,KNYU5786200_cycle_12,Отправлен_по_ЖД,Владивосток,Санкт-Петербург,20,1,33
2007-11-25,STNU5088417,STNU5088417_cycle_11,Прибыл_по_ЖД,Санкт-Петербург,Санкт-Петербург,40,16,22
2007-11-25,STNU9845862,STNU9845862_cycle_12,Отправлен_по_ЖД,Москва,Санкт-Петербург,40,1,3
2007-11-25,WEDU4651205,WEDU4651205_cycle_14,Прибыл_по_ЖД,Санкт-Петербург,Санкт-Петербург,20,1,3
2007-11-25,WEDU8568487,WEDU8568487_cycle_14,Прибыл_по_ЖД,Санкт-Петербург,Санкт-Петербург,40,13,10
2007-11-25,WEDU8568487,WEDU8568487_cycle_14,Отправлен_грузополучателю,Санкт-Петербург,Санкт-Петербург,40,0,10
2007-11-26,CRTU3557936,CRTU3557936_cycle_12,Прибыл_свободным,Владивосток,Владивосток,20,22,0
2007-11-26,KNYU5372067,KNYU5372067_cycle_13,Отправлен_грузополучателю,Санкт-Петербург,Санкт-Петербург,40,3,14
2007-11-26,KNYU8798891,KNYU8798891_cycle_10,Прибыл_по_ЖД,Владивосток,Владивосток,20,9,15
2007-11-26,KNYU9683883,KNYU9683883_cycle_13,Прибыл_по_ЖД,Санкт-Петербург,Санкт-Петербург,20,17,7
2007-11-26,STNU5088417,STNU5088417_cycle_11,Отправлен_грузополучателю,Санкт-Петербург,Санкт-Петербург,40,1,21
2007-11-26,STNU9487869,STNU9487869_cycle_13,Отправлен_по_ЖД,Москва,Владивосток,40,2,28
2007-11-26,TIMU8250428,TIMU8250428_cycle_13,Отправлен_по_ЖД,Москва,Владивосток,20,3,16
2007-11-26,TOWU8351331,TOWU8351331_cycle_10,Отправлен_грузополучателю,Санкт-Петербург,Санкт-Петербург,20,2,5
2007-11-26,TOWU8381849,TOWU8381849_cycle_11,Прибыл_свободным,Владивосток,Владивосток,20,5,0
2007-11-27,BUTU2391445,BUTU2391445_cycle_12,Отправлен_грузополучателю,Владивосток,Владивосток,20,2,0
2007-11-27,BUTU2391445,BUTU2391445_cycle_12,Прибыл_свободным,Владивосток,Владивосток,20,0,0
2007-11-27,CRTU1937935,CRTU1937935_cycle_10,Отправлен_грузополучателю,Санкт-Петербург,Санкт-Петербург,40,3,2
2007-11-27,TIMU7736033,TIMU7736033_cycle_11,Прибыл_свободным,Санкт-Петербург,Санкт-Петербург,20,27,0
2007-11-27,TOWU2984334,TOWU2984334_cycle_15,Передан_на_погрузку,Владивосток,Москва,40,0,25
2007-11-27,WEDU4651205,WEDU4651205_cycle_14,Отправлен_грузополучателю,Санкт-Петербург,Санкт-Петербург,20,2,1
2007-11-28,CRTU1521773,CRTU1521773_cycle_11,Прибыл_по_ЖД,Москва,Москва,20,13,17
2007-11-28,CRTU1715325,CRTU1715325_cycle_14,Передан_на_погрузку,Санкт-Петербург,Москва,40,0,31
2007-11-28,KNYU3021654,KNYU3021654_cycle_13,Прибыл_груженый,Москва,Санкт-Петербург,40,22,9
2007-11-28,KNYU9683883,KNYU9683883_cycle_13,Отправлен_грузополучателю,Санкт-Петербург,Санкт-Петербург,20,2,5
2007-11-28,STNU9845862,STNU9845862_cycle_12,Прибыл_по_ЖД,Санкт-Петербург,Санкт-Петербург,40,3,0
2007-11-28,STNU9845862,STNU9845862_cycle_12,Отправлен_грузополучателю,Санкт-Петербург,Санкт-Петербург,40,0,0
2007-11-28,STNU9845862,STNU9845862_cycle_12,Прибыл_свободным,Санкт-Петербург,Санкт-Петербург,40,0,0
2007-11-28,TOWU5842316,TOWU5842316_cycle_13,Прибыл_груженый,Санкт-Петербург,Москва,40,5,21
2007-11-28,WEDU2249581,WEDU2249581_cycle_13,Прибыл_груженый,Санкт-Петербург,Москва,20,15,24
2007-11-28,WEDU4651205,WEDU4651205_cycle_14,Прибыл_свободным,Санкт-Петербург,Санкт-Петербург,20,1,0
2007-11-29,CRTU1521773,CRTU1521773_cycle_11,Отправлен_грузополучателю,Москва,Москва,20,1,16
2007-11-29,CRTU1937935,CRTU1937935_cycle_10,Прибыл_свободным,Санкт-Петербург,Санкт-Петербург,40,2,0
2007-11-29,CRTU8128829,CRTU8128829_cycle_15,Прибыл_свободным,Санкт-Петербург,Санкт-Петербург,20,10,0
2007-11-29,ERKU5435191,ERKU5435191_cycle_10,Прибыл_по_ЖД,Москва,Москва,20,5,12
2007-11-29,KNYU8798891,KNYU8798891_cycle_10,Отправлен_грузополучателю,Владивосток,Владивосток,20,3,12
2007-11-29,KNYU9630138,KNYU9630138_cycle_11,Прибыл_свободным,Санкт-Петербург,Санкт-Петербург,20,29,0
2007-11-29,KNYU9630138,KNYU9630138_cycle_12,Передан_на_погрузку,Санкт-Петербург,Москва,20,0,18
2007-11-29,TOWU5842316,TOWU5842316_cycle_13,Отправлен_по_ЖД,Санкт-Петербург,Москва,40,1,20
2007-11-29,WEDU2249581,WEDU2249581_cycle_13,Отправлен_по_ЖД,Санкт-Петербург,Москва,20,1,23
2007-11-30,ERKU5797068,ERKU5797068_cycle_12,Прибыл_свободным,Владивосток,Владивосток,40,12,0
2007-11-30,KNYU3021654,KNYU3021654_cycle_13,Отправлен_по_ЖД,Москва,Санкт-Петербург,40,2,7
2007-11-30,STNU6396019,STNU6396019_cycle_12,Передан_на_погрузку,Санкт-Петербург,Владивосток,40,0,26
2007-11-30,WEDU2249581,WEDU2249581_cycle_13,Прибыл_по_ЖД,Москва,Москва,20,1,22
2007-11-30,WEDU7000544,WEDU7000544_cycle_11,Прибыл_свободным,Санкт-Петербург,Санкт-Петербург,20,20,0
2007-12-01,KNYU1437543,KNYU1437543_cycle_13,Прибыл_по_ЖД,Владивосток,Владивосток,20,17,18
2007-12-01,KNYU1437543,KNYU1437543_cycle_13,Отправлен_грузополучателю,Владивосток,Владивосток,20,0,18
2007-12-01,KNYU3021654,KNYU3021654_cycle_13,Прибыл_по_ЖД,Санкт-Петербург,Санкт-Петербург,40,1,6
2007-12-01,STNU4919514,STNU4919514_cycle_11,Прибыл_свободным,Владивосток,Владивосток,40,30,0
2007-12-01,TOWU8351331,TOWU8351331_cycle_10,Прибыл_свободным,Санкт-Петербург,Санкт-Петербург,20,5,0
2007-12-02,CRTU2093770,CRTU2093770_cycle_12,Прибыл_свободным,Москва,Москва,40,26,0
2007-12-02,ERKU5435191,ERKU5435191_cycle_10,Отправлен_грузополучателю,Москва,Москва,20,3,9
2007-12-02,KNYU9630138,KNYU9630138_cycle_12,Прибыл_груженый,Санкт-Петербург,Москва,20,3,15
2007-12-02,TIMU1636645,TIMU1636645_cycle_11,Передан_на_погрузку,Санкт-Петербург,Москва,20,0,26
2007-12-02,TOWU2984334,TOWU2984334_cycle_15,Прибыл_груженый,Владивосток,Москва,40,5,20
2007-12-02,WEDU2249581,WEDU2249581_cycle_13,Отправлен_грузополучателю,Москва,Москва,20,2,20
2007-12-03,KNYU3021654,KNYU3021654_cycle_13,Отправлен_грузополучателю,Санкт-Петербург,Санкт-Петербург,40,2,4
2007-12-03,KNYU6806102,KNYU6806102_cycle_11,Прибыл_груженый,Санкт-Петербург,Москва,20,16,15
2007-12-03,KNYU6806102,KNYU6806102_cycle_11,Отправлен_по_ЖД,Санкт-Петербург,Москва,20,0,15
2007-12-03,KNYU6806102,KNYU6806102_cycle_11,Прибыл_по_ЖД,Москва,Москва,20,0,15
2007-12-03,KNYU9683883,KNYU9683883_cycle_13,Прибыл_свободным,Санкт-Петербург,Санкт-Петербург,20,5,0
2007-12-03,TIMU8061928,TIMU8061928_cycle_11,Прибыл_свободным,Москва,Москва,20,15,0
2007-12-04,BUTU8729025,BUTU8729025_cycle_11,Передан_на_погрузку,Владивосток,Санкт-Петербург,40,0,27
2007-12-04,CRTU3557001,CRTU3557001_cycle_13,Передан_на_погрузку,Санкт-Петербург,Москва,20,0,25
2007-12-04,KNYU6806102,KNYU6806102_cycle_11,Отправлен_грузополучателю,Москва,Москва,20,1,14
2007-12-04,KNYU9630138,KNYU9630138_cycle_12,Отправлен_по_ЖД,Санкт-Петербург,Москва,20,2,13
2007-12-04,KNYU9630138,KNYU9630138_cycle_12,Прибыл_по_ЖД,Москва,Москва,20,0,13
2007-12-04,STNU2517447,STNU2517447_cycle_12,Прибыл_свободным,Москва,Москва,40,25,0
2007-12-04,TIMU8010374,TIMU8010374_cycle_13,Прибыл_груженый,Москва,Владивосток,20,10,24
2007-12-04,TOWU2984334,TOWU2984334_cycle_15,Отправлен_по_ЖД,Владивосток,Москва,40,2,18
2007-12-04,TOWU3611630,TOWU3611630_cycle_11,Прибыл_свободным,Москва,Москва,40,15,0
2007-12-04,WEDU6102098,WEDU6102098_cycle_11,Прибыл_груженый,Владивосток,Санкт-Петербург,20,14,13
2007-12-04,WEDU6102098,WEDU6102098_cycle_11,Отправлен_по_ЖД,Владивосток,Санкт-Петербург,20,0,13
2007-12-05,BUTU1300953,BUTU1300953_cycle_12,Прибыл_по_ЖД,Владивосток,Владивосток,40,23,24
2007-12-05,BUTU8954572,BUTU8954572_cycle_11,Прибыл_по_ЖД,Владивосток,Владивосток,40,20,6
2007-12-05,WEDU8568487,WEDU8568487_cycle_14,Прибыл_свободным,Санкт-Петербург,Санкт-Петербург,40,10,0
2007-12-06,BUTU1300953,BUTU1300953_cycle_12,Отправлен_грузополучателю,Владивосток,Владивосток,40,1,23
2007-12-06,BUTU9513169,BUTU9513169_cycle_14,Передан_на_погрузку,Владивосток,Санкт-Петербург,40,0,24
2007-12-06,KNYU1773354,KNYU1773354_cycle_11,Передан_на_погрузку,Санкт-Петербург,Москва,20,0,19
2007-12-06,KNYU9630138,KNYU9630138_cycle_12,Отправлен_грузополучателю,Москва,Москва,20,2,11
2007-12-06,TIMU8010374,TIMU8010374_cycle_13,Отправлен_по_ЖД,Москва,Владивосток,20,2,22
2007-12-06,TOWU5842316,TOWU5842316_cycle_13,Прибыл_по_ЖД,Москва,Москва,40,7,13
2007-12-07,BUTU8954572,BUTU8954572_cycle_11,Отправлен_грузополучателю,Владивосток,Владивосток,40,2,4
2007-12-07,BUTU9513169,BUTU9513169_cycle_14,Прибыл_груженый,Владивосток,Санкт-Петербург,40,1,23
2007-12-07,CRTU8114609,CRTU8114609_cycle_14,Прибыл_груженый,Москва,Санкт-Петербург,20,13,17
2007-12-07,KNYU3021654,KNYU3021654_cycle_13,Прибыл_свободным,Санкт-Петербург,Санкт-Петербург,40,4,0
2007-12-07,TIMU3137493,TIMU3137493_cycle_13,Прибыл_груженый,Владивосток,Санкт-Петербург,40,15,24
2007-12-07,TIMU8250428,TIMU8250428_cycle_13,Прибыл_по_ЖД,Владивосток,Владивосток,20,11,5
2007-12-07,TIMU8887794,TIMU8887794_cycle_11,Прибыл_свободным,Владивосток,Владивосток,20,22,0
2007-12-07,TOWU6899546,TOWU6899546_cycle_11,Прибыл_свободным,Санкт-Петербург,Санкт-Петербург,20,36,0
2007-12-08,CRTU8114609,CRTU8114609_cycle_14,Отправлен_по_ЖД,Москва,Санкт-Петербург,20,1,16
2007-12-08,CRTU8114609,CRTU8114609_cycle_14,Прибыл_по_ЖД,Санкт-Петербург,Санкт-Петербург,20,0,16
2007-12-08,ERKU4123975,ERKU4123975_cycle_11,Прибыл_свободным,Санкт-Петербург,Санкт-Петербург,40,19,0
2007-12-08,ERKU4123975,ERKU4123975_cycle_12,Передан_на_погрузку,Санкт-Петербург,Москва,40,0,22
2007-12-08,STNU4510100,STNU4510100_cycle_12,Прибыл_свободным,Москва,Москва,20,25,0
2007-12-08,TOWU5842316,TOWU5842316_cycle_13,Отправлен_грузополучателю,Москва,Москва,40,2,11
2007-12-08,WEDU6874585,WEDU6874585_cycle_12,Передан_на_погрузку,Москва,Санкт-Петербург,20,0,13
2007-12-09,BUTU9513169,BUTU9513169_cycle_14,Отправлен_по_ЖД,Владивосток,Санкт-Петербург,40,2,21
2007-12-09,KNYU1824938,KNYU1824938_cycle_14,Прибыл_по_ЖД,Санкт-Петербург,Санкт-Петербург,20,17,12
2007-12-09,KNYU1824938,KNYU1824938_cycle_14,Отправлен_грузополучателю,Санкт-Петербург,Санкт-Петербург,20,0,12
2007-12-09,KNYU5786200,KNYU5786200_cycle_12,Прибыл_по_ЖД,Санкт-Петербург,Санкт-Петербург,20,14,19
2007-12-09,STNU9487869,STNU9487869_cycle_13,Прибыл_по_ЖД,Владивосток,Владивосток,40,13,15
2007-12-09,TIMU3137493,TIMU3137493_cycle_13,Отправлен_по_ЖД,Владивосток,Санкт-Петербург,40,2,22
2007-12-09,TIMU8250428,TIMU8250428_cycle_13,Отправлен_грузополучателю,Владивосток,Владивосток,20,2,3
2007-12-09,WEDU6876299,WEDU6876299_cycle_12,Прибыл_свободным,Владивосток,Владивосток,20,17,0
2007-12-10,BUTU8729025,BUTU8729025_cycle_11,Прибыл_груженый,Владивосток,Санкт-Петербург,40,6,21
2007-12-10,CRTU1715325,CRTU1715325_cycle_14,Прибыл_груженый,Санкт-Петербург,Москва,40,12,19
2007-12-10,CRTU3557001,CRTU3557001_cycle_13,Прибыл_груженый,Санкт-Петербург,Москва,20,6,19
2007-12-10,KNYU5372067,KNYU5372067_cycle_13,Прибыл_свободным,Санкт-Петербург,Санкт-Петербург,40,14,0
2007-12-10,STNU6396019,STNU6396019_cycle_12,Прибыл_груженый,Санкт-Петербург,Владивосток,40,10,16
2007-12-10,STNU6396019,STNU6396019_cycle_12,Отправлен_по_ЖД,Санкт-Петербург,Владивосток,40,0,16
2007-12-11,BUTU8729025,BUTU8729025_cycle_11,Отправлен_по_ЖД,Владивосток,Санкт-Петербург,40,1,20
2007-12-11,BUTU8954572,BUTU8954572_cycle_11,Прибыл_свободным,Владивосток,Владивосток,40,4,0
2007-12-11,ERKU5435191,ERKU5435191_cycle_10,Прибыл_свободным,Москва,Москва,20,9,0
2007-12-11,KNYU3335859,KNYU3335859_cycle_12,Прибыл_свободным,Москва,Москва,20,19,0
2007-12-11,KNYU8798891,KNYU8798891_cycle_10,Прибыл_свободным,Владивосток,Владивосток,20,12,0
2007-12-11,STNU9487869,STNU9487869_cycle_13,Отправлен_грузополучателю,Владивосток,Владивосток,40,2,13
2007-12-11,TIMU1636645,TIMU1636645_cycle_11,Прибыл_груженый,Санкт-Петербург,Москва,20,9,17
2007-12-12,CRTU8114609,CRTU8114609_cycle_14,Отправлен_грузополучателю,Санкт-Петербург,Санкт-Петербург,20,4,12
2007-12-12,KNYU5786200,KNYU5786200_cycle_12,Отправлен_грузополучателю,Санкт-Петербург,Санкт-Петербург,20,3,16
2007-12-12,KNYU8173059,KNYU8173059_cycle_13,Прибыл_свободным,Москва,Москва,20,29,0
2007-12-12,TIMU1636645,TIMU1636645_cycle_11,Отправлен_по_ЖД,Санкт-Петербург,Москва,20,1,16
2007-12-12,TIMU1636645,TIMU1636645_cycle_11,Прибыл_по_ЖД,Москва,Москва,20,0,16
2007-12-12,TIMU1636645,TIMU1636645_cycle_11,Отправлен_грузополучателю,Москва,Москва,20,0,16
2007-12-12,TIMU8250428,TIMU8250428_cycle_13,Прибыл_свободным,Владивосток,Владивосток,20,3,0
2007-12-13,CRTU1715325,CRTU1715325_cycle_14,Отправлен_по_ЖД,Санкт-Петербург,Москва,40,3,16
2007-12-13,CRTU3557001,CRTU3557001_cycle_13,Отправлен_по_ЖД,Санкт-Петербург,Москва,20,3,16
2007-12-13,CRTU3557001,CRTU3557001_cycle_13,Прибыл_по_ЖД,Москва,Москва,20,0,16
2007-12-14,CRTU5834937,CRTU5834937_cycle_11,Прибыл_свободным,Владивосток,Владивосток,20,19,0
2007-12-14,KNYU1773354,KNYU1773354_cycle_11,Прибыл_груженый,Санкт-Петербург,Москва,20,8,11
2007-12-14,TOWU2984334,TOWU2984334_cycle_15,Прибыл_по_ЖД,Москва,Москва,40,10,8
2007-12-14,TOWU2984334,TOWU2984334_cycle_15,Отправлен_грузополучателю,Москва,Москва,40,0,8
2007-12-14,WEDU2383938,WEDU2383938_cycle_12,Прибыл_свободным,Москва,Москва,20,31,0
2007-12-15,CRTU1521773,CRTU1521773_cycle_11,Прибыл_свободным,Москва,Москва,20,16,0
2007-12-15,CRTU3557001,CRTU3557001_cycle_13,Отправлен_грузополучателю,Москва,Москва,20,2,14
2007-12-16,BUTU7130462,BUTU7130462_cycle_11,Прибыл_свободным,Владивосток,Владивосток,20,21,0
2007-12-16,CRTU1715325,CRTU1715325_cycle_14,Прибыл_по_ЖД,Москва,Москва,40,3,13
2007-12-16,CRTU1715325,CRTU1715325_cycle_14,Отправлен_грузополучателю,Москва,Москва,40,0,13
2007-12-16,KNYU1773354,KNYU1773354_cycle_11,Отправлен_по_ЖД,Санкт-Петербург,Москва,20,2,9
2007-12-16,KNYU1773354,KNYU1773354_cycle_11,Прибыл_по_ЖД,Москва,Москва,20,0,9
2007-12-16,KNYU1773354,KNYU1773354_cycle_11,Отправлен_грузополучателю,Москва,Москва,20,0,9
2007-12-16,WEDU6102098,WEDU6102098_cycle_11,Прибыл_по_ЖД,Санкт-Петербург,Санкт-Петербург,20,12,1
2007-12-16,WEDU6874585,WEDU6874585_cycle_12,Прибыл_груженый,Москва,Санкт-Петербург,20,8,5
2007-12-16,WEDU7707795,WEDU7707795_cycle_13,Передан_на_погрузку,Москва,Санкт-Петербург,40,0,10
2007-12-16,WEDU7707795,WEDU7707795_cycle_13,Прибыл_груженый,Москва,Санкт-Петербург,40,0,10
2007-12-17,KNYU9630138,KNYU9630138_cycle_12,Прибыл_свободным,Москва,Москва,20,11,0
2007-12-17,STNU5088417,STNU5088417_cycle_11,Прибыл_свободным,Санкт-Петербург,Санкт-Петербург,40,21,0
2007-12-17,WEDU6102098,WEDU6102098_cycle_11,Отправлен_грузополучателю,Санкт-Петербург,Санкт-Петербург,20,1,0
2007-12-17,WEDU6102098,WEDU6102098_cycle_11,Прибыл_свободным,Санкт-Петербург,Санкт-Петербург,20,0,0
2007-12-17,WEDU6874585,WEDU6874585_cycle_12,Отправлен_по_ЖД,Москва,Санкт-Петербург,20,1,4
2007-12-18,CRTU1167966,CRTU1167966_cycle_12,Прибыл_свободным,Санкт-Петербург,Санкт-Петербург,40,24,0
2007-12-18,KNYU6806102,KNYU6806102_cycle_11,Прибыл_свободным,Москва,Москва,20,14,0
2007-12-18,TIMU8010374,TIMU8010374_cycle_13,Прибыл_по_ЖД,Владивосток,Владивосток,20,12,10
2007-12-18,TIMU8010374,TIMU8010374_cycle_13,Отправлен_грузополучателю,Владивосток,Владивосток,20,0,10
2007-12-18,TOWU2835826,TOWU2835826_cycle_10,Прибыл_свободным,Санкт-Петербург,Санкт-Петербург,40,26,0
2007-12-18,WEDU6874585,WEDU6874585_cycle_12,Прибыл_по_ЖД,Санкт-Петербург,Санкт-Петербург,20,1,3
2007-12-18,WEDU7707795,WEDU7707795_cycle_13,Отправлен_по_ЖД,Москва,Санкт-Петербург,40,2,8
2007-12-19,KNYU1437543,KNYU1437543_cycle_13,Прибыл_свободным,Владивосток,Владивосток,20,18,0
2007-12-19,TOWU5842316,TOWU5842316_cycle_13,Прибыл_свободным,Москва,Москва,40,11,0
2007-12-20,ERKU4123975,ERKU4123975_cycle_12,Прибыл_груженый,Санкт-Петербург,Москва,40,12,10
2007-12-20,STNU6396019,STNU6396019_cycle_12,Прибыл_по_ЖД,Владивосток,Владивосток,40,10,6
2007-12-21,ERKU4123975,ERKU4123975_cycle_12,Отправлен_по_ЖД,Санкт-Петербург,Москва,40,1,9
2007-12-21,KNYU1824938,KNYU1824938_cycle_14,Прибыл_свободным,Санкт-Петербург,Санкт-Петербург,20,12,0
2007-12-21,STNU6396019,STNU6396019_cycle_12,Отправлен_грузополучателю,Владивосток,Владивосток,40,1,5
2007-12-21,WEDU6874585,WEDU6874585_cycle_12,Отправлен_грузополучателю,Санкт-Петербург,Санкт-Петербург,20,3,0
2007-12-21,WEDU6874585,WEDU6874585_cycle_12,Прибыл_свободным,Санкт-Петербург,Санкт-Петербург,20,0,0
2007-12-21,WEDU7707795,WEDU7707795_cycle_13,Прибыл_по_ЖД,Санкт-Петербург,Санкт-Петербург,40,3,5
2007-12-22,BUTU9513169,BUTU9513169_cycle_14,Прибыл_по_ЖД,Санкт-Петербург,Санкт-Петербург,40,13,8
2007-12-22,TOWU2984334,TOWU2984334_cycle_15,Прибыл_свободным,Москва,Москва,40,8,0
2007-12-22,WEDU2249581,WEDU2249581_cycle_13,Прибыл_свободным,Москва,Москва,20,20,0
2007-12-22,WEDU5817433,WEDU5817433_cycle_12,Прибыл_свободным,Москва,Москва,20,28,0
2007-12-23,BUTU9513169,BUTU9513169_cycle_14,Отправлен_грузополучателю,Санкт-Петербург,Санкт-Петербург,40,1,7
2007-12-24,CRTU8114609,CRTU8114609_cycle_14,Прибыл_свободным,Санкт-Петербург,Санкт-Петербург,20,12,0
2007-12-24,STNU9487869,STNU9487869_cycle_13,Прибыл_свободным,Владивосток,Владивосток,40,13,0
2007-12-24,WEDU7707795,WEDU7707795_cycle_13,Отправлен_грузополучателю,Санкт-Петербург,Санкт-Петербург,40,3,2
2007-12-25,KNYU1773354,KNYU1773354_cycle_11,Прибыл_свободным,Москва,Москва,20,9,0
2007-12-25,KNYU4619290,KNYU4619290_cycle_13,Прибыл_свободным,Москва,Москва,40,36,0
2007-12-25,TIMU3137493,TIMU3137493_cycle_13,Прибыл_по_ЖД,Санкт-Петербург,Санкт-Петербург,40,16,6
2007-12-25,TIMU3137493,TIMU3137493_cycle_13,Отправлен_грузополучателю,Санкт-Петербург,Санкт-Петербург,40,0,6
2007-12-26,ERKU4123975,ERKU4123975_cycle_12,Прибыл_по_ЖД,Москва,Москва,40,5,4
2007-12-26,STNU6396019,STNU6396019_cycle_12,Прибыл_свободным,Владивосток,Владивосток,40,5,0
2007-12-26,WEDU7707795,WEDU7707795_cycle_13,Прибыл_свободным,Санкт-Петербург,Санкт-Петербург,40,2,0
2007-12-28,ERKU4123975,ERKU4123975_cycle_12,Отправлен_грузополучателю,Москва,Москва,40,2,2
2007-12-28,KNYU5786200,KNYU5786200_cycle_12,Прибыл_свободным,Санкт-Петербург,Санкт-Петербург,20,16,0
2007-12-28,TIMU1636645,TIMU1636645_cycle_11,Прибыл_свободным,Москва,Москва,20,16,0
2007-12-28,TIMU8010374,TIMU8010374_cycle_13,Прибыл_свободным,Владивосток,Владивосток,20,10,0
2007-12-29,BUTU1300953,BUTU1300953_cycle_12,Прибыл_свободным,Владивосток,Владивосток,40,23,0
2007-12-29,BUTU8729025,BUTU8729025_cycle_11,Прибыл_по_ЖД,Санкт-Петербург,Санкт-Петербург,40,18,2
2007-12-29,CRTU1715325,CRTU1715325_cycle_14,Прибыл_свободным,Москва,Москва,40,13,0
2007-12-29,CRTU3557001,CRTU3557001_cycle_13,Прибыл_свободным,Москва,Москва,20,14,0
2007-12-30,BUTU8729025,BUTU8729025_cycle_11,Отправлен_грузополучателю,Санкт-Петербург,Санкт-Петербург,40,1,1
2007-12-30,BUTU9513169,BUTU9513169_cycle_14,Прибыл_свободным,Санкт-Петербург,Санкт-Петербург,40,7,0
2007-12-30,ERKU4123975,ERKU4123975_cycle_12,Прибыл_свободным,Москва,Москва,40,2,0
2007-12-31,BUTU8729025,BUTU8729025_cycle_11,Прибыл_свободным,Санкт-Петербург,Санкт-Петербург,40,1,0
2007-12-31,TIMU3137493,TIMU3137493_cycle_13,Прибыл_свободным,Санкт-Петербург,Санкт-Петербург,40,6,0
