Дата_заявки,Планируемая_дата_отправления,Количество_контейнеров,Тип_контейнера,Локация_отправления,Локация_назначения
2006-01-01,2006-01-02,2,20,Санкт-Петербург,Владивосток
2006-01-01,2006-01-08,3,40,Санкт-Петербург,Владивосток
2006-01-01,2006-01-08,4,40,Санкт-Петербург,Владивосток
2006-01-01,2006-01-08,1,40,Санкт-Петербург,Владивосток
2006-01-01,2006-01-04,4,40,Москва,Владивосток
2006-01-01,2006-01-05,3,40,Москва,Санкт-Петербург
2006-01-02,2006-01-04,2,20,Владивосток,Санкт-Петербург
2006-01-03,2006-01-06,1,20,Владивосток,Санкт-Петербург
2006-01-04,2006-01-10,4,40,Санкт-Петербург,Москва
2006-01-04,2006-01-07,4,40,Санкт-Петербург,Владивосток
2006-01-05,2006-01-08,4,40,Москва,Владивосток
2006-01-05,2006-01-07,1,20,Владивосток,Москва
2006-01-05,2006-01-09,4,20,Москва,Владивосток
2006-01-06,2006-01-13,4,20,Санкт-Петербург,Москва
2006-01-07,2006-01-11,4,20,Москва,Санкт-Петербург
2006-01-08,2006-01-12,4,40,Москва,Владивосток
2006-01-09,2006-01-12,2,40,Москва,Санкт-Петербург
2006-01-10,2006-01-17,1,20,Москва,Владивосток
2006-01-11,2006-01-12,1,20,Владивосток,Москва
2006-01-11,2006-01-15,4,40,Москва,Владивосток
2006-01-11,2006-01-16,1,20,Владивосток,Санкт-Петербург
2006-01-11,2006-01-15,4,20,Санкт-Петербург,Владивосток
2006-01-11,2006-01-15,3,40,Владивосток,Москва
2006-01-12,2006-01-18,1,20,Санкт-Петербург,Владивосток
2006-01-12,2006-01-19,2,20,Москва,Санкт-Петербург
2006-01-14,2006-01-18,2,40,Москва,Санкт-Петербург
2006-01-14,2006-01-16,1,20,Санкт-Петербург,Владивосток
2006-01-14,2006-01-16,4,20,Санкт-Петербург,Москва
2006-01-14,2006-01-16,4,40,Владивосток,Москва
2006-01-15,2006-01-20,4,20,Москва,Санкт-Петербург
2006-01-15,2006-01-19,3,20,Москва,Санкт-Петербург
2006-01-15,2006-01-21,1,40,Владивосток,Санкт-Петербург
2006-01-15,2006-01-16,1,20,Санкт-Петербург,Владивосток
2006-01-15,2006-01-19,4,20,Владивосток,Санкт-Петербург
2006-01-16,2006-01-23,2,20,Москва,Владивосток
2006-01-16,2006-01-18,2,20,Москва,Санкт-Петербург
2006-01-16,2006-01-18,2,40,Москва,Санкт-Петербург
2006-01-17,2006-01-19,4,20,Владивосток,Санкт-Петербург
2006-01-17,2006-01-21,4,40,Санкт-Петербург,Москва
2006-01-17,2006-01-19,1,20,Владивосток,Санкт-Петербург
2006-01-17,2006-01-19,3,20,Владивосток,Санкт-Петербург
2006-01-17,2006-01-20,3,40,Санкт-Петербург,Москва
2006-01-17,2006-01-21,3,40,Владивосток,Москва
2006-01-17,2006-01-21,2,40,Владивосток,Санкт-Петербург
2006-01-17,2006-01-24,2,20,Санкт-Петербург,Москва
2006-01-18,2006-01-25,3,20,Санкт-Петербург,Владивосток
2006-01-18,2006-01-25,4,20,Санкт-Петербург,Москва
2006-01-19,2006-01-20,2,40,Санкт-Петербург,Москва
2006-01-19,2006-01-22,4,20,Москва,Санкт-Петербург
2006-01-19,2006-01-26,3,40,Владивосток,Москва
2006-01-19,2006-01-20,2,20,Санкт-Петербург,Москва
2006-01-20,2006-01-25,3,40,Москва,Владивосток
2006-01-20,2006-01-27,1,40,Москва,Санкт-Петербург
2006-01-20,2006-01-24,4,20,Владивосток,Санкт-Петербург
2006-01-20,2006-01-21,2,40,Санкт-Петербург,Владивосток
2006-01-20,2006-01-21,4,20,Москва,Владивосток
2006-01-20,2006-01-23,2,20,Санкт-Петербург,Владивосток
2006-01-21,2006-01-26,4,20,Москва,Владивосток
2006-01-22,2006-01-28,3,40,Санкт-Петербург,Москва
2006-01-22,2006-01-24,4,40,Владивосток,Санкт-Петербург
2006-01-22,2006-01-29,1,40,Владивосток,Санкт-Петербург
2006-01-22,2006-01-29,4,20,Владивосток,Москва
2006-01-23,2006-01-24,1,40,Владивосток,Санкт-Петербург
2006-01-23,2006-01-30,4,20,Москва,Санкт-Петербург
2006-01-23,2006-01-24,2,20,Москва,Санкт-Петербург
2006-01-23,2006-01-25,4,40,Москва,Владивосток
2006-01-23,2006-01-28,4,20,Владивосток,Москва
2006-01-24,2006-01-25,2,20,Санкт-Петербург,Москва
2006-01-25,2006-02-01,4,40,Санкт-Петербург,Владивосток
2006-01-25,2006-01-27,4,20,Санкт-Петербург,Владивосток
2006-01-25,2006-01-30,4,40,Санкт-Петербург,Москва
2006-01-26,2006-01-30,4,40,Владивосток,Москва
2006-01-27,2006-02-03,4,40,Москва,Владивосток
2006-01-27,2006-01-30,3,40,Санкт-Петербург,Москва
2006-01-27,2006-01-29,3,20,Санкт-Петербург,Москва
2006-01-27,2006-01-31,3,40,Москва,Санкт-Петербург
2006-01-28,2006-01-31,4,40,Москва,Владивосток
2006-01-28,2006-01-29,4,20,Москва,Владивосток
2006-01-28,2006-02-04,3,20,Москва,Санкт-Петербург
2006-01-28,2006-01-30,3,20,Москва,Владивосток
2006-01-28,2006-01-30,1,40,Москва,Владивосток
2006-01-29,2006-01-30,4,40,Санкт-Петербург,Владивосток
2006-01-30,2006-01-31,1,20,Владивосток,Санкт-Петербург
2006-01-30,2006-02-04,4,40,Москва,Санкт-Петербург
2006-01-30,2006-02-03,3,20,Москва,Владивосток
2006-01-30,2006-02-04,4,40,Санкт-Петербург,Москва
2006-01-31,2006-02-05,1,20,Владивосток,Москва
2006-01-31,2006-02-05,1,20,Москва,Владивосток
2006-02-01,2006-02-04,3,40,Владивосток,Санкт-Петербург
2006-02-01,2006-02-02,3,40,Санкт-Петербург,Москва
2006-02-02,2006-02-04,4,20,Санкт-Петербург,Москва
2006-02-02,2006-02-06,1,40,Санкт-Петербург,Владивосток
2006-02-03,2006-02-07,2,20,Москва,Владивосток
2006-02-04,2006-02-11,1,40,Владивосток,Москва
2006-02-04,2006-02-06,1,20,Санкт-Петербург,Владивосток
2006-02-04,2006-02-11,3,20,Москва,Санкт-Петербург
2006-02-04,2006-02-08,2,40,Санкт-Петербург,Москва
2006-02-04,2006-02-06,3,40,Москва,Владивосток
2006-02-05,2006-02-08,1,40,Владивосток,Москва
2006-02-05,2006-02-11,2,40,Санкт-Петербург,Москва
2006-02-06,2006-02-12,4,40,Санкт-Петербург,Москва
2006-02-06,2006-02-13,2,20,Владивосток,Москва
2006-02-07,2006-02-13,1,40,Владивосток,Москва
2006-02-07,2006-02-14,2,40,Санкт-Петербург,Владивосток
2006-02-07,2006-02-10,3,20,Санкт-Петербург,Владивосток
2006-02-07,2006-02-13,3,20,Санкт-Петербург,Москва
2006-02-08,2006-02-11,3,20,Санкт-Петербург,Москва
2006-02-08,2006-02-13,4,20,Москва,Санкт-Петербург
2006-02-08,2006-02-15,1,20,Москва,Владивосток
2006-02-08,2006-02-13,2,20,Владивосток,Санкт-Петербург
2006-02-09,2006-02-15,3,40,Владивосток,Санкт-Петербург
2006-02-09,2006-02-14,1,40,Санкт-Петербург,Москва
2006-02-10,2006-02-13,4,40,Санкт-Петербург,Москва
2006-02-11,2006-02-14,3,40,Москва,Санкт-Петербург
2006-02-11,2006-02-17,3,20,Владивосток,Москва
2006-02-12,2006-02-17,3,20,Санкт-Петербург,Москва
2006-02-12,2006-02-16,1,40,Москва,Владивосток
2006-02-12,2006-02-17,3,20,Москва,Санкт-Петербург
2006-02-12,2006-02-14,1,20,Санкт-Петербург,Владивосток
2006-02-12,2006-02-17,3,40,Владивосток,Санкт-Петербург
2006-02-12,2006-02-14,3,40,Владивосток,Москва
2006-02-13,2006-02-19,2,40,Москва,Санкт-Петербург
2006-02-13,2006-02-17,3,20,Владивосток,Санкт-Петербург
2006-02-13,2006-02-14,3,40,Владивосток,Москва
2006-02-14,2006-02-16,3,20,Владивосток,Москва
2006-02-14,2006-02-18,1,40,Санкт-Петербург,Владивосток
2006-02-14,2006-02-18,2,40,Владивосток,Москва
2006-02-14,2006-02-18,3,40,Владивосток,Санкт-Петербург
2006-02-14,2006-02-16,2,20,Владивосток,Москва
2006-02-15,2006-02-16,4,20,Москва,Санкт-Петербург
2006-02-15,2006-02-17,3,20,Владивосток,Москва
2006-02-15,2006-02-18,3,20,Москва,Санкт-Петербург
2006-02-15,2006-02-17,3,40,Санкт-Петербург,Москва
2006-02-15,2006-02-18,3,20,Москва,Санкт-Петербург
2006-02-15,2006-02-19,4,40,Санкт-Петербург,Владивосток
2006-02-16,2006-02-20,2,40,Санкт-Петербург,Владивосток
2006-02-16,2006-02-20,2,40,Москва,Владивосток
2006-02-16,2006-02-17,4,20,Москва,Санкт-Петербург
2006-02-16,2006-02-18,4,40,Санкт-Петербург,Владивосток
2006-02-17,2006-02-19,3,20,Владивосток,Санкт-Петербург
2006-02-17,2006-02-21,3,20,Москва,Санкт-Петербург
2006-02-17,2006-02-20,2,20,Санкт-Петербург,Владивосток
2006-02-18,2006-02-19,2,40,Москва,Владивосток
2006-02-18,2006-02-25,4,40,Москва,Санкт-Петербург
2006-02-19,2006-02-20,2,20,Москва,Владивосток
2006-02-19,2006-02-20,2,20,Санкт-Петербург,Москва
2006-02-19,2006-02-24,3,20,Москва,Владивосток
2006-02-19,2006-02-25,4,20,Санкт-Петербург,Владивосток
2006-02-20,2006-02-25,2,40,Москва,Владивосток
2006-02-20,2006-02-23,3,40,Москва,Владивосток
2006-02-20,2006-02-25,3,20,Владивосток,Москва
2006-02-20,2006-02-24,2,20,Санкт-Петербург,Владивосток
2006-02-21,2006-02-23,3,40,Санкт-Петербург,Владивосток
2006-02-21,2006-02-28,3,40,Санкт-Петербург,Владивосток
2006-02-21,2006-02-27,2,20,Владивосток,Санкт-Петербург
2006-02-21,2006-02-23,2,20,Санкт-Петербург,Москва
2006-02-22,2006-03-01,2,40,Владивосток,Москва
2006-02-22,2006-02-28,1,40,Владивосток,Санкт-Петербург
2006-02-23,2006-02-24,3,40,Санкт-Петербург,Владивосток
2006-02-23,2006-02-27,3,20,Москва,Владивосток
2006-02-23,2006-02-28,4,20,Санкт-Петербург,Владивосток
2006-02-24,2006-03-01,3,20,Москва,Владивосток
2006-02-24,2006-02-28,3,40,Москва,Санкт-Петербург
2006-02-24,2006-03-03,2,20,Владивосток,Москва
2006-02-24,2006-02-25,1,40,Москва,Владивосток
2006-02-24,2006-02-27,1,40,Владивосток,Санкт-Петербург
2006-02-25,2006-02-26,3,40,Санкт-Петербург,Москва
2006-02-26,2006-03-05,1,40,Москва,Владивосток
2006-02-26,2006-03-04,4,20,Владивосток,Москва
2006-02-27,2006-03-05,1,20,Санкт-Петербург,Владивосток
2006-02-27,2006-03-01,4,20,Владивосток,Санкт-Петербург
2006-02-28,2006-03-07,1,20,Владивосток,Москва
2006-03-01,2006-03-03,2,20,Владивосток,Санкт-Петербург
2006-03-01,2006-03-07,4,20,Москва,Владивосток
2006-03-01,2006-03-06,3,40,Санкт-Петербург,Владивосток
2006-03-01,2006-03-06,5,20,Москва,Владивосток
2006-03-02,2006-03-05,3,20,Санкт-Петербург,Москва
2006-03-02,2006-03-03,4,20,Санкт-Петербург,Владивосток
2006-03-02,2006-03-05,3,20,Владивосток,Санкт-Петербург
2006-03-03,2006-03-06,2,20,Владивосток,Санкт-Петербург
2006-03-03,2006-03-05,3,20,Санкт-Петербург,Москва
2006-03-03,2006-03-05,4,20,Санкт-Петербург,Владивосток
2006-03-05,2006-03-11,4,40,Санкт-Петербург,Владивосток
2006-03-06,2006-03-08,5,40,Санкт-Петербург,Владивосток
2006-03-07,2006-03-09,2,20,Владивосток,Санкт-Петербург
2006-03-07,2006-03-09,5,40,Москва,Владивосток
2006-03-07,2006-03-13,6,20,Москва,Санкт-Петербург
2006-03-07,2006-03-10,6,20,Москва,Владивосток
2006-03-08,2006-03-13,6,20,Владивосток,Москва
2006-03-08,2006-03-15,4,40,Санкт-Петербург,Владивосток
2006-03-09,2006-03-14,3,40,Санкт-Петербург,Москва
2006-03-09,2006-03-14,2,20,Владивосток,Санкт-Петербург
2006-03-10,2006-03-16,6,20,Москва,Владивосток
2006-03-10,2006-03-11,5,40,Москва,Санкт-Петербург
2006-03-10,2006-03-11,4,40,Санкт-Петербург,Москва
2006-03-11,2006-03-13,2,20,Санкт-Петербург,Москва
2006-03-11,2006-03-18,2,20,Владивосток,Москва
2006-03-11,2006-03-13,6,40,Владивосток,Санкт-Петербург
2006-03-11,2006-03-16,3,20,Владивосток,Москва
2006-03-11,2006-03-18,4,20,Санкт-Петербург,Владивосток
2006-03-12,2006-03-14,6,20,Владивосток,Санкт-Петербург
2006-03-12,2006-03-15,4,20,Москва,Санкт-Петербург
2006-03-12,2006-03-15,3,20,Владивосток,Москва
2006-03-13,2006-03-14,6,40,Москва,Санкт-Петербург
2006-03-13,2006-03-20,2,20,Санкт-Петербург,Владивосток
2006-03-14,2006-03-18,2,40,Владивосток,Санкт-Петербург
2006-03-14,2006-03-18,5,40,Санкт-Петербург,Москва
2006-03-14,2006-03-18,6,20,Санкт-Петербург,Владивосток
2006-03-15,2006-03-17,3,20,Москва,Владивосток
2006-03-15,2006-03-17,6,40,Санкт-Петербург,Москва
2006-03-16,2006-03-19,3,40,Москва,Санкт-Петербург
2006-03-17,2006-03-23,2,40,Москва,Санкт-Петербург
2006-03-17,2006-03-19,6,40,Санкт-Петербург,Москва
2006-03-17,2006-03-18,4,40,Владивосток,Санкт-Петербург
2006-03-17,2006-03-18,6,20,Санкт-Петербург,Москва
2006-03-17,2006-03-20,3,40,Санкт-Петербург,Владивосток
2006-03-17,2006-03-18,6,20,Санкт-Петербург,Владивосток
2006-03-18,2006-03-25,3,40,Санкт-Петербург,Москва
2006-03-18,2006-03-22,5,20,Санкт-Петербург,Москва
2006-03-19,2006-03-25,6,20,Москва,Владивосток
2006-03-19,2006-03-24,6,20,Москва,Санкт-Петербург
2006-03-19,2006-03-22,2,40,Санкт-Петербург,Москва
2006-03-20,2006-03-23,2,20,Москва,Санкт-Петербург
2006-03-21,2006-03-22,2,40,Москва,Владивосток
2006-03-21,2006-03-24,3,20,Санкт-Петербург,Владивосток
2006-03-22,2006-03-27,3,40,Санкт-Петербург,Владивосток
2006-03-22,2006-03-24,4,40,Владивосток,Москва
2006-03-23,2006-03-24,5,20,Москва,Санкт-Петербург
2006-03-23,2006-03-26,6,20,Санкт-Петербург,Владивосток
2006-03-24,2006-03-28,2,20,Москва,Владивосток
2006-03-24,2006-03-26,4,40,Владивосток,Москва
2006-03-24,2006-03-27,5,20,Владивосток,Москва
2006-03-24,2006-03-28,4,40,Санкт-Петербург,Москва
2006-03-24,2006-03-27,4,40,Санкт-Петербург,Владивосток
2006-03-26,2006-03-31,4,20,Москва,Владивосток
2006-03-26,2006-04-01,4,40,Санкт-Петербург,Москва
2006-03-26,2006-03-27,6,20,Санкт-Петербург,Владивосток
2006-03-27,2006-04-03,2,20,Санкт-Петербург,Владивосток
2006-03-27,2006-03-28,4,40,Москва,Санкт-Петербург
2006-03-27,2006-03-28,4,40,Москва,Санкт-Петербург
2006-03-27,2006-03-30,6,20,Владивосток,Санкт-Петербург
2006-03-27,2006-04-01,4,40,Москва,Владивосток
2006-03-28,2006-04-04,5,40,Санкт-Петербург,Владивосток
2006-03-28,2006-03-31,5,20,Москва,Владивосток
2006-03-28,2006-04-01,5,40,Санкт-Петербург,Москва
2006-03-28,2006-04-04,2,40,Владивосток,Санкт-Петербург
2006-03-28,2006-04-02,4,40,Москва,Владивосток
2006-03-29,2006-04-01,5,40,Санкт-Петербург,Москва
2006-03-29,2006-04-01,5,40,Москва,Санкт-Петербург
2006-03-29,2006-04-02,5,20,Владивосток,Санкт-Петербург
2006-03-29,2006-04-01,6,40,Москва,Санкт-Петербург
2006-03-29,2006-04-03,2,40,Москва,Санкт-Петербург
2006-03-30,2006-04-02,6,40,Санкт-Петербург,Владивосток
2006-03-30,2006-04-03,6,40,Москва,Санкт-Петербург
2006-03-30,2006-04-03,2,20,Санкт-Петербург,Владивосток
2006-03-30,2006-04-01,6,40,Санкт-Петербург,Москва
2006-03-30,2006-04-01,6,40,Владивосток,Москва
2006-03-31,2006-04-04,4,20,Владивосток,Санкт-Петербург
2006-03-31,2006-04-05,2,40,Санкт-Петербург,Москва
2006-03-31,2006-04-07,2,20,Владивосток,Санкт-Петербург
2006-03-31,2006-04-01,6,20,Санкт-Петербург,Владивосток
2006-04-01,2006-04-04,5,40,Москва,Санкт-Петербург
2006-04-01,2006-04-06,2,20,Владивосток,Москва
2006-04-02,2006-04-03,5,20,Владивосток,Санкт-Петербург
2006-04-02,2006-04-03,2,20,Москва,Владивосток
2006-04-03,2006-04-10,4,40,Владивосток,Москва
2006-04-04,2006-04-08,3,20,Москва,Санкт-Петербург
2006-04-04,2006-04-09,3,40,Москва,Владивосток
2006-04-05,2006-04-11,4,40,Москва,Владивосток
2006-04-05,2006-04-11,2,20,Москва,Владивосток
2006-04-05,2006-04-11,5,40,Москва,Владивосток
2006-04-06,2006-04-13,5,40,Владивосток,Санкт-Петербург
2006-04-06,2006-04-11,3,20,Санкт-Петербург,Владивосток
2006-04-06,2006-04-12,6,20,Санкт-Петербург,Владивосток
2006-04-06,2006-04-10,6,40,Москва,Санкт-Петербург
2006-04-06,2006-04-07,2,20,Владивосток,Москва
2006-04-07,2006-04-14,3,20,Владивосток,Санкт-Петербург
2006-04-07,2006-04-11,5,40,Санкт-Петербург,Москва
2006-04-08,2006-04-13,4,40,Москва,Владивосток
2006-04-08,2006-04-09,6,40,Москва,Санкт-Петербург
2006-04-08,2006-04-11,3,20,Москва,Санкт-Петербург
2006-04-08,2006-04-14,5,40,Москва,Владивосток
2006-04-09,2006-04-12,3,20,Москва,Санкт-Петербург
2006-04-11,2006-04-16,5,40,Москва,Владивосток
2006-04-12,2006-04-14,3,40,Владивосток,Москва
2006-04-12,2006-04-15,4,40,Санкт-Петербург,Москва
2006-04-13,2006-04-19,3,40,Владивосток,Санкт-Петербург
2006-04-13,2006-04-18,4,20,Владивосток,Москва
2006-04-13,2006-04-14,5,40,Санкт-Петербург,Москва
2006-04-14,2006-04-16,2,40,Владивосток,Санкт-Петербург
2006-04-14,2006-04-16,4,20,Владивосток,Москва
2006-04-15,2006-04-20,3,40,Москва,Владивосток
2006-04-15,2006-04-20,5,20,Владивосток,Санкт-Петербург
2006-04-15,2006-04-17,4,20,Владивосток,Москва
2006-04-15,2006-04-19,3,20,Владивосток,Москва
2006-04-15,2006-04-20,5,20,Владивосток,Санкт-Петербург
2006-04-16,2006-04-22,5,40,Москва,Санкт-Петербург
2006-04-16,2006-04-18,5,20,Москва,Владивосток
2006-04-18,2006-04-25,2,20,Москва,Владивосток
2006-04-19,2006-04-24,6,40,Санкт-Петербург,Москва
2006-04-19,2006-04-20,4,20,Владивосток,Москва
2006-04-19,2006-04-24,5,40,Москва,Владивосток
2006-04-19,2006-04-23,2,20,Москва,Владивосток
2006-04-19,2006-04-26,5,40,Москва,Санкт-Петербург
2006-04-19,2006-04-20,5,40,Москва,Санкт-Петербург
2006-04-20,2006-04-24,2,20,Москва,Владивосток
2006-04-20,2006-04-23,6,20,Санкт-Петербург,Москва
2006-04-20,2006-04-23,3,40,Санкт-Петербург,Владивосток
2006-04-20,2006-04-27,4,40,Москва,Санкт-Петербург
2006-04-21,2006-04-26,4,20,Санкт-Петербург,Владивосток
2006-04-21,2006-04-22,2,40,Санкт-Петербург,Москва
2006-04-22,2006-04-27,6,40,Санкт-Петербург,Владивосток
2006-04-22,2006-04-24,3,40,Санкт-Петербург,Владивосток
2006-04-23,2006-04-30,3,40,Санкт-Петербург,Владивосток
2006-04-23,2006-04-25,2,20,Владивосток,Москва
2006-04-23,2006-04-24,3,20,Санкт-Петербург,Москва
2006-04-23,2006-04-26,3,40,Москва,Владивосток
2006-04-23,2006-04-24,2,40,Санкт-Петербург,Владивосток
2006-04-24,2006-05-01,4,20,Москва,Санкт-Петербург
2006-04-24,2006-04-27,4,20,Владивосток,Санкт-Петербург
2006-04-24,2006-04-25,6,20,Владивосток,Москва
2006-04-24,2006-04-30,4,40,Москва,Санкт-Петербург
2006-04-24,2006-04-30,2,20,Москва,Владивосток
2006-04-25,2006-04-27,5,20,Москва,Владивосток
2006-04-25,2006-04-29,3,20,Санкт-Петербург,Москва
2006-04-25,2006-04-29,3,40,Санкт-Петербург,Москва
2006-04-25,2006-04-27,3,20,Владивосток,Санкт-Петербург
2006-04-25,2006-05-01,6,20,Москва,Санкт-Петербург
2006-04-27,2006-05-02,6,20,Москва,Владивосток
2006-04-28,2006-05-05,3,40,Москва,Санкт-Петербург
2006-04-29,2006-05-03,3,20,Санкт-Петербург,Москва
2006-04-29,2006-04-30,4,20,Москва,Владивосток
2006-04-29,2006-04-30,4,40,Санкт-Петербург,Москва
2006-04-29,2006-05-01,5,20,Санкт-Петербург,Владивосток
2006-04-30,2006-05-04,2,20,Санкт-Петербург,Владивосток
2006-05-01,2006-05-08,6,20,Москва,Санкт-Петербург
2006-05-01,2006-05-02,3,40,Владивосток,Москва
2006-05-01,2006-05-04,4,40,Владивосток,Санкт-Петербург
2006-05-01,2006-05-03,2,20,Москва,Санкт-Петербург
2006-05-02,2006-05-07,6,40,Санкт-Петербург,Владивосток
2006-05-02,2006-05-03,2,20,Москва,Владивосток
2006-05-02,2006-05-05,6,20,Москва,Санкт-Петербург
2006-05-02,2006-05-09,6,40,Москва,Владивосток
2006-05-03,2006-05-06,3,40,Владивосток,Москва
2006-05-03,2006-05-07,6,40,Москва,Владивосток
2006-05-04,2006-05-08,4,40,Санкт-Петербург,Владивосток
2006-05-04,2006-05-09,2,40,Владивосток,Москва
2006-05-04,2006-05-06,6,20,Санкт-Петербург,Москва
2006-05-05,2006-05-09,4,20,Москва,Владивосток
2006-05-05,2006-05-10,4,20,Москва,Владивосток
2006-05-05,2006-05-10,4,20,Москва,Санкт-Петербург
2006-05-05,2006-05-06,7,40,Санкт-Петербург,Владивосток
2006-05-06,2006-05-07,2,20,Санкт-Петербург,Москва
2006-05-06,2006-05-07,3,40,Москва,Санкт-Петербург
2006-05-06,2006-05-13,3,40,Санкт-Петербург,Москва
2006-05-06,2006-05-07,3,40,Владивосток,Санкт-Петербург
2006-05-06,2006-05-11,7,20,Санкт-Петербург,Москва
2006-05-07,2006-05-12,2,20,Москва,Владивосток
2006-05-07,2006-05-12,7,20,Санкт-Петербург,Владивосток
2006-05-08,2006-05-15,4,20,Владивосток,Санкт-Петербург
2006-05-08,2006-05-14,4,40,Санкт-Петербург,Владивосток
2006-05-09,2006-05-13,3,20,Санкт-Петербург,Москва
2006-05-09,2006-05-11,4,40,Москва,Санкт-Петербург
2006-05-09,2006-05-13,4,20,Москва,Санкт-Петербург
2006-05-10,2006-05-16,6,40,Москва,Санкт-Петербург
2006-05-10,2006-05-13,4,40,Москва,Владивосток
2006-05-11,2006-05-13,3,40,Москва,Владивосток
2006-05-12,2006-05-14,6,20,Владивосток,Москва
2006-05-13,2006-05-20,7,20,Санкт-Петербург,Владивосток
2006-05-13,2006-05-15,3,40,Москва,Владивосток
2006-05-13,2006-05-17,3,20,Москва,Санкт-Петербург
2006-05-13,2006-05-14,4,20,Москва,Санкт-Петербург
2006-05-13,2006-05-20,7,40,Владивосток,Москва
2006-05-13,2006-05-16,4,20,Владивосток,Москва
2006-05-14,2006-05-21,7,20,Москва,Санкт-Петербург
2006-05-14,2006-05-17,2,40,Санкт-Петербург,Москва
2006-05-16,2006-05-21,7,20,Москва,Санкт-Петербург
2006-05-16,2006-05-18,2,40,Москва,Владивосток
2006-05-18,2006-05-19,3,20,Москва,Владивосток
2006-05-18,2006-05-20,2,40,Москва,Санкт-Петербург
2006-05-18,2006-05-20,2,20,Владивосток,Санкт-Петербург
2006-05-18,2006-05-25,4,40,Владивосток,Санкт-Петербург
2006-05-19,2006-05-24,2,40,Санкт-Петербург,Владивосток
2006-05-19,2006-05-21,6,40,Владивосток,Москва
2006-05-20,2006-05-23,4,20,Москва,Санкт-Петербург
2006-05-20,2006-05-24,7,40,Санкт-Петербург,Москва
2006-05-21,2006-05-27,3,40,Москва,Владивосток
2006-05-21,2006-05-25,3,20,Санкт-Петербург,Москва
2006-05-22,2006-05-28,6,40,Москва,Владивосток
2006-05-22,2006-05-29,4,40,Москва,Владивосток
2006-05-22,2006-05-27,4,20,Владивосток,Санкт-Петербург
2006-05-24,2006-05-27,3,20,Москва,Владивосток
2006-05-24,2006-05-27,2,40,Москва,Санкт-Петербург
2006-05-24,2006-05-30,6,40,Владивосток,Москва
2006-05-24,2006-05-26,3,40,Москва,Владивосток
2006-05-25,2006-05-26,2,20,Владивосток,Москва
2006-05-25,2006-05-29,4,20,Москва,Санкт-Петербург
2006-05-25,2006-06-01,7,20,Москва,Санкт-Петербург
2006-05-25,2006-05-28,2,40,Москва,Владивосток
2006-05-26,2006-06-02,6,20,Москва,Санкт-Петербург
2006-05-26,2006-05-28,7,20,Москва,Санкт-Петербург
2006-05-27,2006-05-31,4,20,Москва,Владивосток
2006-05-27,2006-05-29,3,20,Владивосток,Санкт-Петербург
2006-05-28,2006-06-04,3,40,Санкт-Петербург,Владивосток
2006-05-28,2006-06-02,3,40,Санкт-Петербург,Владивосток
2006-05-28,2006-06-03,2,20,Владивосток,Санкт-Петербург
2006-05-29,2006-05-30,4,20,Владивосток,Москва
2006-05-30,2006-06-05,3,40,Москва,Санкт-Петербург
2006-05-30,2006-06-02,4,20,Владивосток,Москва
2006-05-30,2006-06-05,6,20,Москва,Владивосток
2006-05-31,2006-06-07,3,40,Владивосток,Санкт-Петербург
2006-05-31,2006-06-05,4,40,Москва,Владивосток
2006-06-01,2006-06-06,7,20,Владивосток,Санкт-Петербург
2006-06-01,2006-06-06,6,20,Санкт-Петербург,Москва
2006-06-02,2006-06-05,6,20,Москва,Владивосток
2006-06-02,2006-06-05,3,40,Владивосток,Москва
2006-06-02,2006-06-05,3,40,Москва,Санкт-Петербург
2006-06-03,2006-06-08,7,40,Москва,Санкт-Петербург
2006-06-06,2006-06-09,7,40,Владивосток,Москва
2006-06-06,2006-06-12,3,20,Владивосток,Москва
2006-06-06,2006-06-09,2,20,Москва,Санкт-Петербург
2006-06-06,2006-06-12,2,20,Санкт-Петербург,Владивосток
2006-06-06,2006-06-10,3,20,Владивосток,Санкт-Петербург
2006-06-07,2006-06-10,5,40,Санкт-Петербург,Владивосток
2006-06-08,2006-06-13,5,40,Владивосток,Санкт-Петербург
2006-06-08,2006-06-12,2,40,Владивосток,Москва
2006-06-08,2006-06-13,2,40,Санкт-Петербург,Владивосток
2006-06-09,2006-06-14,7,40,Москва,Санкт-Петербург
2006-06-09,2006-06-12,5,40,Санкт-Петербург,Москва
2006-06-09,2006-06-14,6,40,Санкт-Петербург,Владивосток
2006-06-09,2006-06-16,3,20,Владивосток,Москва
2006-06-10,2006-06-17,5,20,Владивосток,Санкт-Петербург
2006-06-10,2006-06-16,7,40,Владивосток,Санкт-Петербург
2006-06-10,2006-06-12,3,20,Санкт-Петербург,Владивосток
2006-06-10,2006-06-11,7,20,Санкт-Петербург,Владивосток
2006-06-10,2006-06-14,7,40,Санкт-Петербург,Владивосток
2006-06-11,2006-06-15,5,40,Москва,Санкт-Петербург
2006-06-12,2006-06-15,7,40,Москва,Владивосток
2006-06-12,2006-06-19,7,20,Владивосток,Москва
2006-06-13,2006-06-18,3,40,Москва,Владивосток
2006-06-13,2006-06-16,7,20,Москва,Санкт-Петербург
2006-06-13,2006-06-18,2,40,Москва,Санкт-Петербург
2006-06-14,2006-06-19,7,40,Санкт-Петербург,Владивосток
2006-06-14,2006-06-21,2,40,Владивосток,Москва
2006-06-14,2006-06-17,6,20,Москва,Владивосток
2006-06-14,2006-06-21,5,20,Владивосток,Москва
2006-06-14,2006-06-16,5,40,Санкт-Петербург,Владивосток
2006-06-15,2006-06-17,6,20,Москва,Владивосток
2006-06-15,2006-06-17,7,40,Владивосток,Санкт-Петербург
2006-06-15,2006-06-20,2,40,Санкт-Петербург,Владивосток
2006-06-15,2006-06-19,3,20,Владивосток,Санкт-Петербург
2006-06-15,2006-06-21,7,40,Владивосток,Санкт-Петербург
2006-06-15,2006-06-17,6,20,Санкт-Петербург,Владивосток
2006-06-16,2006-06-21,7,40,Владивосток,Санкт-Петербург
2006-06-16,2006-06-23,6,40,Санкт-Петербург,Владивосток
2006-06-17,2006-06-23,6,20,Санкт-Петербург,Москва
2006-06-18,2006-06-21,6,20,Санкт-Петербург,Москва
2006-06-18,2006-06-22,2,40,Санкт-Петербург,Владивосток
2006-06-18,2006-06-24,7,20,Владивосток,Москва
2006-06-18,2006-06-23,2,20,Санкт-Петербург,Москва
2006-06-19,2006-06-26,6,40,Владивосток,Москва
2006-06-19,2006-06-21,2,20,Владивосток,Москва
2006-06-20,2006-06-24,5,20,Владивосток,Москва
2006-06-21,2006-06-22,5,40,Санкт-Петербург,Владивосток
2006-06-21,2006-06-28,5,20,Москва,Владивосток
2006-06-21,2006-06-26,5,20,Москва,Владивосток
2006-06-21,2006-06-24,2,20,Санкт-Петербург,Владивосток
2006-06-21,2006-06-24,5,40,Санкт-Петербург,Москва
2006-06-21,2006-06-23,6,20,Санкт-Петербург,Владивосток
2006-06-21,2006-06-26,6,40,Санкт-Петербург,Москва
2006-06-22,2006-06-23,6,40,Санкт-Петербург,Москва
2006-06-23,2006-06-27,7,40,Москва,Владивосток
2006-06-23,2006-06-28,3,20,Владивосток,Москва
2006-06-23,2006-06-25,5,20,Москва,Владивосток
2006-06-24,2006-06-28,6,40,Санкт-Петербург,Москва
2006-06-24,2006-06-30,7,20,Санкт-Петербург,Москва
2006-06-24,2006-06-30,7,20,Санкт-Петербург,Москва
2006-06-25,2006-06-27,3,40,Владивосток,Москва
2006-06-26,2006-06-29,6,40,Владивосток,Москва
2006-06-27,2006-06-29,7,40,Владивосток,Москва
2006-06-28,2006-07-04,3,40,Владивосток,Санкт-Петербург
2006-06-28,2006-07-04,6,40,Владивосток,Санкт-Петербург
2006-06-28,2006-07-05,2,20,Санкт-Петербург,Владивосток
2006-06-29,2006-07-02,2,40,Москва,Владивосток
2006-06-29,2006-07-01,6,20,Санкт-Петербург,Владивосток
2006-06-29,2006-06-30,2,40,Владивосток,Санкт-Петербург
2006-06-30,2006-07-04,5,40,Владивосток,Москва
2006-06-30,2006-07-03,2,40,Москва,Владивосток
2006-06-30,2006-07-06,5,40,Москва,Владивосток
2006-07-01,2006-07-06,8,20,Владивосток,Санкт-Петербург
2006-07-01,2006-07-06,3,20,Санкт-Петербург,Владивосток
2006-07-02,2006-07-08,8,40,Москва,Владивосток
2006-07-03,2006-07-10,6,40,Москва,Санкт-Петербург
2006-07-03,2006-07-07,8,20,Владивосток,Москва
2006-07-04,2006-07-05,8,20,Москва,Владивосток
2006-07-04,2006-07-08,3,40,Владивосток,Санкт-Петербург
2006-07-04,2006-07-09,8,40,Санкт-Петербург,Москва
2006-07-04,2006-07-07,2,20,Санкт-Петербург,Москва
2006-07-05,2006-07-12,6,40,Владивосток,Санкт-Петербург
2006-07-05,2006-07-07,5,20,Владивосток,Москва
2006-07-05,2006-07-06,6,20,Санкт-Петербург,Москва
2006-07-05,2006-07-09,2,40,Владивосток,Санкт-Петербург
2006-07-06,2006-07-08,8,20,Санкт-Петербург,Владивосток
2006-07-06,2006-07-07,6,40,Москва,Санкт-Петербург
2006-07-06,2006-07-11,8,20,Москва,Владивосток
2006-07-06,2006-07-10,3,40,Москва,Владивосток
2006-07-06,2006-07-09,5,20,Москва,Владивосток
2006-07-07,2006-07-08,5,20,Санкт-Петербург,Владивосток
2006-07-07,2006-07-13,3,40,Москва,Санкт-Петербург
2006-07-08,2006-07-13,8,20,Санкт-Петербург,Владивосток
2006-07-08,2006-07-10,5,20,Владивосток,Санкт-Петербург
2006-07-08,2006-07-09,5,20,Москва,Санкт-Петербург
2006-07-09,2006-07-10,3,40,Санкт-Петербург,Москва
2006-07-10,2006-07-12,3,20,Москва,Санкт-Петербург
2006-07-10,2006-07-16,8,40,Москва,Владивосток
2006-07-11,2006-07-14,6,40,Санкт-Петербург,Владивосток
2006-07-11,2006-07-16,2,20,Москва,Владивосток
2006-07-11,2006-07-13,2,20,Санкт-Петербург,Москва
2006-07-12,2006-07-19,3,40,Владивосток,Санкт-Петербург
2006-07-12,2006-07-13,5,20,Санкт-Петербург,Владивосток
2006-07-13,2006-07-18,5,20,Москва,Санкт-Петербург
2006-07-13,2006-07-18,3,40,Владивосток,Москва
2006-07-13,2006-07-17,8,40,Санкт-Петербург,Владивосток
2006-07-13,2006-07-19,3,40,Владивосток,Санкт-Петербург
2006-07-14,2006-07-18,2,40,Санкт-Петербург,Москва
2006-07-14,2006-07-21,6,40,Владивосток,Москва
2006-07-15,2006-07-20,3,40,Санкт-Петербург,Москва
2006-07-15,2006-07-21,5,20,Москва,Санкт-Петербург
2006-07-15,2006-07-17,3,20,Москва,Владивосток
2006-07-16,2006-07-18,8,20,Санкт-Петербург,Владивосток
2006-07-17,2006-07-24,5,40,Санкт-Петербург,Владивосток
2006-07-18,2006-07-22,2,40,Москва,Владивосток
2006-07-18,2006-07-20,2,20,Санкт-Петербург,Москва
2006-07-18,2006-07-23,6,40,Санкт-Петербург,Владивосток
2006-07-19,2006-07-23,3,40,Владивосток,Санкт-Петербург
2006-07-19,2006-07-23,5,40,Санкт-Петербург,Владивосток
2006-07-19,2006-07-23,3,40,Санкт-Петербург,Москва
2006-07-19,2006-07-21,5,20,Москва,Санкт-Петербург
2006-07-20,2006-07-22,3,20,Санкт-Петербург,Москва
2006-07-20,2006-07-22,3,20,Владивосток,Москва
2006-07-20,2006-07-26,2,20,Владивосток,Санкт-Петербург
2006-07-22,2006-07-27,2,20,Санкт-Петербург,Москва
2006-07-22,2006-07-26,8,40,Москва,Владивосток
2006-07-22,2006-07-25,5,40,Владивосток,Москва
2006-07-23,2006-07-30,6,40,Санкт-Петербург,Владивосток
2006-07-24,2006-07-31,3,40,Санкт-Петербург,Москва
2006-07-24,2006-07-25,3,40,Санкт-Петербург,Владивосток
2006-07-24,2006-07-31,5,20,Владивосток,Москва
2006-07-24,2006-07-25,5,20,Владивосток,Москва
2006-07-24,2006-07-29,3,40,Москва,Санкт-Петербург
2006-07-25,2006-07-26,8,20,Владивосток,Санкт-Петербург
2006-07-25,2006-07-27,5,40,Москва,Владивосток
2006-07-25,2006-07-30,2,40,Москва,Владивосток
2006-07-25,2006-07-30,6,20,Москва,Владивосток
2006-07-25,2006-07-29,5,20,Санкт-Петербург,Москва
2006-07-26,2006-07-27,6,20,Санкт-Петербург,Москва
2006-07-26,2006-07-28,3,20,Владивосток,Москва
2006-07-26,2006-08-02,6,40,Санкт-Петербург,Москва
2006-07-26,2006-07-30,8,20,Москва,Санкт-Петербург
2006-07-27,2006-08-03,3,40,Владивосток,Санкт-Петербург
2006-07-27,2006-07-31,2,40,Москва,Владивосток
2006-07-27,2006-08-03,8,40,Москва,Владивосток
2006-07-28,2006-08-03,2,40,Владивосток,Санкт-Петербург
2006-07-28,2006-07-29,8,20,Владивосток,Санкт-Петербург
2006-07-29,2006-07-31,2,20,Москва,Владивосток
2006-07-29,2006-08-05,6,40,Санкт-Петербург,Владивосток
2006-07-29,2006-08-05,6,40,Санкт-Петербург,Москва
2006-07-30,2006-07-31,6,20,Владивосток,Москва
2006-07-30,2006-08-02,6,40,Москва,Владивосток
2006-07-31,2006-08-02,3,20,Москва,Владивосток
2006-07-31,2006-08-04,5,20,Санкт-Петербург,Москва
2006-07-31,2006-08-02,5,20,Владивосток,Москва
2006-08-01,2006-08-06,7,20,Санкт-Петербург,Владивосток
2006-08-01,2006-08-06,6,40,Санкт-Петербург,Москва
2006-08-02,2006-08-09,3,20,Владивосток,Санкт-Петербург
2006-08-03,2006-08-09,5,40,Владивосток,Санкт-Петербург
2006-08-03,2006-08-10,7,20,Владивосток,Санкт-Петербург
2006-08-03,2006-08-09,6,20,Санкт-Петербург,Москва
2006-08-03,2006-08-08,2,20,Москва,Владивосток
2006-08-03,2006-08-06,3,40,Москва,Санкт-Петербург
2006-08-03,2006-08-09,7,40,Санкт-Петербург,Владивосток
2006-08-04,2006-08-07,3,20,Санкт-Петербург,Владивосток
2006-08-04,2006-08-05,3,40,Владивосток,Москва
2006-08-05,2006-08-12,3,40,Владивосток,Санкт-Петербург
2006-08-05,2006-08-08,7,20,Владивосток,Санкт-Петербург
2006-08-05,2006-08-06,7,40,Санкт-Петербург,Москва
2006-08-05,2006-08-09,6,40,Владивосток,Москва
2006-08-05,2006-08-06,7,40,Москва,Санкт-Петербург
2006-08-05,2006-08-08,6,20,Москва,Владивосток
2006-08-05,2006-08-12,2,40,Москва,Владивосток
2006-08-06,2006-08-07,2,40,Санкт-Петербург,Владивосток
2006-08-07,2006-08-13,7,40,Москва,Владивосток
2006-08-07,2006-08-12,5,40,Владивосток,Санкт-Петербург
2006-08-07,2006-08-10,2,20,Санкт-Петербург,Владивосток
2006-08-08,2006-08-13,6,40,Санкт-Петербург,Владивосток
2006-08-08,2006-08-15,3,20,Москва,Санкт-Петербург
2006-08-08,2006-08-11,2,40,Владивосток,Санкт-Петербург
2006-08-09,2006-08-16,2,20,Москва,Владивосток
2006-08-09,2006-08-11,6,20,Владивосток,Санкт-Петербург
2006-08-09,2006-08-11,5,40,Владивосток,Санкт-Петербург
2006-08-09,2006-08-11,3,40,Санкт-Петербург,Владивосток
2006-08-10,2006-08-11,5,20,Москва,Санкт-Петербург
2006-08-11,2006-08-13,6,20,Санкт-Петербург,Владивосток
2006-08-11,2006-08-13,7,40,Санкт-Петербург,Москва
2006-08-11,2006-08-14,3,20,Санкт-Петербург,Москва
2006-08-11,2006-08-13,2,40,Москва,Санкт-Петербург
2006-08-12,2006-08-17,3,40,Владивосток,Санкт-Петербург
2006-08-12,2006-08-15,7,40,Владивосток,Санкт-Петербург
2006-08-12,2006-08-19,5,40,Москва,Владивосток
2006-08-13,2006-08-14,7,20,Москва,Санкт-Петербург
2006-08-13,2006-08-19,7,40,Москва,Санкт-Петербург
2006-08-13,2006-08-17,3,40,Санкт-Петербург,Владивосток
2006-08-14,2006-08-18,7,20,Владивосток,Москва
2006-08-14,2006-08-15,2,40,Москва,Санкт-Петербург
2006-08-14,2006-08-21,6,40,Москва,Владивосток
2006-08-15,2006-08-18,2,20,Санкт-Петербург,Владивосток
2006-08-16,2006-08-20,7,20,Москва,Владивосток
2006-08-17,2006-08-18,7,40,Москва,Санкт-Петербург
2006-08-17,2006-08-22,3,20,Москва,Санкт-Петербург
2006-08-17,2006-08-23,7,40,Владивосток,Санкт-Петербург
2006-08-17,2006-08-24,6,40,Санкт-Петербург,Владивосток
2006-08-18,2006-08-23,2,40,Москва,Санкт-Петербург
2006-08-19,2006-08-24,2,20,Владивосток,Москва
2006-08-19,2006-08-25,5,40,Санкт-Петербург,Владивосток
2006-08-19,2006-08-23,6,40,Владивосток,Санкт-Петербург
2006-08-20,2006-08-21,6,40,Владивосток,Москва
2006-08-20,2006-08-25,3,20,Санкт-Петербург,Владивосток
2006-08-20,2006-08-24,3,20,Владивосток,Санкт-Петербург
2006-08-20,2006-08-27,3,40,Владивосток,Санкт-Петербург
2006-08-20,2006-08-22,3,40,Владивосток,Москва
2006-08-21,2006-08-26,6,20,Санкт-Петербург,Москва
2006-08-22,2006-08-29,7,40,Санкт-Петербург,Москва
2006-08-22,2006-08-24,5,40,Владивосток,Москва
2006-08-22,2006-08-27,7,20,Москва,Владивосток
2006-08-23,2006-08-27,5,40,Москва,Владивосток
2006-08-23,2006-08-26,6,20,Москва,Санкт-Петербург
2006-08-23,2006-08-24,6,40,Владивосток,Москва
2006-08-24,2006-08-30,2,40,Санкт-Петербург,Москва
2006-08-24,2006-08-31,5,40,Владивосток,Санкт-Петербург
2006-08-26,2006-08-30,2,40,Санкт-Петербург,Москва
2006-08-26,2006-08-31,2,20,Владивосток,Санкт-Петербург
2006-08-26,2006-08-29,2,20,Владивосток,Москва
2006-08-26,2006-09-01,5,20,Владивосток,Санкт-Петербург
2006-08-28,2006-09-03,3,40,Москва,Санкт-Петербург
2006-08-28,2006-08-30,2,20,Владивосток,Москва
2006-08-29,2006-09-04,2,20,Санкт-Петербург,Владивосток
2006-08-30,2006-09-04,6,20,Владивосток,Москва
2006-08-30,2006-09-03,6,40,Москва,Владивосток
2006-08-30,2006-09-02,5,20,Санкт-Петербург,Москва
2006-08-31,2006-09-01,2,20,Санкт-Петербург,Владивосток
2006-08-31,2006-09-05,5,20,Москва,Владивосток
2006-08-31,2006-09-07,2,20,Москва,Владивосток
2006-08-31,2006-09-07,2,40,Санкт-Петербург,Владивосток
2006-09-01,2006-09-08,2,40,Москва,Санкт-Петербург
2006-09-01,2006-09-08,4,20,Москва,Владивосток
2006-09-01,2006-09-07,4,20,Санкт-Петербург,Москва
2006-09-01,2006-09-03,5,40,Санкт-Петербург,Владивосток
2006-09-01,2006-09-05,4,20,Санкт-Петербург,Москва
2006-09-02,2006-09-06,6,40,Санкт-Петербург,Владивосток
2006-09-02,2006-09-09,2,40,Владивосток,Москва
2006-09-02,2006-09-06,5,20,Москва,Санкт-Петербург
2006-09-03,2006-09-10,5,40,Владивосток,Санкт-Петербург
2006-09-03,2006-09-05,3,20,Владивосток,Санкт-Петербург
2006-09-03,2006-09-10,3,40,Москва,Санкт-Петербург
2006-09-03,2006-09-09,3,40,Владивосток,Санкт-Петербург
2006-09-04,2006-09-07,2,40,Владивосток,Москва
2006-09-05,2006-09-09,2,20,Москва,Санкт-Петербург
2006-09-05,2006-09-10,3,40,Санкт-Петербург,Москва
2006-09-06,2006-09-13,5,20,Санкт-Петербург,Владивосток
2006-09-06,2006-09-12,2,20,Санкт-Петербург,Владивосток
2006-09-06,2006-09-09,6,20,Санкт-Петербург,Москва
2006-09-07,2006-09-09,6,20,Москва,Санкт-Петербург
2006-09-08,2006-09-09,4,40,Владивосток,Санкт-Петербург
2006-09-09,2006-09-16,3,40,Москва,Владивосток
2006-09-10,2006-09-16,6,40,Санкт-Петербург,Владивосток
2006-09-10,2006-09-11,2,40,Санкт-Петербург,Москва
2006-09-11,2006-09-18,3,40,Москва,Владивосток
2006-09-11,2006-09-13,6,20,Владивосток,Санкт-Петербург
2006-09-11,2006-09-15,4,40,Санкт-Петербург,Владивосток
2006-09-11,2006-09-18,4,40,Москва,Санкт-Петербург
2006-09-12,2006-09-18,4,20,Владивосток,Санкт-Петербург
2006-09-12,2006-09-13,3,40,Владивосток,Москва
2006-09-12,2006-09-16,6,40,Владивосток,Санкт-Петербург
2006-09-12,2006-09-17,3,20,Владивосток,Москва
2006-09-13,2006-09-19,3,20,Санкт-Петербург,Москва
2006-09-14,2006-09-19,3,40,Санкт-Петербург,Москва
2006-09-14,2006-09-19,3,40,Владивосток,Москва
2006-09-15,2006-09-22,2,20,Москва,Санкт-Петербург
2006-09-15,2006-09-16,5,40,Санкт-Петербург,Владивосток
2006-09-16,2006-09-18,5,40,Москва,Владивосток
2006-09-17,2006-09-23,2,40,Москва,Санкт-Петербург
2006-09-17,2006-09-24,6,40,Владивосток,Санкт-Петербург
2006-09-17,2006-09-24,2,20,Москва,Санкт-Петербург
2006-09-18,2006-09-24,3,40,Санкт-Петербург,Владивосток
2006-09-18,2006-09-21,6,40,Москва,Владивосток
2006-09-19,2006-09-25,6,40,Владивосток,Москва
2006-09-19,2006-09-21,3,40,Владивосток,Москва
2006-09-20,2006-09-22,5,20,Владивосток,Москва
2006-09-21,2006-09-27,4,20,Москва,Владивосток
2006-09-21,2006-09-27,4,40,Владивосток,Москва
2006-09-22,2006-09-24,2,20,Владивосток,Москва
2006-09-22,2006-09-25,2,40,Санкт-Петербург,Москва
2006-09-22,2006-09-29,5,40,Москва,Владивосток
2006-09-22,2006-09-28,4,20,Санкт-Петербург,Владивосток
2006-09-23,2006-09-27,5,20,Владивосток,Санкт-Петербург
2006-09-24,2006-10-01,2,20,Владивосток,Москва
2006-09-24,2006-09-27,5,40,Санкт-Петербург,Владивосток
2006-09-25,2006-09-29,2,40,Санкт-Петербург,Владивосток
2006-09-26,2006-10-03,5,40,Москва,Санкт-Петербург
2006-09-27,2006-09-30,2,40,Санкт-Петербург,Владивосток
2006-09-27,2006-09-28,2,40,Владивосток,Москва
2006-09-27,2006-10-04,2,40,Москва,Владивосток
2006-09-27,2006-10-04,3,40,Санкт-Петербург,Москва
2006-09-28,2006-09-29,2,20,Владивосток,Москва
2006-09-28,2006-10-04,3,20,Владивосток,Москва
2006-09-29,2006-10-03,5,40,Санкт-Петербург,Владивосток
2006-09-30,2006-10-07,4,20,Москва,Владивосток
2006-09-30,2006-10-03,3,20,Владивосток,Москва
2006-09-30,2006-10-04,6,20,Владивосток,Санкт-Петербург
2006-09-30,2006-10-05,5,20,Владивосток,Москва
2006-09-30,2006-10-03,3,40,Владивосток,Москва
2006-09-30,2006-10-04,4,40,Санкт-Петербург,Москва
2006-10-01,2006-10-06,3,40,Москва,Владивосток
2006-10-01,2006-10-05,2,20,Москва,Владивосток
2006-10-01,2006-10-06,5,20,Санкт-Петербург,Москва
2006-10-02,2006-10-03,5,20,Санкт-Петербург,Владивосток
2006-10-02,2006-10-05,6,20,Владивосток,Москва
2006-10-02,2006-10-09,5,20,Санкт-Петербург,Владивосток
2006-10-03,2006-10-08,5,40,Москва,Санкт-Петербург
2006-10-03,2006-10-04,3,40,Санкт-Петербург,Владивосток
2006-10-03,2006-10-06,4,20,Санкт-Петербург,Владивосток
2006-10-04,2006-10-06,5,40,Москва,Владивосток
2006-10-04,2006-10-09,3,20,Москва,Владивосток
2006-10-04,2006-10-08,6,20,Москва,Санкт-Петербург
2006-10-04,2006-10-08,6,40,Москва,Санкт-Петербург
2006-10-04,2006-10-09,6,40,Москва,Владивосток
2006-10-05,2006-10-10,6,20,Владивосток,Санкт-Петербург
2006-10-05,2006-10-07,5,20,Москва,Санкт-Петербург
2006-10-06,2006-10-10,3,40,Москва,Владивосток
2006-10-06,2006-10-11,2,20,Москва,Санкт-Петербург
2006-10-07,2006-10-08,6,40,Санкт-Петербург,Москва
2006-10-07,2006-10-11,4,40,Санкт-Петербург,Москва
2006-10-07,2006-10-13,3,40,Санкт-Петербург,Владивосток
2006-10-07,2006-10-12,5,20,Москва,Владивосток
2006-10-08,2006-10-12,6,40,Владивосток,Санкт-Петербург
2006-10-10,2006-10-13,6,40,Санкт-Петербург,Владивосток
2006-10-10,2006-10-11,5,40,Владивосток,Москва
2006-10-10,2006-10-16,2,40,Владивосток,Санкт-Петербург
2006-10-11,2006-10-17,6,20,Санкт-Петербург,Владивосток
2006-10-11,2006-10-15,6,20,Москва,Владивосток
2006-10-11,2006-10-13,6,40,Санкт-Петербург,Владивосток
2006-10-12,2006-10-15,6,20,Санкт-Петербург,Владивосток
2006-10-12,2006-10-19,4,40,Санкт-Петербург,Владивосток
2006-10-12,2006-10-15,3,20,Владивосток,Санкт-Петербург
2006-10-12,2006-10-15,2,40,Санкт-Петербург,Москва
2006-10-12,2006-10-13,3,40,Владивосток,Москва
2006-10-13,2006-10-16,2,20,Москва,Санкт-Петербург
2006-10-14,2006-10-21,6,40,Владивосток,Санкт-Петербург
2006-10-14,2006-10-17,2,20,Москва,Владивосток
2006-10-14,2006-10-18,4,20,Санкт-Петербург,Владивосток
2006-10-16,2006-10-23,4,40,Москва,Санкт-Петербург
2006-10-17,2006-10-19,6,20,Санкт-Петербург,Москва
2006-10-17,2006-10-20,5,40,Владивосток,Санкт-Петербург
2006-10-17,2006-10-21,5,40,Санкт-Петербург,Москва
2006-10-17,2006-10-21,4,20,Владивосток,Москва
2006-10-17,2006-10-18,6,40,Москва,Владивосток
2006-10-18,2006-10-23,2,20,Москва,Владивосток
2006-10-18,2006-10-24,2,20,Москва,Санкт-Петербург
2006-10-18,2006-10-23,5,20,Владивосток,Москва
2006-10-19,2006-10-20,4,20,Санкт-Петербург,Владивосток
2006-10-20,2006-10-22,6,40,Москва,Санкт-Петербург
2006-10-20,2006-10-26,2,20,Владивосток,Москва
2006-10-20,2006-10-22,4,20,Москва,Владивосток
2006-10-20,2006-10-21,6,20,Владивосток,Санкт-Петербург
2006-10-20,2006-10-24,5,40,Москва,Владивосток
2006-10-20,2006-10-21,2,40,Владивосток,Москва
2006-10-20,2006-10-25,2,20,Владивосток,Санкт-Петербург
2006-10-20,2006-10-23,5,20,Владивосток,Москва
2006-10-20,2006-10-22,2,40,Санкт-Петербург,Владивосток
2006-10-21,2006-10-25,3,20,Санкт-Петербург,Владивосток
2006-10-21,2006-10-23,5,20,Москва,Владивосток
2006-10-21,2006-10-27,3,20,Санкт-Петербург,Владивосток
2006-10-21,2006-10-26,3,40,Владивосток,Санкт-Петербург
2006-10-21,2006-10-24,5,40,Владивосток,Москва
2006-10-21,2006-10-28,4,40,Владивосток,Москва
2006-10-22,2006-10-29,5,40,Москва,Владивосток
2006-10-22,2006-10-24,6,20,Санкт-Петербург,Москва
2006-10-22,2006-10-23,5,40,Санкт-Петербург,Москва
2006-10-22,2006-10-26,4,40,Санкт-Петербург,Москва
2006-10-22,2006-10-26,6,20,Санкт-Петербург,Москва
2006-10-22,2006-10-25,2,40,Москва,Санкт-Петербург
2006-10-22,2006-10-24,4,20,Санкт-Петербург,Владивосток
2006-10-23,2006-10-26,3,40,Санкт-Петербург,Владивосток
2006-10-23,2006-10-29,6,20,Санкт-Петербург,Москва
2006-10-24,2006-10-28,4,20,Владивосток,Санкт-Петербург
2006-10-24,2006-10-31,5,20,Владивосток,Санкт-Петербург
2006-10-25,2006-11-01,2,20,Санкт-Петербург,Владивосток
2006-10-25,2006-10-29,4,40,Москва,Владивосток
2006-10-26,2006-11-01,2,40,Владивосток,Москва
2006-10-27,2006-10-31,5,40,Москва,Владивосток
2006-10-27,2006-11-03,4,20,Владивосток,Санкт-Петербург
2006-10-28,2006-10-30,5,40,Москва,Санкт-Петербург
2006-10-29,2006-11-04,4,40,Санкт-Петербург,Владивосток
2006-10-29,2006-10-30,3,40,Владивосток,Москва
2006-10-31,2006-11-04,5,40,Санкт-Петербург,Москва
2006-10-31,2006-11-01,2,20,Санкт-Петербург,Москва
2006-10-31,2006-11-05,4,40,Владивосток,Москва
2006-11-02,2006-11-04,5,40,Владивосток,Москва
2006-11-02,2006-11-07,2,40,Санкт-Петербург,Владивосток
2006-11-02,2006-11-08,3,20,Санкт-Петербург,Москва
2006-11-02,2006-11-04,4,40,Владивосток,Москва
2006-11-02,2006-11-04,2,20,Владивосток,Москва
2006-11-03,2006-11-09,2,40,Санкт-Петербург,Москва
2006-11-03,2006-11-10,5,20,Санкт-Петербург,Владивосток
2006-11-03,2006-11-06,3,20,Владивосток,Москва
2006-11-03,2006-11-05,5,20,Санкт-Петербург,Москва
2006-11-03,2006-11-08,3,20,Владивосток,Москва
2006-11-03,2006-11-04,4,40,Санкт-Петербург,Москва
2006-11-04,2006-11-08,1,20,Санкт-Петербург,Москва
2006-11-04,2006-11-05,1,20,Санкт-Петербург,Владивосток
2006-11-04,2006-11-06,4,20,Санкт-Петербург,Владивосток
2006-11-04,2006-11-08,2,40,Санкт-Петербург,Москва
2006-11-05,2006-11-11,5,20,Владивосток,Москва
2006-11-05,2006-11-11,2,20,Владивосток,Санкт-Петербург
2006-11-05,2006-11-12,2,20,Москва,Санкт-Петербург
2006-11-06,2006-11-13,2,40,Санкт-Петербург,Москва
2006-11-06,2006-11-11,4,20,Москва,Санкт-Петербург
2006-11-06,2006-11-09,5,40,Москва,Санкт-Петербург
2006-11-06,2006-11-08,5,20,Москва,Владивосток
2006-11-06,2006-11-10,4,40,Москва,Владивосток
2006-11-07,2006-11-14,5,20,Владивосток,Санкт-Петербург
2006-11-07,2006-11-13,1,20,Москва,Владивосток
2006-11-07,2006-11-11,2,20,Москва,Владивосток
2006-11-08,2006-11-11,2,20,Санкт-Петербург,Владивосток
2006-11-08,2006-11-09,2,20,Москва,Владивосток
2006-11-08,2006-11-14,2,40,Санкт-Петербург,Владивосток
2006-11-08,2006-11-10,4,40,Владивосток,Москва
2006-11-08,2006-11-14,5,20,Санкт-Петербург,Владивосток
2006-11-09,2006-11-16,2,40,Владивосток,Москва
2006-11-09,2006-11-15,1,20,Москва,Санкт-Петербург
2006-11-09,2006-11-14,3,40,Санкт-Петербург,Москва
2006-11-09,2006-11-13,1,20,Владивосток,Москва
2006-11-09,2006-11-10,4,20,Владивосток,Санкт-Петербург
2006-11-10,2006-11-14,5,20,Санкт-Петербург,Москва
2006-11-10,2006-11-15,4,20,Владивосток,Санкт-Петербург
2006-11-11,2006-11-17,2,40,Санкт-Петербург,Владивосток
2006-11-11,2006-11-14,2,40,Владивосток,Санкт-Петербург
2006-11-11,2006-11-15,4,20,Санкт-Петербург,Владивосток
2006-11-11,2006-11-16,4,20,Санкт-Петербург,Москва
2006-11-12,2006-11-15,4,20,Москва,Санкт-Петербург
2006-11-13,2006-11-20,4,20,Москва,Владивосток
2006-11-13,2006-11-17,4,20,Владивосток,Санкт-Петербург
2006-11-13,2006-11-17,3,40,Владивосток,Санкт-Петербург
2006-11-13,2006-11-17,5,40,Москва,Санкт-Петербург
2006-11-13,2006-11-20,1,40,Санкт-Петербург,Владивосток
2006-11-14,2006-11-21,2,20,Владивосток,Москва
2006-11-15,2006-11-17,5,40,Москва,Санкт-Петербург
2006-11-15,2006-11-17,5,40,Санкт-Петербург,Владивосток
2006-11-15,2006-11-18,2,40,Москва,Санкт-Петербург
2006-11-16,2006-11-23,5,40,Владивосток,Санкт-Петербург
2006-11-16,2006-11-19,4,40,Владивосток,Москва
2006-11-16,2006-11-19,2,20,Москва,Владивосток
2006-11-16,2006-11-22,1,40,Владивосток,Санкт-Петербург
2006-11-16,2006-11-23,3,40,Москва,Владивосток
2006-11-17,2006-11-24,3,20,Москва,Владивосток
2006-11-18,2006-11-20,5,20,Санкт-Петербург,Москва
2006-11-19,2006-11-25,1,40,Санкт-Петербург,Москва
2006-11-19,2006-11-25,5,20,Москва,Санкт-Петербург
2006-11-19,2006-11-22,3,40,Владивосток,Москва
2006-11-19,2006-11-25,5,40,Владивосток,Москва
2006-11-20,2006-11-23,3,20,Владивосток,Москва
2006-11-20,2006-11-26,5,40,Санкт-Петербург,Владивосток
2006-11-20,2006-11-23,3,40,Москва,Санкт-Петербург
2006-11-20,2006-11-24,5,20,Владивосток,Санкт-Петербург
2006-11-21,2006-11-28,5,40,Санкт-Петербург,Москва
2006-11-22,2006-11-27,2,40,Владивосток,Москва
2006-11-22,2006-11-23,4,20,Санкт-Петербург,Владивосток
2006-11-23,2006-11-25,2,20,Владивосток,Москва
2006-11-23,2006-11-26,4,40,Владивосток,Москва
2006-11-24,2006-11-28,5,40,Владивосток,Москва
2006-11-24,2006-11-25,5,40,Москва,Санкт-Петербург
2006-11-25,2006-11-29,1,40,Владивосток,Санкт-Петербург
2006-11-25,2006-11-26,1,40,Санкт-Петербург,Владивосток
2006-11-25,2006-12-02,2,40,Москва,Владивосток
2006-11-26,2006-11-27,5,40,Владивосток,Санкт-Петербург
2006-11-26,2006-11-27,5,20,Москва,Санкт-Петербург
2006-11-26,2006-12-01,4,20,Санкт-Петербург,Москва
2006-11-27,2006-12-02,2,40,Москва,Санкт-Петербург
2006-11-27,2006-12-02,3,20,Владивосток,Санкт-Петербург
2006-11-27,2006-11-29,2,40,Владивосток,Москва
2006-11-27,2006-12-04,3,40,Москва,Владивосток
2006-11-27,2006-11-29,4,20,Санкт-Петербург,Москва
2006-11-29,2006-12-02,2,40,Санкт-Петербург,Владивосток
2006-11-29,2006-12-04,4,20,Владивосток,Москва
2006-11-29,2006-12-06,5,20,Санкт-Петербург,Москва
2006-11-29,2006-12-06,3,40,Санкт-Петербург,Владивосток
2006-11-30,2006-12-05,3,20,Москва,Санкт-Петербург
2006-12-01,2006-12-08,3,20,Санкт-Петербург,Москва
2006-12-01,2006-12-05,1,40,Санкт-Петербург,Владивосток
2006-12-01,2006-12-07,2,40,Москва,Санкт-Петербург
2006-12-02,2006-12-04,2,20,Москва,Владивосток
2006-12-02,2006-12-09,4,20,Владивосток,Москва
2006-12-04,2006-12-06,5,20,Москва,Владивосток
2006-12-04,2006-12-06,2,40,Москва,Санкт-Петербург
2006-12-04,2006-12-05,5,20,Санкт-Петербург,Москва
2006-12-05,2006-12-08,3,20,Санкт-Петербург,Владивосток
2006-12-05,2006-12-07,5,20,Владивосток,Москва
2006-12-05,2006-12-09,2,20,Москва,Владивосток
2006-12-05,2006-12-08,2,20,Санкт-Петербург,Москва
2006-12-05,2006-12-10,1,20,Санкт-Петербург,Владивосток
2006-12-06,2006-12-10,1,20,Владивосток,Москва
2006-12-06,2006-12-13,3,40,Санкт-Петербург,Москва
2006-12-06,2006-12-10,1,20,Владивосток,Москва
2006-12-06,2006-12-08,1,40,Санкт-Петербург,Москва
2006-12-06,2006-12-08,1,20,Москва,Владивосток
2006-12-07,2006-12-13,1,40,Владивосток,Санкт-Петербург
2006-12-07,2006-12-10,2,20,Москва,Санкт-Петербург
2006-12-07,2006-12-09,1,20,Санкт-Петербург,Владивосток
2006-12-07,2006-12-09,1,40,Владивосток,Москва
2006-12-08,2006-12-14,2,40,Владивосток,Москва
2006-12-09,2006-12-11,4,20,Москва,Санкт-Петербург
2006-12-10,2006-12-15,1,20,Санкт-Петербург,Москва
2006-12-10,2006-12-12,1,20,Владивосток,Санкт-Петербург
2006-12-10,2006-12-11,3,40,Москва,Санкт-Петербург
2006-12-11,2006-12-13,1,40,Владивосток,Москва
2006-12-11,2006-12-16,5,20,Санкт-Петербург,Москва
2006-12-11,2006-12-12,3,40,Владивосток,Санкт-Петербург
2006-12-11,2006-12-15,1,40,Москва,Санкт-Петербург
2006-12-12,2006-12-15,1,40,Владивосток,Москва
2006-12-12,2006-12-19,4,40,Санкт-Петербург,Москва
2006-12-13,2006-12-20,1,20,Москва,Владивосток
2006-12-13,2006-12-16,2,40,Владивосток,Москва
2006-12-13,2006-12-20,3,40,Москва,Владивосток
2006-12-13,2006-12-17,4,40,Москва,Санкт-Петербург
2006-12-13,2006-12-20,1,40,Санкт-Петербург,Владивосток
2006-12-13,2006-12-19,2,40,Санкт-Петербург,Владивосток
2006-12-14,2006-12-20,5,40,Владивосток,Санкт-Петербург
2006-12-14,2006-12-15,5,20,Санкт-Петербург,Владивосток
2006-12-14,2006-12-20,4,40,Санкт-Петербург,Москва
2006-12-14,2006-12-20,3,20,Владивосток,Санкт-Петербург
2006-12-15,2006-12-16,5,20,Москва,Владивосток
2006-12-15,2006-12-16,5,40,Москва,Санкт-Петербург
2006-12-15,2006-12-18,1,40,Владивосток,Санкт-Петербург
2006-12-16,2006-12-18,5,20,Владивосток,Москва
2006-12-16,2006-12-20,1,40,Владивосток,Санкт-Петербург
2006-12-16,2006-12-20,4,40,Санкт-Петербург,Владивосток
2006-12-18,2006-12-23,2,40,Владивосток,Санкт-Петербург
2006-12-18,2006-12-21,2,20,Владивосток,Санкт-Петербург
2006-12-19,2006-12-26,3,40,Москва,Владивосток
2006-12-19,2006-12-22,3,20,Москва,Владивосток
2006-12-19,2006-12-26,4,40,Москва,Санкт-Петербург
2006-12-19,2006-12-24,2,20,Санкт-Петербург,Владивосток
2006-12-20,2006-12-25,3,40,Москва,Владивосток
2006-12-20,2006-12-22,2,20,Владивосток,Москва
2006-12-20,2006-12-21,4,40,Владивосток,Москва
2006-12-20,2006-12-23,3,20,Москва,Санкт-Петербург
2006-12-20,2006-12-21,3,40,Санкт-Петербург,Владивосток
2006-12-21,2006-12-28,5,40,Санкт-Петербург,Владивосток
2006-12-21,2006-12-23,3,20,Владивосток,Москва
2006-12-21,2006-12-28,4,20,Владивосток,Москва
2006-12-21,2006-12-23,2,40,Санкт-Петербург,Москва
2006-12-21,2006-12-23,2,20,Владивосток,Москва
2006-12-22,2006-12-28,2,20,Санкт-Петербург,Владивосток
2006-12-22,2006-12-29,5,20,Санкт-Петербург,Москва
2006-12-22,2006-12-27,3,40,Санкт-Петербург,Владивосток
2006-12-23,2006-12-30,4,40,Санкт-Петербург,Владивосток
2006-12-23,2006-12-29,1,20,Москва,Владивосток
2006-12-23,2006-12-29,3,40,Владивосток,Санкт-Петербург
2006-12-23,2006-12-30,4,20,Москва,Санкт-Петербург
2006-12-23,2006-12-28,4,40,Москва,Владивосток
2006-12-24,2006-12-25,4,40,Москва,Владивосток
2006-12-24,2006-12-30,3,40,Санкт-Петербург,Москва
2006-12-24,2006-12-29,3,40,Москва,Владивосток
2006-12-25,2006-12-29,2,20,Владивосток,Москва
2006-12-25,2006-12-29,5,20,Москва,Санкт-Петербург
2006-12-25,2006-12-30,4,40,Владивосток,Москва
2006-12-26,2006-12-31,1,20,Санкт-Петербург,Владивосток
2006-12-27,2006-12-30,5,20,Владивосток,Москва
2006-12-27,2006-12-29,5,40,Москва,Владивосток
2006-12-27,2006-12-31,5,40,Владивосток,Москва
2006-12-27,2007-01-03,4,40,Москва,Санкт-Петербург
2006-12-28,2006-12-31,5,20,Москва,Санкт-Петербург
2006-12-28,2007-01-04,5,40,Владивосток,Санкт-Петербург
2006-12-29,2007-01-03,5,20,Владивосток,Санкт-Петербург
2006-12-29,2007-01-03,4,40,Москва,Санкт-Петербург
2006-12-30,2007-01-06,2,40,Москва,Санкт-Петербург
2006-12-30,2007-01-01,2,20,Москва,Санкт-Петербург
2006-12-30,2006-12-31,3,20,Москва,Санкт-Петербург
2006-12-31,2007-01-07,4,20,Владивосток,Москва
2007-01-01,2007-01-02,3,20,Владивосток,Санкт-Петербург
2007-01-01,2007-01-05,2,20,Владивосток,Москва
2007-01-01,2007-01-06,3,40,Владивосток,Москва
2007-01-01,2007-01-04,3,40,Москва,Владивосток
2007-01-02,2007-01-06,2,40,Владивосток,Санкт-Петербург
2007-01-02,2007-01-09,4,20,Владивосток,Санкт-Петербург
2007-01-03,2007-01-09,1,40,Санкт-Петербург,Владивосток
2007-01-04,2007-01-10,1,20,Москва,Владивосток
2007-01-04,2007-01-10,3,40,Санкт-Петербург,Владивосток
2007-01-04,2007-01-05,4,40,Москва,Санкт-Петербург
2007-01-04,2007-01-05,4,20,Владивосток,Санкт-Петербург
2007-01-04,2007-01-07,2,20,Владивосток,Санкт-Петербург
2007-01-05,2007-01-12,4,40,Владивосток,Москва
2007-01-05,2007-01-12,1,20,Санкт-Петербург,Москва
2007-01-06,2007-01-07,3,20,Москва,Санкт-Петербург
2007-01-07,2007-01-09,4,20,Владивосток,Москва
2007-01-07,2007-01-11,4,20,Москва,Санкт-Петербург
2007-01-07,2007-01-11,2,20,Владивосток,Санкт-Петербург
2007-01-07,2007-01-12,3,20,Москва,Санкт-Петербург
2007-01-07,2007-01-12,1,40,Санкт-Петербург,Москва
2007-01-08,2007-01-13,4,40,Владивосток,Санкт-Петербург
2007-01-08,2007-01-14,1,40,Владивосток,Москва
2007-01-09,2007-01-11,2,20,Москва,Владивосток
2007-01-09,2007-01-11,2,40,Санкт-Петербург,Москва
2007-01-10,2007-01-11,4,40,Москва,Санкт-Петербург
2007-01-10,2007-01-12,2,20,Владивосток,Москва
2007-01-10,2007-01-11,4,20,Москва,Владивосток
2007-01-10,2007-01-12,4,20,Москва,Владивосток
2007-01-11,2007-01-16,2,40,Москва,Владивосток
2007-01-12,2007-01-16,3,40,Владивосток,Москва
2007-01-12,2007-01-14,2,20,Санкт-Петербург,Москва
2007-01-12,2007-01-17,1,20,Санкт-Петербург,Москва
2007-01-13,2007-01-18,1,20,Владивосток,Москва
2007-01-13,2007-01-19,4,20,Владивосток,Москва
2007-01-13,2007-01-15,1,20,Москва,Владивосток
2007-01-13,2007-01-19,4,20,Москва,Санкт-Петербург
2007-01-14,2007-01-15,4,20,Москва,Владивосток
2007-01-14,2007-01-19,4,20,Владивосток,Москва
2007-01-15,2007-01-21,2,40,Санкт-Петербург,Владивосток
2007-01-15,2007-01-20,3,40,Владивосток,Москва
2007-01-15,2007-01-16,1,20,Москва,Санкт-Петербург
2007-01-16,2007-01-17,2,20,Москва,Владивосток
2007-01-16,2007-01-18,4,40,Владивосток,Москва
2007-01-16,2007-01-19,4,40,Владивосток,Москва
2007-01-16,2007-01-22,3,40,Москва,Владивосток
2007-01-17,2007-01-23,2,40,Владивосток,Москва
2007-01-19,2007-01-22,4,40,Санкт-Петербург,Владивосток
2007-01-19,2007-01-23,4,20,Санкт-Петербург,Владивосток
2007-01-22,2007-01-28,4,20,Москва,Владивосток
2007-01-23,2007-01-30,3,20,Владивосток,Санкт-Петербург
2007-01-23,2007-01-30,2,40,Москва,Владивосток
2007-01-24,2007-01-31,4,40,Москва,Санкт-Петербург
2007-01-25,2007-01-31,4,40,Москва,Владивосток
2007-01-27,2007-01-29,1,40,Санкт-Петербург,Москва
2007-01-27,2007-01-28,3,40,Владивосток,Москва
2007-01-27,2007-01-29,2,20,Москва,Владивосток
2007-01-28,2007-02-01,4,20,Владивосток,Москва
2007-01-28,2007-01-30,3,40,Москва,Санкт-Петербург
2007-01-28,2007-01-30,1,20,Владивосток,Санкт-Петербург
2007-01-28,2007-01-29,4,20,Владивосток,Санкт-Петербург
2007-01-28,2007-02-04,4,40,Москва,Санкт-Петербург
2007-01-29,2007-02-03,2,40,Владивосток,Санкт-Петербург
2007-01-29,2007-02-02,1,40,Владивосток,Москва
2007-01-29,2007-02-05,4,20,Владивосток,Санкт-Петербург
2007-01-29,2007-01-31,3,20,Владивосток,Санкт-Петербург
2007-01-30,2007-02-04,4,20,Санкт-Петербург,Владивосток
2007-01-30,2007-02-02,4,40,Москва,Владивосток
2007-01-31,2007-02-01,1,20,Санкт-Петербург,Москва
2007-02-01,2007-02-06,4,20,Санкт-Петербург,Москва
2007-02-01,2007-02-03,1,20,Москва,Владивосток
2007-02-01,2007-02-02,4,40,Владивосток,Санкт-Петербург
2007-02-01,2007-02-06,3,20,Владивосток,Санкт-Петербург
2007-02-01,2007-02-03,1,20,Владивосток,Москва
2007-02-02,2007-02-03,3,40,Москва,Владивосток
2007-02-02,2007-02-03,2,40,Санкт-Петербург,Москва
2007-02-02,2007-02-06,3,20,Санкт-Петербург,Москва
2007-02-03,2007-02-07,3,20,Москва,Санкт-Петербург
2007-02-03,2007-02-04,1,40,Владивосток,Москва
2007-02-03,2007-02-09,3,40,Владивосток,Москва
2007-02-04,2007-02-06,2,20,Владивосток,Санкт-Петербург
2007-02-04,2007-02-06,3,20,Москва,Владивосток
2007-02-04,2007-02-09,1,20,Владивосток,Москва
2007-02-04,2007-02-06,2,40,Владивосток,Москва
2007-02-04,2007-02-05,3,40,Владивосток,Санкт-Петербург
2007-02-04,2007-02-07,1,40,Владивосток,Санкт-Петербург
2007-02-05,2007-02-11,2,40,Владивосток,Санкт-Петербург
2007-02-06,2007-02-11,2,20,Владивосток,Москва
2007-02-06,2007-02-12,1,40,Владивосток,Москва
2007-02-06,2007-02-11,3,40,Владивосток,Санкт-Петербург
2007-02-06,2007-02-10,1,40,Владивосток,Москва
2007-02-06,2007-02-10,2,40,Санкт-Петербург,Владивосток
2007-02-06,2007-02-13,3,40,Санкт-Петербург,Москва
2007-02-07,2007-02-12,4,40,Владивосток,Санкт-Петербург
2007-02-08,2007-02-12,3,20,Владивосток,Санкт-Петербург
2007-02-08,2007-02-11,1,20,Санкт-Петербург,Москва
2007-02-08,2007-02-11,3,40,Владивосток,Санкт-Петербург
2007-02-08,2007-02-11,2,40,Владивосток,Санкт-Петербург
2007-02-09,2007-02-10,4,20,Владивосток,Санкт-Петербург
2007-02-09,2007-02-12,1,20,Москва,Санкт-Петербург
2007-02-10,2007-02-14,4,20,Москва,Владивосток
2007-02-11,2007-02-16,1,40,Владивосток,Санкт-Петербург
2007-02-11,2007-02-17,4,40,Владивосток,Москва
2007-02-11,2007-02-14,1,40,Санкт-Петербург,Владивосток
2007-02-11,2007-02-13,3,20,Санкт-Петербург,Москва
2007-02-12,2007-02-18,3,20,Москва,Санкт-Петербург
2007-02-12,2007-02-16,4,20,Санкт-Петербург,Москва
2007-02-12,2007-02-13,3,20,Владивосток,Москва
2007-02-12,2007-02-19,3,20,Владивосток,Москва
2007-02-13,2007-02-19,2,40,Владивосток,Москва
2007-02-13,2007-02-14,3,20,Москва,Владивосток
2007-02-13,2007-02-19,3,20,Москва,Санкт-Петербург
2007-02-13,2007-02-17,3,20,Владивосток,Санкт-Петербург
2007-02-14,2007-02-21,1,40,Санкт-Петербург,Москва
2007-02-14,2007-02-20,4,20,Владивосток,Санкт-Петербург
2007-02-14,2007-02-20,1,20,Владивосток,Санкт-Петербург
2007-02-14,2007-02-15,3,40,Москва,Санкт-Петербург
2007-02-16,2007-02-22,3,40,Владивосток,Санкт-Петербург
2007-02-16,2007-02-22,3,40,Москва,Санкт-Петербург
2007-02-17,2007-02-20,2,40,Владивосток,Санкт-Петербург
2007-02-17,2007-02-22,1,20,Санкт-Петербург,Москва
2007-02-17,2007-02-22,3,20,Москва,Санкт-Петербург
2007-02-17,2007-02-23,4,40,Москва,Санкт-Петербург
2007-02-17,2007-02-21,3,20,Владивосток,Санкт-Петербург
2007-02-17,2007-02-24,2,40,Владивосток,Москва
2007-02-17,2007-02-18,3,40,Москва,Владивосток
2007-02-17,2007-02-19,2,20,Владивосток,Санкт-Петербург
2007-02-17,2007-02-18,3,20,Владивосток,Москва
2007-02-18,2007-02-21,3,40,Санкт-Петербург,Москва
2007-02-19,2007-02-25,1,20,Владивосток,Санкт-Петербург
2007-02-19,2007-02-23,4,20,Владивосток,Санкт-Петербург
2007-02-19,2007-02-26,4,40,Владивосток,Москва
2007-02-20,2007-02-21,3,20,Владивосток,Санкт-Петербург
2007-02-20,2007-02-27,2,20,Москва,Санкт-Петербург
2007-02-20,2007-02-25,3,20,Санкт-Петербург,Владивосток
2007-02-21,2007-02-26,2,20,Москва,Санкт-Петербург
2007-02-21,2007-02-27,2,20,Владивосток,Санкт-Петербург
2007-02-21,2007-02-26,4,40,Санкт-Петербург,Владивосток
2007-02-22,2007-03-01,3,40,Москва,Владивосток
2007-02-23,2007-03-01,2,40,Владивосток,Санкт-Петербург
2007-02-23,2007-02-25,3,20,Москва,Санкт-Петербург
2007-02-23,2007-02-26,2,40,Москва,Владивосток
2007-02-23,2007-02-24,2,40,Санкт-Петербург,Москва
2007-02-24,2007-02-28,4,20,Владивосток,Санкт-Петербург
2007-02-24,2007-02-26,2,40,Владивосток,Москва
2007-02-24,2007-02-27,3,40,Санкт-Петербург,Владивосток
2007-02-24,2007-02-28,3,40,Санкт-Петербург,Владивосток
2007-02-25,2007-02-28,1,40,Владивосток,Москва
2007-02-25,2007-03-01,1,20,Санкт-Петербург,Владивосток
2007-02-26,2007-02-28,2,20,Москва,Владивосток
2007-02-26,2007-02-27,4,40,Санкт-Петербург,Москва
2007-02-26,2007-02-28,4,20,Санкт-Петербург,Владивосток
2007-02-26,2007-03-05,2,20,Санкт-Петербург,Москва
2007-02-26,2007-03-04,2,40,Владивосток,Москва
2007-02-27,2007-02-28,1,40,Москва,Санкт-Петербург
2007-02-28,2007-03-06,3,20,Владивосток,Москва
2007-02-28,2007-03-06,3,40,Владивосток,Санкт-Петербург
2007-02-28,2007-03-06,3,20,Санкт-Петербург,Москва
2007-02-28,2007-03-04,2,20,Москва,Владивосток
2007-02-28,2007-03-02,3,20,Санкт-Петербург,Москва
2007-03-01,2007-03-03,4,20,Владивосток,Москва
2007-03-01,2007-03-06,6,40,Санкт-Петербург,Москва
2007-03-01,2007-03-02,5,20,Владивосток,Москва
2007-03-01,2007-03-05,2,20,Москва,Санкт-Петербург
2007-03-01,2007-03-08,4,40,Москва,Санкт-Петербург
2007-03-02,2007-03-09,6,40,Санкт-Петербург,Владивосток
2007-03-02,2007-03-08,3,40,Владивосток,Санкт-Петербург
2007-03-02,2007-03-06,4,20,Москва,Санкт-Петербург
2007-03-02,2007-03-08,3,40,Москва,Владивосток
2007-03-02,2007-03-05,4,20,Владивосток,Москва
2007-03-03,2007-03-06,6,20,Владивосток,Москва
2007-03-04,2007-03-10,6,20,Владивосток,Москва
2007-03-04,2007-03-08,6,40,Москва,Владивосток
2007-03-04,2007-03-09,6,40,Москва,Владивосток
2007-03-04,2007-03-06,2,40,Санкт-Петербург,Москва
2007-03-04,2007-03-10,5,20,Санкт-Петербург,Москва
2007-03-04,2007-03-06,2,20,Москва,Санкт-Петербург
2007-03-04,2007-03-06,5,20,Санкт-Петербург,Владивосток
2007-03-05,2007-03-08,5,20,Владивосток,Санкт-Петербург
2007-03-05,2007-03-07,4,40,Москва,Санкт-Петербург
2007-03-05,2007-03-11,5,20,Москва,Владивосток
2007-03-05,2007-03-08,3,40,Москва,Владивосток
2007-03-05,2007-03-06,4,20,Владивосток,Москва
2007-03-05,2007-03-08,4,20,Москва,Санкт-Петербург
2007-03-06,2007-03-10,3,20,Владивосток,Москва
2007-03-07,2007-03-08,3,20,Санкт-Петербург,Москва
2007-03-08,2007-03-14,3,40,Санкт-Петербург,Владивосток
2007-03-08,2007-03-13,2,20,Москва,Санкт-Петербург
2007-03-08,2007-03-15,2,40,Владивосток,Санкт-Петербург
2007-03-09,2007-03-12,5,20,Санкт-Петербург,Владивосток
2007-03-10,2007-03-17,6,20,Владивосток,Москва
2007-03-10,2007-03-12,4,20,Владивосток,Москва
2007-03-10,2007-03-17,5,20,Санкт-Петербург,Москва
2007-03-10,2007-03-12,3,40,Санкт-Петербург,Москва
2007-03-10,2007-03-16,2,40,Москва,Санкт-Петербург
2007-03-10,2007-03-17,6,20,Владивосток,Санкт-Петербург
2007-03-11,2007-03-15,5,40,Санкт-Петербург,Владивосток
2007-03-11,2007-03-14,5,40,Санкт-Петербург,Владивосток
2007-03-11,2007-03-15,3,40,Москва,Владивосток
2007-03-11,2007-03-12,6,40,Владивосток,Москва
2007-03-11,2007-03-12,6,20,Москва,Санкт-Петербург
2007-03-11,2007-03-14,4,20,Санкт-Петербург,Москва
2007-03-11,2007-03-16,3,20,Владивосток,Санкт-Петербург
2007-03-12,2007-03-13,6,20,Санкт-Петербург,Москва
2007-03-13,2007-03-19,3,20,Санкт-Петербург,Владивосток
2007-03-14,2007-03-19,4,40,Москва,Владивосток
2007-03-14,2007-03-20,5,20,Москва,Владивосток
2007-03-15,2007-03-22,4,20,Владивосток,Санкт-Петербург
2007-03-15,2007-03-20,5,20,Москва,Санкт-Петербург
2007-03-16,2007-03-21,2,20,Санкт-Петербург,Владивосток
2007-03-16,2007-03-23,4,20,Москва,Владивосток
2007-03-16,2007-03-22,6,20,Санкт-Петербург,Москва
2007-03-17,2007-03-23,2,40,Москва,Владивосток
2007-03-17,2007-03-21,5,20,Владивосток,Санкт-Петербург
2007-03-17,2007-03-19,3,20,Владивосток,Москва
2007-03-18,2007-03-25,3,20,Владивосток,Санкт-Петербург
2007-03-18,2007-03-24,5,40,Санкт-Петербург,Москва
2007-03-18,2007-03-25,4,40,Владивосток,Москва
2007-03-18,2007-03-25,3,20,Владивосток,Москва
2007-03-19,2007-03-23,3,20,Москва,Владивосток
2007-03-19,2007-03-23,4,20,Санкт-Петербург,Москва
2007-03-19,2007-03-26,4,20,Владивосток,Москва
2007-03-20,2007-03-25,5,20,Санкт-Петербург,Москва
2007-03-20,2007-03-25,2,20,Санкт-Петербург,Москва
2007-03-20,2007-03-24,4,40,Санкт-Петербург,Москва
2007-03-21,2007-03-24,3,40,Владивосток,Санкт-Петербург
2007-03-22,2007-03-27,2,40,Санкт-Петербург,Москва
2007-03-22,2007-03-27,6,20,Москва,Владивосток
2007-03-23,2007-03-24,6,40,Санкт-Петербург,Москва
2007-03-23,2007-03-24,5,20,Санкт-Петербург,Владивосток
2007-03-23,2007-03-28,2,40,Санкт-Петербург,Владивосток
2007-03-23,2007-03-27,4,40,Москва,Санкт-Петербург
2007-03-23,2007-03-25,2,40,Владивосток,Санкт-Петербург
2007-03-23,2007-03-29,4,40,Москва,Владивосток
2007-03-24,2007-03-30,6,20,Санкт-Петербург,Владивосток
2007-03-25,2007-03-28,6,20,Москва,Санкт-Петербург
2007-03-25,2007-03-30,6,40,Владивосток,Москва
2007-03-25,2007-03-26,4,20,Владивосток,Санкт-Петербург
2007-03-26,2007-03-30,2,40,Москва,Санкт-Петербург
2007-03-26,2007-03-31,2,40,Санкт-Петербург,Владивосток
2007-03-26,2007-03-31,6,40,Москва,Владивосток
2007-03-26,2007-03-29,2,20,Москва,Санкт-Петербург
2007-03-26,2007-03-27,3,20,Владивосток,Санкт-Петербург
2007-03-27,2007-03-28,2,20,Санкт-Петербург,Владивосток
2007-03-28,2007-03-29,5,20,Москва,Владивосток
2007-03-28,2007-04-03,5,20,Санкт-Петербург,Москва
2007-03-28,2007-03-30,4,20,Владивосток,Санкт-Петербург
2007-03-29,2007-04-05,6,40,Владивосток,Москва
2007-03-29,2007-03-30,6,40,Москва,Санкт-Петербург
2007-03-30,2007-04-03,2,20,Санкт-Петербург,Владивосток
2007-03-30,2007-04-06,2,40,Владивосток,Москва
2007-03-30,2007-04-05,6,40,Москва,Владивосток
2007-03-30,2007-03-31,6,40,Владивосток,Москва
2007-03-31,2007-04-05,5,20,Владивосток,Москва
2007-03-31,2007-04-07,5,20,Москва,Санкт-Петербург
2007-03-31,2007-04-02,3,40,Москва,Владивосток
2007-03-31,2007-04-06,3,20,Москва,Санкт-Петербург
2007-03-31,2007-04-01,4,40,Владивосток,Санкт-Петербург
2007-03-31,2007-04-03,4,20,Санкт-Петербург,Москва
2007-03-31,2007-04-07,5,20,Москва,Санкт-Петербург
2007-04-02,2007-04-07,4,40,Москва,Владивосток
2007-04-02,2007-04-05,3,40,Санкт-Петербург,Москва
2007-04-02,2007-04-07,6,20,Санкт-Петербург,Москва
2007-04-03,2007-04-10,2,40,Санкт-Петербург,Владивосток
2007-04-03,2007-04-08,2,40,Владивосток,Санкт-Петербург
2007-04-03,2007-04-08,5,40,Санкт-Петербург,Владивосток
2007-04-03,2007-04-10,5,20,Санкт-Петербург,Владивосток
2007-04-05,2007-04-09,5,20,Владивосток,Москва
2007-04-05,2007-04-06,4,40,Москва,Владивосток
2007-04-05,2007-04-08,2,40,Владивосток,Москва
2007-04-06,2007-04-07,2,20,Владивосток,Санкт-Петербург
2007-04-06,2007-04-07,4,20,Владивосток,Санкт-Петербург
2007-04-06,2007-04-10,5,40,Санкт-Петербург,Владивосток
2007-04-07,2007-04-12,5,40,Владивосток,Москва
2007-04-07,2007-04-11,3,40,Москва,Санкт-Петербург
2007-04-07,2007-04-10,2,20,Владивосток,Санкт-Петербург
2007-04-07,2007-04-09,2,20,Москва,Владивосток
2007-04-08,2007-04-13,6,40,Владивосток,Москва
2007-04-08,2007-04-10,6,40,Санкт-Петербург,Владивосток
2007-04-09,2007-04-14,2,20,Москва,Санкт-Петербург
2007-04-09,2007-04-12,2,20,Санкт-Петербург,Москва
2007-04-09,2007-04-14,4,20,Москва,Владивосток
2007-04-10,2007-04-14,6,20,Владивосток,Москва
2007-04-10,2007-04-13,2,20,Санкт-Петербург,Владивосток
2007-04-10,2007-04-14,3,40,Санкт-Петербург,Москва
2007-04-11,2007-04-12,4,40,Санкт-Петербург,Москва
2007-04-11,2007-04-12,4,20,Владивосток,Москва
2007-04-12,2007-04-16,2,40,Москва,Владивосток
2007-04-12,2007-04-18,5,20,Москва,Владивосток
2007-04-12,2007-04-15,3,40,Владивосток,Санкт-Петербург
2007-04-12,2007-04-17,2,20,Москва,Владивосток
2007-04-12,2007-04-13,2,40,Москва,Санкт-Петербург
2007-04-13,2007-04-15,3,20,Владивосток,Москва
2007-04-13,2007-04-19,6,20,Санкт-Петербург,Владивосток
2007-04-14,2007-04-19,2,20,Санкт-Петербург,Владивосток
2007-04-15,2007-04-19,6,20,Владивосток,Москва
2007-04-15,2007-04-20,4,20,Москва,Санкт-Петербург
2007-04-15,2007-04-22,2,40,Санкт-Петербург,Москва
2007-04-15,2007-04-20,5,40,Владивосток,Москва
2007-04-15,2007-04-20,3,20,Владивосток,Москва
2007-04-15,2007-04-20,3,20,Санкт-Петербург,Владивосток
2007-04-15,2007-04-16,5,40,Санкт-Петербург,Москва
2007-04-15,2007-04-21,3,20,Владивосток,Москва
2007-04-16,2007-04-22,3,20,Владивосток,Санкт-Петербург
2007-04-16,2007-04-17,4,20,Владивосток,Москва
2007-04-16,2007-04-23,5,40,Владивосток,Москва
2007-04-16,2007-04-19,4,20,Москва,Санкт-Петербург
2007-04-16,2007-04-17,2,40,Санкт-Петербург,Москва
2007-04-17,2007-04-23,5,20,Владивосток,Москва
2007-04-17,2007-04-22,5,40,Владивосток,Москва
2007-04-18,2007-04-21,3,20,Санкт-Петербург,Владивосток
2007-04-18,2007-04-24,2,20,Владивосток,Санкт-Петербург
2007-04-18,2007-04-19,2,20,Санкт-Петербург,Владивосток
2007-04-18,2007-04-19,5,20,Москва,Владивосток
2007-04-19,2007-04-24,6,20,Санкт-Петербург,Москва
2007-04-19,2007-04-23,5,40,Санкт-Петербург,Москва
2007-04-20,2007-04-22,2,40,Санкт-Петербург,Владивосток
2007-04-21,2007-04-28,2,20,Владивосток,Санкт-Петербург
2007-04-21,2007-04-28,4,20,Санкт-Петербург,Москва
2007-04-21,2007-04-28,3,40,Санкт-Петербург,Владивосток
2007-04-21,2007-04-22,5,20,Москва,Санкт-Петербург
2007-04-21,2007-04-22,6,40,Владивосток,Санкт-Петербург
2007-04-21,2007-04-27,3,40,Москва,Владивосток
2007-04-22,2007-04-27,3,40,Санкт-Петербург,Владивосток
2007-04-22,2007-04-28,3,20,Санкт-Петербург,Москва
2007-04-23,2007-04-30,3,20,Москва,Санкт-Петербург
2007-04-24,2007-04-27,4,20,Москва,Владивосток
2007-04-24,2007-04-30,6,20,Владивосток,Москва
2007-04-24,2007-04-25,4,40,Владивосток,Москва
2007-04-24,2007-04-30,5,40,Москва,Владивосток
2007-04-25,2007-04-28,5,40,Санкт-Петербург,Владивосток
2007-04-25,2007-04-28,2,20,Москва,Владивосток
2007-04-26,2007-04-27,3,40,Санкт-Петербург,Владивосток
2007-04-26,2007-05-02,5,40,Санкт-Петербург,Владивосток
2007-04-28,2007-04-29,2,40,Санкт-Петербург,Владивосток
2007-04-28,2007-05-03,3,20,Владивосток,Санкт-Петербург
2007-04-29,2007-05-02,5,20,Владивосток,Москва
2007-04-29,2007-04-30,6,40,Москва,Санкт-Петербург
2007-04-29,2007-05-03,2,20,Владивосток,Москва
2007-04-30,2007-05-07,3,20,Санкт-Петербург,Москва
2007-05-01,2007-05-05,6,40,Санкт-Петербург,Владивосток
2007-05-01,2007-05-05,2,20,Владивосток,Москва
2007-05-02,2007-05-07,7,40,Владивосток,Санкт-Петербург
2007-05-02,2007-05-03,4,40,Москва,Владивосток
2007-05-02,2007-05-08,7,40,Санкт-Петербург,Владивосток
2007-05-02,2007-05-04,7,20,Москва,Владивосток
2007-05-03,2007-05-06,3,40,Владивосток,Москва
2007-05-03,2007-05-07,7,20,Москва,Санкт-Петербург
2007-05-04,2007-05-07,6,20,Владивосток,Санкт-Петербург
2007-05-04,2007-05-06,7,40,Санкт-Петербург,Москва
2007-05-04,2007-05-10,4,20,Москва,Владивосток
2007-05-05,2007-05-06,6,40,Владивосток,Санкт-Петербург
2007-05-05,2007-05-09,7,40,Санкт-Петербург,Москва
2007-05-05,2007-05-10,2,40,Владивосток,Санкт-Петербург
2007-05-05,2007-05-07,6,40,Владивосток,Санкт-Петербург
2007-05-05,2007-05-09,7,20,Владивосток,Москва
2007-05-05,2007-05-06,7,20,Владивосток,Москва
2007-05-05,2007-05-10,4,20,Санкт-Петербург,Владивосток
2007-05-06,2007-05-11,6,40,Владивосток,Москва
2007-05-06,2007-05-10,4,20,Москва,Владивосток
2007-05-06,2007-05-12,4,20,Владивосток,Москва
2007-05-07,2007-05-10,6,40,Москва,Санкт-Петербург
2007-05-07,2007-05-10,7,40,Москва,Санкт-Петербург
2007-05-07,2007-05-11,7,20,Санкт-Петербург,Владивосток
2007-05-07,2007-05-09,2,40,Москва,Санкт-Петербург
2007-05-08,2007-05-13,6,20,Владивосток,Санкт-Петербург
2007-05-09,2007-05-13,6,40,Владивосток,Москва
2007-05-09,2007-05-16,2,20,Москва,Санкт-Петербург
2007-05-10,2007-05-13,6,20,Москва,Владивосток
2007-05-10,2007-05-17,6,20,Москва,Владивосток
2007-05-10,2007-05-17,7,20,Москва,Санкт-Петербург
2007-05-10,2007-05-14,4,40,Санкт-Петербург,Владивосток
2007-05-10,2007-05-17,4,40,Санкт-Петербург,Москва
2007-05-10,2007-05-11,7,20,Санкт-Петербург,Владивосток
2007-05-11,2007-05-13,2,20,Москва,Санкт-Петербург
2007-05-11,2007-05-16,2,20,Москва,Санкт-Петербург
2007-05-11,2007-05-17,6,40,Владивосток,Санкт-Петербург
2007-05-11,2007-05-18,3,20,Владивосток,Москва
2007-05-11,2007-05-14,4,20,Владивосток,Санкт-Петербург
2007-05-12,2007-05-19,3,20,Москва,Санкт-Петербург
2007-05-13,2007-05-19,2,40,Санкт-Петербург,Владивосток
2007-05-13,2007-05-18,3,40,Владивосток,Санкт-Петербург
2007-05-14,2007-05-21,3,40,Санкт-Петербург,Москва
2007-05-14,2007-05-16,6,20,Владивосток,Москва
2007-05-14,2007-05-17,2,20,Москва,Владивосток
2007-05-15,2007-05-20,3,40,Москва,Санкт-Петербург
2007-05-15,2007-05-22,3,20,Владивосток,Москва
2007-05-15,2007-05-19,7,20,Санкт-Петербург,Москва
2007-05-16,2007-05-18,4,40,Владивосток,Санкт-Петербург
2007-05-17,2007-05-18,6,20,Москва,Санкт-Петербург
2007-05-17,2007-05-18,2,20,Москва,Владивосток
2007-05-17,2007-05-19,7,40,Владивосток,Санкт-Петербург
2007-05-17,2007-05-18,3,20,Владивосток,Москва
2007-05-18,2007-05-22,4,40,Владивосток,Санкт-Петербург
2007-05-18,2007-05-22,6,40,Владивосток,Москва
2007-05-18,2007-05-24,7,40,Москва,Санкт-Петербург
2007-05-19,2007-05-22,2,20,Москва,Санкт-Петербург
2007-05-19,2007-05-20,3,40,Москва,Владивосток
2007-05-20,2007-05-24,3,20,Москва,Санкт-Петербург
2007-05-20,2007-05-24,4,40,Санкт-Петербург,Москва
2007-05-20,2007-05-22,4,40,Москва,Санкт-Петербург
2007-05-20,2007-05-23,3,40,Москва,Санкт-Петербург
2007-05-21,2007-05-22,2,40,Санкт-Петербург,Москва
2007-05-21,2007-05-28,3,40,Владивосток,Санкт-Петербург
2007-05-22,2007-05-25,6,20,Москва,Санкт-Петербург
2007-05-22,2007-05-25,4,40,Санкт-Петербург,Владивосток
2007-05-22,2007-05-25,4,40,Владивосток,Москва
2007-05-23,2007-05-30,3,20,Москва,Владивосток
2007-05-24,2007-05-26,7,40,Москва,Владивосток
2007-05-24,2007-05-25,6,40,Владивосток,Москва
2007-05-24,2007-05-27,6,40,Санкт-Петербург,Москва
2007-05-24,2007-05-31,4,20,Владивосток,Санкт-Петербург
2007-05-24,2007-05-29,3,20,Москва,Санкт-Петербург
2007-05-24,2007-05-27,3,40,Владивосток,Москва
2007-05-25,2007-05-31,2,40,Санкт-Петербург,Москва
2007-05-25,2007-05-29,4,20,Санкт-Петербург,Владивосток
2007-05-26,2007-05-28,3,20,Владивосток,Москва
2007-05-27,2007-06-01,2,20,Санкт-Петербург,Москва
2007-05-27,2007-05-31,3,20,Санкт-Петербург,Москва
2007-05-27,2007-06-02,7,40,Владивосток,Санкт-Петербург
2007-05-28,2007-06-02,6,20,Санкт-Петербург,Владивосток
2007-05-29,2007-06-03,6,40,Санкт-Петербург,Москва
2007-05-30,2007-06-03,2,20,Владивосток,Санкт-Петербург
2007-05-30,2007-06-03,3,20,Санкт-Петербург,Москва
2007-05-30,2007-05-31,4,40,Москва,Санкт-Петербург
2007-05-30,2007-06-02,6,40,Москва,Владивосток
2007-05-30,2007-06-01,6,40,Владивосток,Москва
2007-05-31,2007-06-03,7,40,Владивосток,Москва
2007-05-31,2007-06-05,4,40,Владивосток,Санкт-Петербург
2007-05-31,2007-06-01,2,40,Санкт-Петербург,Владивосток
2007-06-01,2007-06-04,2,20,Москва,Владивосток
2007-06-01,2007-06-03,7,40,Санкт-Петербург,Владивосток
2007-06-01,2007-06-04,5,40,Владивосток,Санкт-Петербург
2007-06-02,2007-06-07,7,20,Санкт-Петербург,Москва
2007-06-03,2007-06-07,3,40,Владивосток,Москва
2007-06-03,2007-06-04,5,20,Москва,Санкт-Петербург
2007-06-03,2007-06-09,7,20,Санкт-Петербург,Москва
2007-06-04,2007-06-06,3,20,Санкт-Петербург,Москва
2007-06-04,2007-06-11,3,20,Москва,Владивосток
2007-06-05,2007-06-07,5,20,Москва,Санкт-Петербург
2007-06-05,2007-06-08,7,40,Санкт-Петербург,Москва
2007-06-06,2007-06-09,6,40,Санкт-Петербург,Москва
2007-06-06,2007-06-09,5,20,Санкт-Петербург,Владивосток
2007-06-06,2007-06-08,3,40,Москва,Владивосток
2007-06-07,2007-06-08,6,20,Москва,Владивосток
2007-06-07,2007-06-12,2,40,Санкт-Петербург,Москва
2007-06-08,2007-06-14,6,20,Москва,Владивосток
2007-06-08,2007-06-11,3,40,Москва,Владивосток
2007-06-09,2007-06-13,6,40,Москва,Владивосток
2007-06-09,2007-06-11,7,20,Санкт-Петербург,Владивосток
2007-06-09,2007-06-10,2,20,Москва,Владивосток
2007-06-10,2007-06-14,3,20,Санкт-Петербург,Владивосток
2007-06-10,2007-06-17,2,40,Владивосток,Москва
2007-06-12,2007-06-16,3,20,Москва,Санкт-Петербург
2007-06-13,2007-06-16,7,40,Владивосток,Москва
2007-06-13,2007-06-19,5,20,Москва,Владивосток
2007-06-13,2007-06-14,6,40,Москва,Владивосток
2007-06-13,2007-06-17,3,20,Москва,Владивосток
2007-06-15,2007-06-21,7,40,Санкт-Петербург,Владивосток
2007-06-15,2007-06-18,7,40,Владивосток,Санкт-Петербург
2007-06-15,2007-06-18,7,40,Санкт-Петербург,Москва
2007-06-15,2007-06-19,7,40,Санкт-Петербург,Владивосток
2007-06-15,2007-06-16,3,20,Владивосток,Москва
2007-06-16,2007-06-22,6,40,Владивосток,Санкт-Петербург
2007-06-17,2007-06-23,7,40,Владивосток,Москва
2007-06-18,2007-06-25,5,20,Владивосток,Москва
2007-06-18,2007-06-19,6,40,Москва,Владивосток
2007-06-19,2007-06-21,3,40,Санкт-Петербург,Владивосток
2007-06-21,2007-06-28,3,20,Санкт-Петербург,Владивосток
2007-06-21,2007-06-22,5,20,Санкт-Петербург,Москва
2007-06-21,2007-06-22,3,40,Санкт-Петербург,Москва
2007-06-21,2007-06-28,7,20,Санкт-Петербург,Владивосток
2007-06-21,2007-06-22,7,40,Владивосток,Санкт-Петербург
2007-06-22,2007-06-26,6,40,Москва,Санкт-Петербург
2007-06-22,2007-06-28,6,20,Москва,Владивосток
2007-06-23,2007-06-26,3,40,Москва,Владивосток
2007-06-23,2007-06-28,3,40,Владивосток,Москва
2007-06-24,2007-06-28,5,20,Владивосток,Москва
2007-06-24,2007-06-29,6,20,Владивосток,Москва
2007-06-24,2007-06-27,3,40,Санкт-Петербург,Владивосток
2007-06-24,2007-06-27,2,20,Владивосток,Санкт-Петербург
2007-06-25,2007-07-02,2,20,Владивосток,Санкт-Петербург
2007-06-25,2007-06-29,2,40,Москва,Санкт-Петербург
2007-06-25,2007-06-29,5,20,Санкт-Петербург,Москва
2007-06-25,2007-07-02,6,20,Владивосток,Санкт-Петербург
2007-06-26,2007-06-30,7,20,Санкт-Петербург,Владивосток
2007-06-26,2007-07-03,3,40,Санкт-Петербург,Владивосток
2007-06-26,2007-07-02,2,20,Санкт-Петербург,Москва
2007-06-26,2007-07-01,2,20,Владивосток,Москва
2007-06-26,2007-07-02,2,40,Москва,Владивосток
2007-06-27,2007-07-01,6,40,Владивосток,Москва
2007-06-27,2007-07-01,7,40,Москва,Санкт-Петербург
2007-06-27,2007-07-02,2,40,Владивосток,Москва
2007-06-28,2007-06-29,6,20,Владивосток,Москва
2007-06-29,2007-07-01,6,40,Москва,Санкт-Петербург
2007-06-29,2007-06-30,7,40,Владивосток,Санкт-Петербург
2007-06-30,2007-07-03,7,40,Владивосток,Санкт-Петербург
2007-06-30,2007-07-04,6,40,Санкт-Петербург,Владивосток
2007-07-01,2007-07-03,2,20,Санкт-Петербург,Москва
2007-07-01,2007-07-02,6,20,Санкт-Петербург,Москва
2007-07-01,2007-07-03,8,40,Москва,Владивосток
2007-07-02,2007-07-08,5,40,Владивосток,Москва
2007-07-03,2007-07-07,5,20,Владивосток,Москва
2007-07-03,2007-07-07,8,40,Санкт-Петербург,Москва
2007-07-03,2007-07-05,5,20,Владивосток,Москва
2007-07-03,2007-07-05,2,40,Москва,Владивосток
2007-07-04,2007-07-09,5,20,Москва,Владивосток
2007-07-04,2007-07-09,5,20,Владивосток,Москва
2007-07-04,2007-07-10,8,20,Санкт-Петербург,Москва
2007-07-04,2007-07-09,5,40,Владивосток,Москва
2007-07-05,2007-07-11,2,20,Москва,Владивосток
2007-07-05,2007-07-07,6,20,Санкт-Петербург,Москва
2007-07-05,2007-07-12,2,20,Москва,Владивосток
2007-07-05,2007-07-12,8,40,Москва,Санкт-Петербург
2007-07-06,2007-07-08,8,20,Владивосток,Санкт-Петербург
2007-07-06,2007-07-09,5,40,Санкт-Петербург,Москва
2007-07-06,2007-07-08,8,40,Владивосток,Санкт-Петербург
2007-07-07,2007-07-08,8,40,Москва,Санкт-Петербург
2007-07-07,2007-07-11,6,20,Москва,Владивосток
2007-07-07,2007-07-12,8,20,Москва,Санкт-Петербург
2007-07-09,2007-07-13,3,20,Владивосток,Санкт-Петербург
2007-07-09,2007-07-12,5,20,Владивосток,Санкт-Петербург
2007-07-09,2007-07-14,3,20,Владивосток,Москва
2007-07-09,2007-07-16,2,40,Москва,Владивосток
2007-07-10,2007-07-14,2,20,Москва,Санкт-Петербург
2007-07-11,2007-07-15,5,20,Владивосток,Москва
2007-07-12,2007-07-18,5,20,Санкт-Петербург,Владивосток
2007-07-13,2007-07-14,8,40,Санкт-Петербург,Владивосток
2007-07-14,2007-07-21,5,40,Москва,Санкт-Петербург
2007-07-14,2007-07-17,2,40,Санкт-Петербург,Владивосток
2007-07-14,2007-07-17,3,20,Владивосток,Санкт-Петербург
2007-07-14,2007-07-18,8,40,Санкт-Петербург,Москва
2007-07-14,2007-07-15,8,40,Владивосток,Санкт-Петербург
2007-07-15,2007-07-22,6,20,Владивосток,Москва
2007-07-15,2007-07-20,8,40,Санкт-Петербург,Москва
2007-07-15,2007-07-21,2,20,Москва,Владивосток
2007-07-17,2007-07-18,3,40,Москва,Владивосток
2007-07-17,2007-07-19,5,20,Владивосток,Санкт-Петербург
2007-07-18,2007-07-23,6,20,Владивосток,Санкт-Петербург
2007-07-18,2007-07-23,8,40,Москва,Санкт-Петербург
2007-07-18,2007-07-24,8,40,Владивосток,Санкт-Петербург
2007-07-19,2007-07-24,3,40,Владивосток,Москва
2007-07-19,2007-07-24,6,20,Москва,Владивосток
2007-07-19,2007-07-26,2,20,Санкт-Петербург,Владивосток
2007-07-19,2007-07-26,2,40,Москва,Санкт-Петербург
2007-07-20,2007-07-25,5,40,Москва,Владивосток
2007-07-20,2007-07-22,6,40,Москва,Владивосток
2007-07-20,2007-07-26,8,20,Санкт-Петербург,Москва
2007-07-20,2007-07-26,3,40,Владивосток,Москва
2007-07-21,2007-07-22,2,20,Владивосток,Санкт-Петербург
2007-07-21,2007-07-26,5,20,Москва,Санкт-Петербург
2007-07-21,2007-07-27,6,40,Москва,Санкт-Петербург
2007-07-21,2007-07-27,6,40,Москва,Владивосток
2007-07-22,2007-07-28,3,40,Москва,Владивосток
2007-07-22,2007-07-27,2,40,Владивосток,Москва
2007-07-23,2007-07-28,8,40,Санкт-Петербург,Владивосток
2007-07-23,2007-07-29,2,20,Санкт-Петербург,Владивосток
2007-07-23,2007-07-29,3,40,Москва,Санкт-Петербург
2007-07-23,2007-07-30,8,20,Москва,Санкт-Петербург
2007-07-23,2007-07-26,6,20,Москва,Санкт-Петербург
2007-07-24,2007-07-28,2,20,Санкт-Петербург,Москва
2007-07-24,2007-07-27,5,20,Владивосток,Москва
2007-07-24,2007-07-26,3,40,Москва,Санкт-Петербург
2007-07-25,2007-07-31,8,40,Москва,Владивосток
2007-07-25,2007-07-26,8,20,Москва,Санкт-Петербург
2007-07-26,2007-08-02,8,20,Владивосток,Санкт-Петербург
2007-07-26,2007-08-01,3,20,Санкт-Петербург,Москва
2007-07-26,2007-07-29,2,40,Москва,Владивосток
2007-07-26,2007-08-02,3,40,Санкт-Петербург,Владивосток
2007-07-27,2007-07-29,3,40,Москва,Владивосток
2007-07-27,2007-08-03,8,20,Москва,Санкт-Петербург
2007-07-27,2007-07-28,8,20,Москва,Санкт-Петербург
2007-07-27,2007-07-28,8,20,Владивосток,Москва
2007-07-28,2007-07-31,3,40,Москва,Владивосток
2007-07-28,2007-08-01,5,20,Санкт-Петербург,Владивосток
2007-07-28,2007-07-31,8,40,Владивосток,Москва
2007-07-28,2007-07-31,6,20,Санкт-Петербург,Владивосток
2007-07-29,2007-08-03,6,40,Владивосток,Санкт-Петербург
2007-07-29,2007-07-30,8,20,Санкт-Петербург,Москва
2007-07-29,2007-08-01,6,20,Санкт-Петербург,Владивосток
2007-07-30,2007-08-02,2,20,Владивосток,Москва
2007-07-30,2007-07-31,3,20,Санкт-Петербург,Москва
2007-07-30,2007-08-03,6,40,Санкт-Петербург,Москва
2007-07-30,2007-07-31,5,40,Москва,Владивосток
2007-08-01,2007-08-08,6,20,Владивосток,Москва
2007-08-01,2007-08-04,3,20,Москва,Санкт-Петербург
2007-08-02,2007-08-08,7,40,Санкт-Петербург,Москва
2007-08-02,2007-08-08,5,20,Москва,Владивосток
2007-08-02,2007-08-07,7,20,Москва,Владивосток
2007-08-03,2007-08-08,5,20,Санкт-Петербург,Владивосток
2007-08-04,2007-08-08,2,20,Санкт-Петербург,Владивосток
2007-08-04,2007-08-11,3,20,Москва,Владивосток
2007-08-04,2007-08-10,6,20,Владивосток,Москва
2007-08-05,2007-08-12,6,20,Москва,Санкт-Петербург
2007-08-05,2007-08-07,7,20,Владивосток,Москва
2007-08-05,2007-08-08,7,40,Москва,Санкт-Петербург
2007-08-07,2007-08-14,5,20,Владивосток,Москва
2007-08-08,2007-08-12,3,40,Москва,Санкт-Петербург
2007-08-09,2007-08-16,3,40,Москва,Владивосток
2007-08-09,2007-08-10,7,20,Владивосток,Москва
2007-08-09,2007-08-12,6,40,Москва,Санкт-Петербург
2007-08-10,2007-08-12,3,20,Москва,Санкт-Петербург
2007-08-11,2007-08-12,6,20,Санкт-Петербург,Владивосток
2007-08-13,2007-08-14,7,40,Москва,Владивосток
2007-08-13,2007-08-16,2,20,Москва,Владивосток
2007-08-13,2007-08-15,2,40,Санкт-Петербург,Москва
2007-08-14,2007-08-18,7,40,Санкт-Петербург,Москва
2007-08-14,2007-08-21,6,20,Санкт-Петербург,Владивосток
2007-08-14,2007-08-19,3,40,Санкт-Петербург,Владивосток
2007-08-14,2007-08-17,3,20,Владивосток,Санкт-Петербург
2007-08-14,2007-08-15,2,20,Владивосток,Москва
2007-08-15,2007-08-16,6,40,Владивосток,Санкт-Петербург
2007-08-15,2007-08-18,5,20,Санкт-Петербург,Москва
2007-08-15,2007-08-20,5,40,Владивосток,Москва
2007-08-15,2007-08-21,5,40,Санкт-Петербург,Владивосток
2007-08-15,2007-08-16,6,40,Санкт-Петербург,Владивосток
2007-08-16,2007-08-18,5,40,Владивосток,Москва
2007-08-16,2007-08-22,5,40,Владивосток,Санкт-Петербург
2007-08-16,2007-08-17,6,40,Санкт-Петербург,Москва
2007-08-16,2007-08-21,6,20,Владивосток,Москва
2007-08-16,2007-08-23,6,40,Москва,Владивосток
2007-08-16,2007-08-19,3,40,Москва,Санкт-Петербург
2007-08-17,2007-08-24,3,40,Владивосток,Москва
2007-08-17,2007-08-22,3,20,Санкт-Петербург,Владивосток
2007-08-18,2007-08-22,3,20,Москва,Санкт-Петербург
2007-08-18,2007-08-22,6,40,Владивосток,Москва
2007-08-18,2007-08-20,5,20,Владивосток,Москва
2007-08-18,2007-08-19,5,40,Владивосток,Санкт-Петербург
2007-08-18,2007-08-24,6,20,Владивосток,Москва
2007-08-19,2007-08-26,6,20,Москва,Владивосток
2007-08-19,2007-08-25,6,40,Владивосток,Санкт-Петербург
2007-08-20,2007-08-21,2,40,Санкт-Петербург,Владивосток
2007-08-20,2007-08-27,5,20,Владивосток,Санкт-Петербург
2007-08-20,2007-08-21,7,40,Санкт-Петербург,Москва
2007-08-20,2007-08-27,2,40,Санкт-Петербург,Москва
2007-08-20,2007-08-25,3,40,Санкт-Петербург,Москва
2007-08-20,2007-08-26,5,40,Санкт-Петербург,Владивосток
2007-08-21,2007-08-24,2,20,Москва,Владивосток
2007-08-21,2007-08-28,2,40,Владивосток,Москва
2007-08-21,2007-08-27,2,40,Санкт-Петербург,Владивосток
2007-08-21,2007-08-23,6,40,Москва,Санкт-Петербург
2007-08-21,2007-08-28,5,40,Владивосток,Санкт-Петербург
2007-08-21,2007-08-25,2,20,Санкт-Петербург,Владивосток
2007-08-21,2007-08-24,5,40,Санкт-Петербург,Владивосток
2007-08-22,2007-08-28,6,20,Санкт-Петербург,Москва
2007-08-22,2007-08-23,6,40,Санкт-Петербург,Москва
2007-08-22,2007-08-27,7,20,Санкт-Петербург,Владивосток
2007-08-23,2007-08-24,5,40,Санкт-Петербург,Владивосток
2007-08-24,2007-08-27,5,40,Владивосток,Москва
2007-08-24,2007-08-28,7,40,Владивосток,Москва
2007-08-25,2007-08-31,6,40,Санкт-Петербург,Москва
2007-08-25,2007-08-26,7,20,Владивосток,Москва
2007-08-25,2007-08-29,7,40,Санкт-Петербург,Владивосток
2007-08-25,2007-09-01,5,40,Владивосток,Москва
2007-08-25,2007-08-31,2,20,Санкт-Петербург,Владивосток
2007-08-25,2007-08-26,2,20,Санкт-Петербург,Владивосток
2007-08-26,2007-08-29,2,40,Владивосток,Санкт-Петербург
2007-08-26,2007-08-27,7,20,Москва,Санкт-Петербург
2007-08-26,2007-08-29,6,40,Москва,Санкт-Петербург
2007-08-27,2007-09-02,5,40,Владивосток,Санкт-Петербург
2007-08-27,2007-09-03,7,20,Владивосток,Санкт-Петербург
2007-08-27,2007-08-28,2,40,Санкт-Петербург,Владивосток
2007-08-27,2007-09-03,3,40,Владивосток,Санкт-Петербург
2007-08-27,2007-09-01,2,40,Санкт-Петербург,Владивосток
2007-08-27,2007-09-03,6,20,Санкт-Петербург,Москва
2007-08-27,2007-08-30,7,20,Москва,Санкт-Петербург
2007-08-27,2007-08-30,5,40,Владивосток,Москва
2007-08-28,2007-08-29,2,20,Владивосток,Москва
2007-08-28,2007-09-01,6,20,Москва,Санкт-Петербург
2007-08-28,2007-09-02,2,40,Санкт-Петербург,Владивосток
2007-08-29,2007-08-31,5,40,Владивосток,Москва
2007-08-29,2007-09-03,2,40,Владивосток,Санкт-Петербург
2007-08-29,2007-09-05,7,40,Москва,Санкт-Петербург
2007-08-30,2007-09-04,6,40,Санкт-Петербург,Москва
2007-08-31,2007-09-03,2,40,Санкт-Петербург,Москва
2007-09-01,2007-09-06,2,20,Санкт-Петербург,Владивосток
2007-09-01,2007-09-04,3,20,Владивосток,Москва
2007-09-01,2007-09-04,4,40,Москва,Владивосток
2007-09-01,2007-09-04,2,40,Владивосток,Москва
2007-09-02,2007-09-03,6,20,Санкт-Петербург,Владивосток
2007-09-02,2007-09-07,2,20,Санкт-Петербург,Москва
2007-09-02,2007-09-07,2,20,Владивосток,Санкт-Петербург
2007-09-02,2007-09-07,5,20,Владивосток,Санкт-Петербург
2007-09-03,2007-09-09,2,20,Владивосток,Санкт-Петербург
2007-09-03,2007-09-10,6,20,Владивосток,Москва
2007-09-04,2007-09-10,5,40,Санкт-Петербург,Москва
2007-09-04,2007-09-08,3,20,Москва,Санкт-Петербург
2007-09-04,2007-09-10,3,20,Санкт-Петербург,Москва
2007-09-05,2007-09-10,4,20,Санкт-Петербург,Москва
2007-09-05,2007-09-06,4,40,Санкт-Петербург,Владивосток
2007-09-05,2007-09-07,2,20,Москва,Санкт-Петербург
2007-09-05,2007-09-08,6,20,Москва,Санкт-Петербург
2007-09-05,2007-09-06,2,40,Москва,Владивосток
2007-09-05,2007-09-08,4,20,Владивосток,Москва
2007-09-06,2007-09-07,2,20,Санкт-Петербург,Владивосток
2007-09-06,2007-09-09,5,20,Санкт-Петербург,Москва
2007-09-07,2007-09-08,6,40,Санкт-Петербург,Москва
2007-09-09,2007-09-11,2,40,Москва,Владивосток
2007-09-10,2007-09-16,5,40,Санкт-Петербург,Владивосток
2007-09-11,2007-09-17,3,20,Санкт-Петербург,Владивосток
2007-09-11,2007-09-12,3,20,Москва,Санкт-Петербург
2007-09-11,2007-09-15,2,40,Москва,Санкт-Петербург
2007-09-11,2007-09-17,5,20,Москва,Санкт-Петербург
2007-09-12,2007-09-18,3,20,Москва,Санкт-Петербург
2007-09-12,2007-09-18,4,20,Владивосток,Москва
2007-09-13,2007-09-15,5,20,Москва,Владивосток
2007-09-13,2007-09-17,3,20,Москва,Санкт-Петербург
2007-09-14,2007-09-17,5,40,Москва,Владивосток
2007-09-14,2007-09-20,4,40,Санкт-Петербург,Москва
2007-09-14,2007-09-15,5,40,Москва,Санкт-Петербург
2007-09-14,2007-09-16,5,40,Владивосток,Санкт-Петербург
2007-09-15,2007-09-19,5,20,Владивосток,Санкт-Петербург
2007-09-15,2007-09-21,2,40,Москва,Владивосток
2007-09-15,2007-09-18,6,20,Владивосток,Санкт-Петербург
2007-09-16,2007-09-18,6,40,Владивосток,Санкт-Петербург
2007-09-16,2007-09-23,6,20,Владивосток,Санкт-Петербург
2007-09-16,2007-09-17,2,40,Москва,Санкт-Петербург
2007-09-16,2007-09-23,3,20,Владивосток,Санкт-Петербург
2007-09-16,2007-09-21,3,40,Москва,Санкт-Петербург
2007-09-17,2007-09-22,5,20,Санкт-Петербург,Владивосток
2007-09-18,2007-09-25,6,40,Москва,Санкт-Петербург
2007-09-19,2007-09-21,4,20,Санкт-Петербург,Москва
2007-09-19,2007-09-20,4,20,Санкт-Петербург,Москва
2007-09-19,2007-09-20,2,20,Москва,Владивосток
2007-09-20,2007-09-27,6,20,Владивосток,Санкт-Петербург
2007-09-20,2007-09-24,3,40,Санкт-Петербург,Владивосток
2007-09-20,2007-09-22,3,20,Москва,Владивосток
2007-09-20,2007-09-23,4,40,Санкт-Петербург,Москва
2007-09-20,2007-09-22,5,20,Владивосток,Москва
2007-09-20,2007-09-22,3,20,Санкт-Петербург,Москва
2007-09-21,2007-09-26,2,20,Владивосток,Москва
2007-09-21,2007-09-23,2,20,Владивосток,Москва
2007-09-21,2007-09-24,6,40,Санкт-Петербург,Владивосток
2007-09-21,2007-09-25,5,40,Санкт-Петербург,Владивосток
2007-09-22,2007-09-28,4,40,Владивосток,Москва
2007-09-22,2007-09-23,5,20,Санкт-Петербург,Владивосток
2007-09-23,2007-09-28,3,40,Санкт-Петербург,Москва
2007-09-23,2007-09-25,5,20,Москва,Владивосток
2007-09-23,2007-09-27,5,20,Санкт-Петербург,Москва
2007-09-23,2007-09-25,5,20,Санкт-Петербург,Москва
2007-09-23,2007-09-25,4,40,Владивосток,Санкт-Петербург
2007-09-24,2007-09-30,5,40,Москва,Санкт-Петербург
2007-09-24,2007-09-28,3,20,Санкт-Петербург,Москва
2007-09-25,2007-10-01,5,20,Владивосток,Санкт-Петербург
2007-09-25,2007-09-30,3,40,Владивосток,Санкт-Петербург
2007-09-26,2007-09-27,4,20,Москва,Санкт-Петербург
2007-09-26,2007-09-27,6,20,Москва,Владивосток
2007-09-26,2007-09-27,2,40,Владивосток,Москва
2007-09-26,2007-10-03,4,20,Санкт-Петербург,Москва
2007-09-26,2007-09-30,5,20,Санкт-Петербург,Владивосток
2007-09-27,2007-09-29,2,20,Санкт-Петербург,Москва
2007-09-27,2007-09-28,6,20,Москва,Санкт-Петербург
2007-09-28,2007-10-02,4,20,Москва,Владивосток
2007-09-28,2007-10-04,2,20,Владивосток,Москва
2007-09-28,2007-09-30,6,40,Владивосток,Москва
2007-09-30,2007-10-07,5,20,Санкт-Петербург,Владивосток
2007-09-30,2007-10-02,4,20,Владивосток,Санкт-Петербург
2007-10-01,2007-10-05,6,40,Санкт-Петербург,Москва
2007-10-01,2007-10-02,6,20,Владивосток,Москва
2007-10-01,2007-10-05,5,40,Владивосток,Москва
2007-10-02,2007-10-03,4,20,Санкт-Петербург,Москва
2007-10-02,2007-10-09,5,20,Москва,Владивосток
2007-10-02,2007-10-05,3,20,Москва,Владивосток
2007-10-02,2007-10-05,2,40,Санкт-Петербург,Москва
2007-10-02,2007-10-09,2,20,Владивосток,Санкт-Петербург
2007-10-02,2007-10-09,3,40,Санкт-Петербург,Владивосток
2007-10-03,2007-10-10,3,20,Москва,Санкт-Петербург
2007-10-03,2007-10-08,5,20,Москва,Владивосток
2007-10-03,2007-10-10,6,40,Санкт-Петербург,Москва
2007-10-03,2007-10-05,3,40,Владивосток,Москва
2007-10-04,2007-10-09,3,20,Санкт-Петербург,Москва
2007-10-04,2007-10-08,3,40,Санкт-Петербург,Москва
2007-10-04,2007-10-09,4,40,Владивосток,Москва
2007-10-04,2007-10-10,5,20,Владивосток,Москва
2007-10-05,2007-10-09,5,20,Москва,Владивосток
2007-10-05,2007-10-09,3,20,Санкт-Петербург,Москва
2007-10-05,2007-10-11,5,20,Санкт-Петербург,Москва
2007-10-06,2007-10-12,2,20,Санкт-Петербург,Владивосток
2007-10-06,2007-10-10,3,40,Москва,Санкт-Петербург
2007-10-06,2007-10-11,6,40,Владивосток,Москва
2007-10-06,2007-10-12,2,40,Москва,Владивосток
2007-10-07,2007-10-09,4,20,Владивосток,Санкт-Петербург
2007-10-07,2007-10-11,3,20,Санкт-Петербург,Владивосток
2007-10-08,2007-10-13,6,40,Санкт-Петербург,Москва
2007-10-08,2007-10-13,3,20,Санкт-Петербург,Москва
2007-10-08,2007-10-11,3,40,Владивосток,Москва
2007-10-09,2007-10-12,6,40,Владивосток,Санкт-Петербург
2007-10-09,2007-10-15,6,20,Владивосток,Санкт-Петербург
2007-10-09,2007-10-14,2,20,Москва,Владивосток
2007-10-09,2007-10-10,6,40,Владивосток,Москва
2007-10-10,2007-10-12,5,20,Санкт-Петербург,Владивосток
2007-10-10,2007-10-17,3,40,Москва,Санкт-Петербург
2007-10-10,2007-10-13,4,20,Владивосток,Москва
2007-10-10,2007-10-16,3,20,Владивосток,Москва
2007-10-11,2007-10-12,3,40,Москва,Санкт-Петербург
2007-10-11,2007-10-18,6,20,Владивосток,Санкт-Петербург
2007-10-11,2007-10-17,3,20,Владивосток,Москва
2007-10-11,2007-10-14,4,40,Санкт-Петербург,Москва
2007-10-11,2007-10-18,4,40,Москва,Владивосток
2007-10-12,2007-10-19,5,20,Москва,Владивосток
2007-10-12,2007-10-16,2,20,Москва,Санкт-Петербург
2007-10-13,2007-10-20,2,40,Санкт-Петербург,Москва
2007-10-14,2007-10-18,4,40,Санкт-Петербург,Москва
2007-10-14,2007-10-17,4,20,Владивосток,Москва
2007-10-14,2007-10-16,6,20,Москва,Владивосток
2007-10-14,2007-10-18,5,40,Москва,Санкт-Петербург
2007-10-14,2007-10-15,2,20,Санкт-Петербург,Москва
2007-10-15,2007-10-19,4,20,Владивосток,Москва
2007-10-15,2007-10-21,3,40,Москва,Владивосток
2007-10-15,2007-10-19,5,20,Владивосток,Москва
2007-10-15,2007-10-20,5,20,Москва,Владивосток
2007-10-15,2007-10-18,3,20,Москва,Владивосток
2007-10-15,2007-10-17,3,40,Москва,Санкт-Петербург
2007-10-15,2007-10-21,3,40,Санкт-Петербург,Москва
2007-10-16,2007-10-19,4,40,Москва,Санкт-Петербург
2007-10-17,2007-10-24,5,40,Санкт-Петербург,Москва
2007-10-17,2007-10-22,6,20,Москва,Санкт-Петербург
2007-10-17,2007-10-21,3,20,Москва,Санкт-Петербург
2007-10-18,2007-10-21,5,20,Санкт-Петербург,Владивосток
2007-10-18,2007-10-23,5,40,Москва,Владивосток
2007-10-18,2007-10-19,2,40,Владивосток,Санкт-Петербург
2007-10-19,2007-10-21,3,20,Москва,Владивосток
2007-10-19,2007-10-22,2,20,Москва,Санкт-Петербург
2007-10-19,2007-10-24,3,20,Владивосток,Москва
2007-10-19,2007-10-20,6,20,Владивосток,Москва
2007-10-20,2007-10-22,4,40,Владивосток,Москва
2007-10-20,2007-10-27,4,40,Санкт-Петербург,Владивосток
2007-10-20,2007-10-21,3,20,Москва,Санкт-Петербург
2007-10-21,2007-10-25,4,20,Москва,Владивосток
2007-10-21,2007-10-23,6,40,Владивосток,Москва
2007-10-22,2007-10-25,5,20,Санкт-Петербург,Владивосток
2007-10-23,2007-10-24,6,40,Москва,Санкт-Петербург
2007-10-23,2007-10-25,4,20,Москва,Владивосток
2007-10-24,2007-10-28,6,20,Москва,Санкт-Петербург
2007-10-24,2007-10-28,5,40,Санкт-Петербург,Владивосток
2007-10-25,2007-10-27,5,40,Москва,Владивосток
2007-10-25,2007-10-29,5,20,Москва,Санкт-Петербург
2007-10-25,2007-10-29,2,40,Владивосток,Санкт-Петербург
2007-10-26,2007-11-01,2,40,Москва,Владивосток
2007-10-26,2007-10-31,3,40,Москва,Владивосток
2007-10-26,2007-10-29,5,40,Санкт-Петербург,Владивосток
2007-10-26,2007-10-30,3,20,Санкт-Петербург,Владивосток
2007-10-26,2007-11-02,2,40,Москва,Владивосток
2007-10-26,2007-11-02,2,20,Москва,Санкт-Петербург
2007-10-28,2007-11-03,2,40,Владивосток,Москва
2007-10-28,2007-11-04,6,20,Владивосток,Санкт-Петербург
2007-10-28,2007-10-30,5,20,Москва,Владивосток
2007-10-29,2007-10-30,4,20,Санкт-Петербург,Владивосток
2007-10-29,2007-11-04,2,20,Санкт-Петербург,Москва
2007-10-29,2007-11-03,5,20,Москва,Владивосток
2007-10-30,2007-11-04,3,40,Санкт-Петербург,Владивосток
2007-10-30,2007-11-05,6,20,Владивосток,Москва
2007-10-30,2007-11-02,3,40,Москва,Санкт-Петербург
2007-10-30,2007-11-01,6,40,Владивосток,Москва
2007-10-31,2007-11-07,3,40,Владивосток,Санкт-Петербург
2007-10-31,2007-11-03,2,40,Москва,Санкт-Петербург
2007-11-01,2007-11-04,1,40,Санкт-Петербург,Владивосток
2007-11-01,2007-11-06,1,20,Москва,Санкт-Петербург
2007-11-01,2007-11-05,2,20,Владивосток,Москва
2007-11-03,2007-11-05,1,20,Москва,Санкт-Петербург
2007-11-03,2007-11-06,5,40,Владивосток,Москва
2007-11-03,2007-11-05,2,20,Москва,Санкт-Петербург
2007-11-03,2007-11-10,1,40,Санкт-Петербург,Москва
2007-11-03,2007-11-08,5,40,Москва,Санкт-Петербург
2007-11-03,2007-11-06,1,20,Владивосток,Санкт-Петербург
2007-11-04,2007-11-11,5,40,Санкт-Петербург,Москва
2007-11-04,2007-11-07,1,40,Владивосток,Москва
2007-11-04,2007-11-05,3,40,Санкт-Петербург,Владивосток
2007-11-04,2007-11-08,3,20,Москва,Санкт-Петербург
2007-11-04,2007-11-06,3,20,Санкт-Петербург,Владивосток
2007-11-05,2007-11-10,2,40,Владивосток,Санкт-Петербург
2007-11-05,2007-11-11,2,40,Москва,Владивосток
2007-11-06,2007-11-13,5,40,Москва,Владивосток
2007-11-06,2007-11-12,2,40,Санкт-Петербург,Владивосток
2007-11-06,2007-11-11,1,40,Москва,Владивосток
2007-11-06,2007-11-12,1,40,Санкт-Петербург,Москва
2007-11-07,2007-11-11,5,20,Санкт-Петербург,Москва
2007-11-07,2007-11-08,2,20,Москва,Владивосток
2007-11-07,2007-11-10,2,20,Москва,Санкт-Петербург
2007-11-07,2007-11-11,4,20,Владивосток,Санкт-Петербург
2007-11-09,2007-11-13,1,20,Москва,Санкт-Петербург
2007-11-09,2007-11-14,2,40,Москва,Владивосток
2007-11-09,2007-11-13,3,40,Москва,Владивосток
2007-11-10,2007-11-14,5,40,Санкт-Петербург,Владивосток
2007-11-10,2007-11-14,3,40,Владивосток,Москва
2007-11-10,2007-11-11,2,20,Москва,Владивосток
2007-11-11,2007-11-16,1,40,Москва,Владивосток
2007-11-12,2007-11-16,5,20,Владивосток,Санкт-Петербург
2007-11-13,2007-11-14,1,20,Владивосток,Москва
2007-11-13,2007-11-20,3,40,Москва,Владивосток
2007-11-13,2007-11-18,4,20,Владивосток,Москва
2007-11-14,2007-11-16,3,40,Санкт-Петербург,Владивосток
2007-11-14,2007-11-18,3,20,Санкт-Петербург,Москва
2007-11-14,2007-11-18,5,20,Владивосток,Москва
2007-11-15,2007-11-22,3,20,Москва,Владивосток
2007-11-15,2007-11-17,5,40,Москва,Владивосток
2007-11-15,2007-11-21,4,20,Москва,Владивосток
2007-11-16,2007-11-19,3,40,Москва,Владивосток
2007-11-16,2007-11-22,4,40,Владивосток,Москва
2007-11-17,2007-11-21,3,40,Санкт-Петербург,Владивосток
2007-11-17,2007-11-19,5,40,Владивосток,Москва
2007-11-17,2007-11-23,2,40,Москва,Санкт-Петербург
2007-11-17,2007-11-19,2,40,Владивосток,Санкт-Петербург
2007-11-17,2007-11-20,5,40,Москва,Санкт-Петербург
2007-11-18,2007-11-21,4,40,Москва,Санкт-Петербург
2007-11-18,2007-11-25,4,40,Владивосток,Санкт-Петербург
2007-11-18,2007-11-23,4,40,Владивосток,Москва
2007-11-18,2007-11-23,4,40,Санкт-Петербург,Москва
2007-11-19,2007-11-26,3,40,Москва,Владивосток
2007-11-19,2007-11-26,1,40,Москва,Санкт-Петербург
2007-11-20,2007-11-24,4,20,Владивосток,Москва
2007-11-20,2007-11-27,1,40,Москва,Владивосток
2007-11-20,2007-11-23,5,20,Санкт-Петербург,Москва
2007-11-20,2007-11-21,4,40,Владивосток,Санкт-Петербург
2007-11-21,2007-11-27,4,20,Москва,Санкт-Петербург
2007-11-21,2007-11-23,4,40,Владивосток,Москва
2007-11-22,2007-11-25,1,40,Санкт-Петербург,Москва
2007-11-22,2007-11-25,5,40,Москва,Владивосток
2007-11-22,2007-11-29,1,40,Владивосток,Москва
2007-11-24,2007-11-29,3,20,Москва,Владивосток
2007-11-24,2007-11-28,4,20,Санкт-Петербург,Владивосток
2007-11-25,2007-12-02,4,20,Владивосток,Санкт-Петербург
2007-11-25,2007-12-01,5,40,Санкт-Петербург,Москва
2007-11-25,2007-11-29,4,20,Москва,Владивосток
2007-11-25,2007-11-28,4,20,Москва,Санкт-Петербург
2007-11-25,2007-11-27,2,40,Владивосток,Санкт-Петербург
2007-11-25,2007-12-01,4,40,Владивосток,Санкт-Петербург
2007-11-26,2007-11-30,1,40,Санкт-Петербург,Москва
2007-11-26,2007-12-01,1,20,Москва,Владивосток
2007-11-26,2007-11-28,3,20,Владивосток,Санкт-Петербург
2007-11-27,2007-12-04,5,20,Владивосток,Москва
2007-11-27,2007-12-04,3,40,Владивосток,Санкт-Петербург
2007-11-27,2007-11-29,1,20,Владивосток,Санкт-Петербург
2007-11-27,2007-12-02,1,20,Санкт-Петербург,Москва
2007-11-28,2007-11-30,1,20,Владивосток,Москва
2007-11-28,2007-12-05,5,40,Москва,Владивосток
2007-11-28,2007-12-05,2,40,Санкт-Петербург,Москва
2007-11-29,2007-12-03,1,40,Москва,Санкт-Петербург
2007-11-30,2007-12-01,1,40,Москва,Санкт-Петербург
2007-11-30,2007-12-04,2,40,Владивосток,Санкт-Петербург
2007-12-01,2007-12-07,4,20,Москва,Санкт-Петербург
2007-12-01,2007-12-08,2,20,Москва,Владивосток
2007-12-02,2007-12-05,3,20,Москва,Владивосток
2007-12-03,2007-12-10,2,20,Владивосток,Москва
2007-12-03,2007-12-07,1,20,Москва,Санкт-Петербург
2007-12-04,2007-12-11,3,40,Санкт-Петербург,Москва
2007-12-04,2007-12-11,3,40,Санкт-Петербург,Москва
2007-12-05,2007-12-08,3,40,Санкт-Петербург,Владивосток
2007-12-05,2007-12-06,3,20,Москва,Владивосток
2007-12-05,2007-12-10,3,40,Санкт-Петербург,Москва
2007-12-05,2007-12-08,5,20,Владивосток,Москва
2007-12-06,2007-12-09,2,40,Москва,Санкт-Петербург
2007-12-06,2007-12-13,1,20,Санкт-Петербург,Владивосток
2007-12-06,2007-12-12,4,40,Владивосток,Москва
2007-12-07,2007-12-09,4,40,Владивосток,Санкт-Петербург
2007-12-07,2007-12-10,1,40,Санкт-Петербург,Владивосток
2007-12-08,2007-12-09,4,40,Владивосток,Санкт-Петербург
2007-12-08,2007-12-14,2,20,Москва,Санкт-Петербург
2007-12-09,2007-12-13,3,40,Владивосток,Санкт-Петербург
2007-12-09,2007-12-15,4,40,Санкт-Петербург,Владивосток
2007-12-09,2007-12-12,3,40,Санкт-Петербург,Москва
2007-12-10,2007-12-14,3,40,Санкт-Петербург,Владивосток
2007-12-12,2007-12-19,5,40,Москва,Владивосток
2007-12-13,2007-12-16,3,40,Владивосток,Санкт-Петербург
2007-12-13,2007-12-18,1,40,Владивосток,Москва
2007-12-13,2007-12-16,5,40,Москва,Санкт-Петербург
2007-12-13,2007-12-20,3,40,Москва,Санкт-Петербург
2007-12-14,2007-12-21,3,40,Санкт-Петербург,Москва
2007-12-14,2007-12-19,2,20,Владивосток,Санкт-Петербург
2007-12-15,2007-12-22,2,20,Санкт-Петербург,Москва
2007-12-15,2007-12-22,2,20,Санкт-Петербург,Москва
2007-12-15,2007-12-19,1,40,Москва,Владивосток
2007-12-15,2007-12-19,2,20,Владивосток,Санкт-Петербург
2007-12-16,2007-12-18,2,40,Москва,Санкт-Петербург
2007-12-16,2007-12-21,2,20,Москва,Владивосток
2007-12-16,2007-12-22,4,20,Владивосток,Москва
2007-12-16,2007-12-21,1,40,Санкт-Петербург,Москва
2007-12-17,2007-12-18,5,20,Москва,Санкт-Петербург
2007-12-17,2007-12-21,4,20,Санкт-Петербург,Москва
2007-12-18,2007-12-20,3,20,Москва,Владивосток
2007-12-18,2007-12-22,3,20,Москва,Санкт-Петербург
2007-12-19,2007-12-26,1,40,Владивосток,Санкт-Петербург
2007-12-19,2007-12-26,1,40,Москва,Владивосток
2007-12-20,2007-12-22,4,20,Владивосток,Москва
2007-12-20,2007-12-27,2,40,Москва,Санкт-Петербург
2007-12-20,2007-12-23,5,40,Владивосток,Санкт-Петербург
2007-12-20,2007-12-21,1,40,Владивосток,Санкт-Петербург
2007-12-20,2007-12-22,2,20,Санкт-Петербург,Владивосток
2007-12-21,2007-12-28,5,40,Москва,Владивосток
2007-12-21,2007-12-27,1,20,Владивосток,Санкт-Петербург
2007-12-21,2007-12-22,1,20,Москва,Владивосток
2007-12-23,2007-12-28,4,40,Москва,Владивосток
2007-12-23,2007-12-27,4,40,Санкт-Петербург,Владивосток
2007-12-23,2007-12-29,4,40,Москва,Владивосток
2007-12-24,2007-12-27,4,20,Санкт-Петербург,Владивосток
2007-12-25,2008-01-01,4,20,Москва,Владивосток
2007-12-26,2007-12-29,4,20,Владивосток,Санкт-Петербург
2007-12-26,2008-01-02,4,20,Санкт-Петербург,Владивосток
2007-12-27,2007-12-28,3,40,Москва,Санкт-Петербург
2007-12-28,2007-12-29,5,20,Владивосток,Москва
2007-12-28,2008-01-01,5,40,Санкт-Петербург,Владивосток
2007-12-28,2007-12-29,1,20,Санкт-Петербург,Москва
2007-12-29,2008-01-03,4,40,Санкт-Петербург,Владивосток
2007-12-29,2008-01-04,1,40,Владивосток,Москва
2007-12-29,2007-12-30,5,40,Санкт-Петербург,Владивосток
2007-12-29,2008-01-03,2,20,Владивосток,Москва
2007-12-29,2008-01-01,3,40,Москва,Владивосток
2007-12-29,2008-01-04,1,20,Владивосток,Москва
2007-12-30,2008-01-04,3,40,Владивосток,Санкт-Петербург
2007-12-30,2008-01-05,1,40,Москва,Владивосток
2007-12-30,2008-01-03,4,20,Москва,Санкт-Петербург
2007-12-31,2008-01-06,3,40,Санкт-Петербург,Москва
